Added transfers count : 4069
Inferred transfers (merge type, ignore transfers with 0 weight) count: 534

3446 taint related inferred transfers: 
469 taint related inferred transfers (merge type, ignore transfers with 0 weight): 
InferredTransfer{ <org.springframework.core.convert.support.ArrayToArrayConverter: java.lang.Object convert(java.lang.Object,org.springframework.core.convert.TypeDescriptor,org.springframework.core.convert.TypeDescriptor)>: base -> result(org.springframework.core.convert.support.StringToLocaleConverter[]) }
InferredTransfer{ <org.springframework.core.convert.TypeDescriptor: org.springframework.core.convert.TypeDescriptor narrow(java.lang.Object,org.springframework.core.convert.TypeDescriptor)>: base -> result(org.springframework.core.convert.TypeDescriptor) }
InferredTransfer{ <org.springframework.core.convert.support.StreamConverter: java.lang.Object convert(java.lang.Object,org.springframework.core.convert.TypeDescriptor,org.springframework.core.convert.TypeDescriptor)>: 1 -> result(sun.security.jca.ServiceId[]) }
InferredTransfer{ <org.springframework.core.convert.support.StringToArrayConverter: java.lang.Object convert(java.lang.Object,org.springframework.core.convert.TypeDescriptor,org.springframework.core.convert.TypeDescriptor)>: base -> result(org.springframework.core.convert.support.PropertiesToStringConverter[]) }
InferredTransfer{ <org.springframework.core.convert.support.ByteBufferConverter: java.lang.Object convert(java.lang.Object,org.springframework.core.convert.TypeDescriptor,org.springframework.core.convert.TypeDescriptor)>: 2 -> result(org.springframework.core.convert.support.StringToCharsetConverter[]) }
InferredTransfer{ <org.springframework.core.convert.support.ArrayToObjectConverter: java.lang.Object convert(java.lang.Object,org.springframework.core.convert.TypeDescriptor,org.springframework.core.convert.TypeDescriptor)>: 2 -> result(java.math.BigInteger) }
InferredTransfer{ <org.springframework.core.convert.support.MapToMapConverter: java.lang.Object convertKey(java.lang.Object,org.springframework.core.convert.TypeDescriptor,org.springframework.core.convert.TypeDescriptor)>: 2 -> result(java.util.TreeSet[]) }
InferredTransfer{ <org.springframework.core.convert.support.ByteBufferConverter: java.lang.Object convert(java.lang.Object,org.springframework.core.convert.TypeDescriptor,org.springframework.core.convert.TypeDescriptor)>: 1 -> result(org.springframework.core.convert.support.StringToCharsetConverter[]) }
InferredTransfer{ <org.springframework.core.convert.support.StreamConverter: java.lang.Object convert(java.lang.Object,org.springframework.core.convert.TypeDescriptor,org.springframework.core.convert.TypeDescriptor)>: 0 -> result(sun.security.jca.ServiceId[]) }
InferredTransfer{ <org.springframework.core.convert.support.MapToMapConverter: java.lang.Object convertKey(java.lang.Object,org.springframework.core.convert.TypeDescriptor,org.springframework.core.convert.TypeDescriptor)>: 1 -> result(java.util.TreeSet[]) }
InferredTransfer{ <org.springframework.core.convert.support.ByteBufferConverter: java.lang.Object convert(java.lang.Object,org.springframework.core.convert.TypeDescriptor,org.springframework.core.convert.TypeDescriptor)>: 0 -> result(org.springframework.core.convert.support.StringToCharsetConverter[]) }
InferredTransfer{ <org.springframework.core.convert.support.StreamConverter: java.lang.Object convert(java.lang.Object,org.springframework.core.convert.TypeDescriptor,org.springframework.core.convert.TypeDescriptor)>: base -> result(sun.security.jca.ServiceId[]) }
InferredTransfer{ <org.springframework.core.convert.support.ArrayToObjectConverter: java.lang.Object convert(java.lang.Object,org.springframework.core.convert.TypeDescriptor,org.springframework.core.convert.TypeDescriptor)>: 0 -> result(java.math.BigInteger) }
InferredTransfer{ <org.springframework.core.convert.support.ByteBufferConverter: java.lang.Object convertFromByteBuffer(java.nio.ByteBuffer,org.springframework.core.convert.TypeDescriptor)>: 1 -> result(java.math.BigDecimal) }
InferredTransfer{ <org.springframework.core.env.AbstractEnvironment: java.lang.String resolvePlaceholders(java.lang.String)>: 0 -> result(java.lang.String) }
InferredTransfer{ <org.springframework.core.convert.support.ByteBufferConverter: java.lang.Object convert(java.lang.Object,org.springframework.core.convert.TypeDescriptor,org.springframework.core.convert.TypeDescriptor)>: base -> result(org.springframework.core.convert.support.StringToCharsetConverter[]) }
InferredTransfer{ <org.springframework.core.convert.support.ArrayToObjectConverter: java.lang.Object convert(java.lang.Object,org.springframework.core.convert.TypeDescriptor,org.springframework.core.convert.TypeDescriptor)>: base -> result(java.math.BigInteger) }
InferredTransfer{ <org.springframework.core.convert.support.MapToMapConverter: java.lang.Object convertKey(java.lang.Object,org.springframework.core.convert.TypeDescriptor,org.springframework.core.convert.TypeDescriptor)>: base -> result(java.util.TreeSet[]) }
InferredTransfer{ <org.springframework.core.env.AbstractEnvironment: java.lang.String resolvePlaceholders(java.lang.String)>: base -> result(java.lang.String) }
InferredTransfer{ <org.springframework.core.convert.support.ByteBufferConverter: java.lang.Object convertFromByteBuffer(java.nio.ByteBuffer,org.springframework.core.convert.TypeDescriptor)>: base -> result(java.math.BigDecimal) }
InferredTransfer{ <org.springframework.core.convert.support.ByteBufferConverter: java.lang.Object convert(java.lang.Object,org.springframework.core.convert.TypeDescriptor,org.springframework.core.convert.TypeDescriptor)>: 0 -> result(java.io.Closeable[]) }
InferredTransfer{ <org.springframework.util.NumberUtils: java.lang.Number parseNumber(java.lang.String,java.lang.Class)>: 0 -> result(java.math.BigDecimal) }
InferredTransfer{ <org.springframework.core.convert.support.StreamConverter: java.lang.Object convert(java.lang.Object,org.springframework.core.convert.TypeDescriptor,org.springframework.core.convert.TypeDescriptor)>: 0 -> result(java.nio.ByteBuffer[]) }
InferredTransfer{ <org.springframework.core.convert.support.CollectionToArrayConverter: java.lang.Object convert(java.lang.Object,org.springframework.core.convert.TypeDescriptor,org.springframework.core.convert.TypeDescriptor)>: 0 -> result(short[][]) }
InferredTransfer{ <org.springframework.core.convert.support.ArrayToArrayConverter: java.lang.Object convert(java.lang.Object,org.springframework.core.convert.TypeDescriptor,org.springframework.core.convert.TypeDescriptor)>: 0 -> result(short[][]) }
InferredTransfer{ <org.springframework.core.convert.support.ArrayToObjectConverter: java.lang.Object convert(java.lang.Object,org.springframework.core.convert.TypeDescriptor,org.springframework.core.convert.TypeDescriptor)>: 2 -> result(java.util.TreeSet[]) }
InferredTransfer{ <org.springframework.core.convert.support.StreamConverter: java.lang.Object convert(java.lang.Object,org.springframework.core.convert.TypeDescriptor,org.springframework.core.convert.TypeDescriptor)>: base -> result(java.nio.ByteBuffer[]) }
InferredTransfer{ <org.springframework.core.convert.support.ConversionUtils: java.lang.Object invokeConverter(org.springframework.core.convert.converter.GenericConverter,java.lang.Object,org.springframework.core.convert.TypeDescriptor,org.springframework.core.convert.TypeDescriptor)>: 3 -> result(java.util.TreeMap[]) }
InferredTransfer{ <org.springframework.core.convert.support.ArrayToStringConverter: java.lang.Object convert(java.lang.Object,org.springframework.core.convert.TypeDescriptor,org.springframework.core.convert.TypeDescriptor)>: 2 -> base(org.springframework.core.convert.support.ArrayToStringConverter) }
InferredTransfer{ <org.springframework.core.convert.support.StringToCharsetConverter: java.lang.Object convert(java.lang.Object)>: 0 -> base(org.springframework.core.convert.support.StringToCharsetConverter) }
InferredTransfer{ <org.springframework.core.convert.support.ArrayToObjectConverter: java.lang.Object convert(java.lang.Object,org.springframework.core.convert.TypeDescriptor,org.springframework.core.convert.TypeDescriptor)>: 1 -> result(java.util.TreeSet[]) }
InferredTransfer{ <org.springframework.core.convert.support.ConversionUtils: java.lang.Object invokeConverter(org.springframework.core.convert.converter.GenericConverter,java.lang.Object,org.springframework.core.convert.TypeDescriptor,org.springframework.core.convert.TypeDescriptor)>: 2 -> result(java.util.TreeMap[]) }
InferredTransfer{ <org.springframework.core.convert.support.ArrayToStringConverter: java.lang.Object convert(java.lang.Object,org.springframework.core.convert.TypeDescriptor,org.springframework.core.convert.TypeDescriptor)>: 1 -> base(org.springframework.core.convert.support.ArrayToStringConverter) }
InferredTransfer{ <org.springframework.core.convert.support.ArrayToObjectConverter: java.lang.Object convert(java.lang.Object,org.springframework.core.convert.TypeDescriptor,org.springframework.core.convert.TypeDescriptor)>: 0 -> result(java.util.TreeSet[]) }
InferredTransfer{ <org.springframework.core.convert.support.ConversionUtils: java.lang.Object invokeConverter(org.springframework.core.convert.converter.GenericConverter,java.lang.Object,org.springframework.core.convert.TypeDescriptor,org.springframework.core.convert.TypeDescriptor)>: 1 -> result(java.util.TreeMap[]) }
InferredTransfer{ <org.springframework.core.convert.support.StreamConverter: java.lang.Object convert(java.lang.Object,org.springframework.core.convert.TypeDescriptor,org.springframework.core.convert.TypeDescriptor)>: 0 -> result(java.lang.Double[]) }
InferredTransfer{ <org.springframework.core.convert.support.ArrayToStringConverter: java.lang.Object convert(java.lang.Object,org.springframework.core.convert.TypeDescriptor,org.springframework.core.convert.TypeDescriptor)>: 0 -> base(org.springframework.core.convert.support.ArrayToStringConverter) }
InferredTransfer{ <java.lang.String: java.lang.String trim()>: base -> result(java.lang.String) }
InferredTransfer{ <org.springframework.core.convert.support.ConversionUtils: java.lang.Object invokeConverter(org.springframework.core.convert.converter.GenericConverter,java.lang.Object,org.springframework.core.convert.TypeDescriptor,org.springframework.core.convert.TypeDescriptor)>: 3 -> result(java.lang.AutoCloseable[]) }
InferredTransfer{ <org.springframework.core.convert.support.ArrayToObjectConverter: java.lang.Object convert(java.lang.Object,org.springframework.core.convert.TypeDescriptor,org.springframework.core.convert.TypeDescriptor)>: base -> result(java.util.TreeSet[]) }
InferredTransfer{ <org.springframework.util.NumberUtils: java.lang.Number convertNumberToTargetClass(java.lang.Number,java.lang.Class)>: 1 -> result(java.lang.Short) }
InferredTransfer{ <org.springframework.core.convert.support.ConversionUtils: java.lang.Object invokeConverter(org.springframework.core.convert.converter.GenericConverter,java.lang.Object,org.springframework.core.convert.TypeDescriptor,org.springframework.core.convert.TypeDescriptor)>: 0 -> result(java.util.TreeMap[]) }
InferredTransfer{ <org.springframework.core.convert.support.MapToMapConverter: java.lang.Object convertValue(java.lang.Object,org.springframework.core.convert.TypeDescriptor,org.springframework.core.convert.TypeDescriptor)>: 2 -> result(java.util.UUID[]) }
InferredTransfer{ <org.springframework.core.convert.support.CollectionToObjectConverter: java.lang.Object convert(java.lang.Object,org.springframework.core.convert.TypeDescriptor,org.springframework.core.convert.TypeDescriptor)>: 2 -> result(java.util.TreeSet[]) }
InferredTransfer{ <org.springframework.mock.web.MockHttpServletRequest: java.lang.String getContextPath()>: base -> result(java.lang.String) }
InferredTransfer{ <org.springframework.core.convert.support.StringToArrayConverter: java.lang.Object convert(java.lang.Object,org.springframework.core.convert.TypeDescriptor,org.springframework.core.convert.TypeDescriptor)>: 2 -> result(java.util.ArrayList[]) }
InferredTransfer{ <org.springframework.core.convert.support.ConversionUtils: java.lang.Object invokeConverter(org.springframework.core.convert.converter.GenericConverter,java.lang.Object,org.springframework.core.convert.TypeDescriptor,org.springframework.core.convert.TypeDescriptor)>: 2 -> result(java.lang.AutoCloseable[]) }
InferredTransfer{ <org.springframework.core.convert.support.CollectionToObjectConverter: java.lang.Object convert(java.lang.Object,org.springframework.core.convert.TypeDescriptor,org.springframework.core.convert.TypeDescriptor)>: 1 -> result(java.util.TreeSet[]) }
InferredTransfer{ <org.springframework.core.convert.support.MapToMapConverter: java.lang.Object convertValue(java.lang.Object,org.springframework.core.convert.TypeDescriptor,org.springframework.core.convert.TypeDescriptor)>: 1 -> result(java.util.UUID[]) }
InferredTransfer{ <org.springframework.core.convert.support.CollectionToObjectConverter: java.lang.Object convert(java.lang.Object,org.springframework.core.convert.TypeDescriptor,org.springframework.core.convert.TypeDescriptor)>: 2 -> result(java.util.UUID) }
InferredTransfer{ <org.springframework.core.convert.support.StringToArrayConverter: java.lang.Object convert(java.lang.Object,org.springframework.core.convert.TypeDescriptor,org.springframework.core.convert.TypeDescriptor)>: 1 -> result(java.util.ArrayList[]) }
InferredTransfer{ <org.springframework.core.convert.support.ConversionUtils: java.lang.Object invokeConverter(org.springframework.core.convert.converter.GenericConverter,java.lang.Object,org.springframework.core.convert.TypeDescriptor,org.springframework.core.convert.TypeDescriptor)>: 1 -> result(java.lang.AutoCloseable[]) }
InferredTransfer{ <org.springframework.core.convert.support.ArrayToObjectConverter: java.lang.Object convert(java.lang.Object,org.springframework.core.convert.TypeDescriptor,org.springframework.core.convert.TypeDescriptor)>: 2 -> result(java.util.SortedSet[]) }
InferredTransfer{ <org.springframework.core.convert.support.CollectionToObjectConverter: java.lang.Object convert(java.lang.Object,org.springframework.core.convert.TypeDescriptor,org.springframework.core.convert.TypeDescriptor)>: 0 -> result(java.util.TreeSet[]) }
InferredTransfer{ <org.springframework.core.convert.support.ArrayToObjectConverter: java.lang.Object convert(java.lang.Object,org.springframework.core.convert.TypeDescriptor,org.springframework.core.convert.TypeDescriptor)>: 2 -> result(org.springframework.core.convert.support.NumberToCharacterConverter[]) }
InferredTransfer{ <org.springframework.core.convert.support.StringToArrayConverter: java.lang.Object convert(java.lang.Object,org.springframework.core.convert.TypeDescriptor,org.springframework.core.convert.TypeDescriptor)>: 0 -> result(java.util.ArrayList[]) }
InferredTransfer{ <org.springframework.core.convert.support.ConversionUtils: java.lang.Object invokeConverter(org.springframework.core.convert.converter.GenericConverter,java.lang.Object,org.springframework.core.convert.TypeDescriptor,org.springframework.core.convert.TypeDescriptor)>: 0 -> result(java.lang.AutoCloseable[]) }
InferredTransfer{ <org.springframework.core.convert.support.CollectionToObjectConverter: java.lang.Object convert(java.lang.Object,org.springframework.core.convert.TypeDescriptor,org.springframework.core.convert.TypeDescriptor)>: 1 -> result(java.util.UUID) }
InferredTransfer{ <org.springframework.core.convert.support.ArrayToObjectConverter: java.lang.Object convert(java.lang.Object,org.springframework.core.convert.TypeDescriptor,org.springframework.core.convert.TypeDescriptor)>: 1 -> result(org.springframework.core.convert.support.NumberToCharacterConverter[]) }
InferredTransfer{ <org.springframework.core.convert.support.MapToMapConverter: java.lang.Object convertValue(java.lang.Object,org.springframework.core.convert.TypeDescriptor,org.springframework.core.convert.TypeDescriptor)>: base -> result(java.util.UUID[]) }
InferredTransfer{ <org.springframework.core.convert.support.CollectionToObjectConverter: java.lang.Object convert(java.lang.Object,org.springframework.core.convert.TypeDescriptor,org.springframework.core.convert.TypeDescriptor)>: base -> result(java.util.TreeSet[]) }
InferredTransfer{ <org.springframework.core.convert.support.StringToArrayConverter: java.lang.Object convert(java.lang.Object,org.springframework.core.convert.TypeDescriptor,org.springframework.core.convert.TypeDescriptor)>: base -> result(java.util.ArrayList[]) }
InferredTransfer{ <org.springframework.util.StringUtils: java.lang.String trimAllWhitespace(java.lang.String)>: 0 -> result(java.lang.String) }
InferredTransfer{ <org.springframework.core.convert.support.CollectionToObjectConverter: java.lang.Object convert(java.lang.Object,org.springframework.core.convert.TypeDescriptor,org.springframework.core.convert.TypeDescriptor)>: 0 -> result(java.util.UUID) }
InferredTransfer{ <org.springframework.core.convert.TypeDescriptor: org.springframework.core.convert.TypeDescriptor getElementTypeDescriptor()>: base -> result(org.springframework.core.convert.support.ObjectToOptionalConverter$GenericTypeDescriptor) }
InferredTransfer{ <org.springframework.core.convert.support.ArrayToObjectConverter: java.lang.Object convert(java.lang.Object,org.springframework.core.convert.TypeDescriptor,org.springframework.core.convert.TypeDescriptor)>: 0 -> result(java.util.SortedSet[]) }
InferredTransfer{ <org.springframework.core.convert.support.MapToMapConverter: java.lang.Object convertValue(java.lang.Object,org.springframework.core.convert.TypeDescriptor,org.springframework.core.convert.TypeDescriptor)>: 2 -> result(java.lang.String) }
InferredTransfer{ <org.springframework.core.convert.support.CollectionToObjectConverter: java.lang.Object convert(java.lang.Object,org.springframework.core.convert.TypeDescriptor,org.springframework.core.convert.TypeDescriptor)>: base -> result(java.util.UUID) }
InferredTransfer{ <org.springframework.core.convert.support.ArrayToObjectConverter: java.lang.Object convert(java.lang.Object,org.springframework.core.convert.TypeDescriptor,org.springframework.core.convert.TypeDescriptor)>: 0 -> result(org.springframework.core.convert.support.NumberToCharacterConverter[]) }
InferredTransfer{ <org.springframework.core.convert.support.ArrayToObjectConverter: java.lang.Object convert(java.lang.Object,org.springframework.core.convert.TypeDescriptor,org.springframework.core.convert.TypeDescriptor)>: base -> result(org.springframework.core.convert.support.NumberToCharacterConverter[]) }
InferredTransfer{ <org.springframework.core.convert.support.MapToMapConverter: java.lang.Object convertValue(java.lang.Object,org.springframework.core.convert.TypeDescriptor,org.springframework.core.convert.TypeDescriptor)>: 1 -> result(java.lang.String) }
InferredTransfer{ <org.springframework.core.convert.TypeDescriptor: boolean annotationsMatch(org.springframework.core.convert.TypeDescriptor)>: 0 -> base(org.springframework.core.convert.TypeDescriptor) }
InferredTransfer{ <org.springframework.core.convert.support.CollectionToObjectConverter: java.lang.Object convert(java.lang.Object,org.springframework.core.convert.TypeDescriptor,org.springframework.core.convert.TypeDescriptor)>: 0 -> result(java.util.List[]) }
InferredTransfer{ <org.springframework.core.convert.support.ArrayToObjectConverter: java.lang.Object convert(java.lang.Object,org.springframework.core.convert.TypeDescriptor,org.springframework.core.convert.TypeDescriptor)>: base -> result(java.util.SortedSet[]) }
InferredTransfer{ <org.springframework.core.convert.support.ByteBufferConverter: java.lang.Object convert(java.lang.Object,org.springframework.core.convert.TypeDescriptor,org.springframework.core.convert.TypeDescriptor)>: 0 -> result(java.lang.Class[]) }
InferredTransfer{ <org.springframework.core.convert.support.GenericConversionService: java.lang.Object convert(java.lang.Object,org.springframework.core.convert.TypeDescriptor,org.springframework.core.convert.TypeDescriptor)>: 2 -> result(java.util.Locale) }
InferredTransfer{ <org.springframework.core.convert.support.GenericConversionService: java.lang.Object convert(java.lang.Object,org.springframework.core.convert.TypeDescriptor,org.springframework.core.convert.TypeDescriptor)>: 1 -> result(java.util.Locale) }
InferredTransfer{ <org.springframework.core.convert.support.MapToMapConverter: java.lang.Object convertValue(java.lang.Object,org.springframework.core.convert.TypeDescriptor,org.springframework.core.convert.TypeDescriptor)>: base -> result(java.lang.String) }
InferredTransfer{ <org.springframework.core.convert.support.GenericConversionService: java.lang.Object convert(java.lang.Object,org.springframework.core.convert.TypeDescriptor,org.springframework.core.convert.TypeDescriptor)>: 0 -> result(java.util.Locale) }
InferredTransfer{ <org.springframework.core.convert.TypeDescriptor: void <init>(org.springframework.core.ResolvableType,java.lang.Class,java.lang.annotation.Annotation[])>: 0 -> base(org.springframework.core.convert.TypeDescriptor) }
InferredTransfer{ <org.springframework.core.convert.support.ArrayToArrayConverter: java.lang.Object convert(java.lang.Object,org.springframework.core.convert.TypeDescriptor,org.springframework.core.convert.TypeDescriptor)>: 2 -> base(org.springframework.core.convert.support.ArrayToArrayConverter) }
InferredTransfer{ <org.springframework.util.StringUtils: java.lang.String getFilenameExtension(java.lang.String)>: 0 -> result(java.lang.String) }
InferredTransfer{ <org.springframework.core.convert.support.StringToUUIDConverter: java.util.UUID convert(java.lang.String)>: 0 -> result(java.util.UUID) }
InferredTransfer{ <org.springframework.core.convert.support.ArrayToArrayConverter: java.lang.Object convert(java.lang.Object,org.springframework.core.convert.TypeDescriptor,org.springframework.core.convert.TypeDescriptor)>: 1 -> base(org.springframework.core.convert.support.ArrayToArrayConverter) }
InferredTransfer{ <org.springframework.core.convert.support.GenericConversionService: org.springframework.core.convert.converter.GenericConverter getConverter(org.springframework.core.convert.TypeDescriptor,org.springframework.core.convert.TypeDescriptor)>: 1 -> result(org.springframework.core.convert.support.FallbackObjectToStringConverter) }
InferredTransfer{ <org.springframework.core.convert.support.StreamConverter: java.lang.Object convertFromStream(java.util.stream.Stream,org.springframework.core.convert.TypeDescriptor,org.springframework.core.convert.TypeDescriptor)>: 2 -> result(java.util.LinkedHashSet[]) }
InferredTransfer{ <org.springframework.core.convert.support.StringToUUIDConverter: java.util.UUID convert(java.lang.String)>: base -> result(java.util.UUID) }
InferredTransfer{ <org.springframework.core.convert.support.ArrayToArrayConverter: java.lang.Object convert(java.lang.Object,org.springframework.core.convert.TypeDescriptor,org.springframework.core.convert.TypeDescriptor)>: 0 -> base(org.springframework.core.convert.support.ArrayToArrayConverter) }
InferredTransfer{ <org.springframework.core.convert.support.GenericConversionService: org.springframework.core.convert.converter.GenericConverter getConverter(org.springframework.core.convert.TypeDescriptor,org.springframework.core.convert.TypeDescriptor)>: 0 -> result(org.springframework.core.convert.support.FallbackObjectToStringConverter) }
InferredTransfer{ <org.springframework.core.convert.support.ConversionUtils: java.lang.Object invokeConverter(org.springframework.core.convert.converter.GenericConverter,java.lang.Object,org.springframework.core.convert.TypeDescriptor,org.springframework.core.convert.TypeDescriptor)>: 1 -> result(java.lang.Comparable[]) }
InferredTransfer{ <org.springframework.core.convert.support.ObjectToArrayConverter: java.lang.Object convert(java.lang.Object,org.springframework.core.convert.TypeDescriptor,org.springframework.core.convert.TypeDescriptor)>: 0 -> result(java.lang.Cloneable[]) }
InferredTransfer{ <org.springframework.core.convert.support.StreamConverter: java.lang.Object convertFromStream(java.util.stream.Stream,org.springframework.core.convert.TypeDescriptor,org.springframework.core.convert.TypeDescriptor)>: 1 -> result(java.util.LinkedHashSet[]) }
InferredTransfer{ <org.springframework.core.convert.support.GenericConversionService: org.springframework.core.convert.converter.GenericConverter getConverter(org.springframework.core.convert.TypeDescriptor,org.springframework.core.convert.TypeDescriptor)>: base -> result(org.springframework.core.convert.support.FallbackObjectToStringConverter) }
InferredTransfer{ <java.lang.StringBuffer: java.lang.StringBuffer append(char)>: 0 -> base(java.lang.StringBuffer) }
InferredTransfer{ <org.springframework.core.SerializableTypeWrapper: java.lang.reflect.Type unwrap(java.lang.reflect.Type)>: 0 -> result(sun.reflect.generics.reflectiveObjects.GenericArrayTypeImpl) }
InferredTransfer{ <org.springframework.core.env.AbstractPropertyResolver: java.lang.String resolveRequiredPlaceholders(java.lang.String)>: 0 -> result(java.lang.String) }
InferredTransfer{ <org.springframework.core.convert.support.MapToMapConverter: java.lang.Object convertValue(java.lang.Object,org.springframework.core.convert.TypeDescriptor,org.springframework.core.convert.TypeDescriptor)>: 2 -> result(java.util.GregorianCalendar) }
InferredTransfer{ <org.springframework.core.env.AbstractPropertyResolver: java.lang.String resolveRequiredPlaceholders(java.lang.String)>: base -> result(java.lang.String) }
InferredTransfer{ <org.springframework.core.convert.support.MapToMapConverter: java.lang.Object convertValue(java.lang.Object,org.springframework.core.convert.TypeDescriptor,org.springframework.core.convert.TypeDescriptor)>: 1 -> result(java.util.GregorianCalendar) }
InferredTransfer{ <org.springframework.core.convert.support.CollectionToArrayConverter: java.lang.Object convert(java.lang.Object,org.springframework.core.convert.TypeDescriptor,org.springframework.core.convert.TypeDescriptor)>: 2 -> result(org.springframework.core.convert.support.StringToCurrencyConverter[]) }
InferredTransfer{ <org.springframework.core.convert.support.ArrayToArrayConverter: java.lang.Object convert(java.lang.Object,org.springframework.core.convert.TypeDescriptor,org.springframework.core.convert.TypeDescriptor)>: 2 -> result(org.springframework.core.convert.support.StringToCurrencyConverter[]) }
InferredTransfer{ <org.springframework.web.util.UrlPathHelper: java.lang.String decodeRequestString(javax.servlet.http.HttpServletRequest,java.lang.String)>: 1 -> base(org.springframework.web.util.UrlPathHelper) }
InferredTransfer{ <org.springframework.core.convert.support.StreamConverter: java.lang.Object convert(java.lang.Object,org.springframework.core.convert.TypeDescriptor,org.springframework.core.convert.TypeDescriptor)>: 2 -> result(sun.util.calendar.ZoneInfo) }
InferredTransfer{ <org.springframework.core.convert.support.CollectionToArrayConverter: java.lang.Object convert(java.lang.Object,org.springframework.core.convert.TypeDescriptor,org.springframework.core.convert.TypeDescriptor)>: 1 -> result(org.springframework.core.convert.support.StringToCurrencyConverter[]) }
InferredTransfer{ <org.springframework.core.convert.support.ArrayToArrayConverter: java.lang.Object convert(java.lang.Object,org.springframework.core.convert.TypeDescriptor,org.springframework.core.convert.TypeDescriptor)>: 1 -> result(org.springframework.core.convert.support.StringToCurrencyConverter[]) }
InferredTransfer{ <org.springframework.core.convert.support.EnumToIntegerConverter: java.lang.Object convert(java.lang.Object)>: 0 -> base(org.springframework.core.convert.support.EnumToIntegerConverter) }
InferredTransfer{ <org.springframework.core.convert.support.ObjectToArrayConverter: java.lang.Object convert(java.lang.Object,org.springframework.core.convert.TypeDescriptor,org.springframework.core.convert.TypeDescriptor)>: 0 -> result(java.util.Currency[]) }
InferredTransfer{ <org.springframework.web.util.UrlPathHelper: java.lang.String decodeRequestString(javax.servlet.http.HttpServletRequest,java.lang.String)>: 0 -> base(org.springframework.web.util.UrlPathHelper) }
InferredTransfer{ <org.springframework.core.convert.support.CollectionToArrayConverter: java.lang.Object convert(java.lang.Object,org.springframework.core.convert.TypeDescriptor,org.springframework.core.convert.TypeDescriptor)>: 0 -> result(org.springframework.core.convert.support.StringToCurrencyConverter[]) }
InferredTransfer{ <org.springframework.core.convert.support.StreamConverter: java.lang.Object convert(java.lang.Object,org.springframework.core.convert.TypeDescriptor,org.springframework.core.convert.TypeDescriptor)>: 1 -> result(sun.util.calendar.ZoneInfo) }
InferredTransfer{ <org.springframework.core.convert.support.ArrayToArrayConverter: java.lang.Object convert(java.lang.Object,org.springframework.core.convert.TypeDescriptor,org.springframework.core.convert.TypeDescriptor)>: 0 -> result(org.springframework.core.convert.support.StringToCurrencyConverter[]) }
InferredTransfer{ <org.springframework.core.convert.support.ObjectToCollectionConverter: java.lang.Object convert(java.lang.Object,org.springframework.core.convert.TypeDescriptor,org.springframework.core.convert.TypeDescriptor)>: 2 -> base(org.springframework.core.convert.support.ObjectToCollectionConverter) }
InferredTransfer{ <org.springframework.core.convert.support.CollectionToArrayConverter: java.lang.Object convert(java.lang.Object,org.springframework.core.convert.TypeDescriptor,org.springframework.core.convert.TypeDescriptor)>: base -> result(org.springframework.core.convert.support.StringToCurrencyConverter[]) }
InferredTransfer{ <org.springframework.core.convert.support.StreamConverter: java.lang.Object convert(java.lang.Object,org.springframework.core.convert.TypeDescriptor,org.springframework.core.convert.TypeDescriptor)>: 0 -> result(sun.util.calendar.ZoneInfo) }
InferredTransfer{ <org.springframework.core.convert.support.ArrayToArrayConverter: java.lang.Object convert(java.lang.Object,org.springframework.core.convert.TypeDescriptor,org.springframework.core.convert.TypeDescriptor)>: base -> result(org.springframework.core.convert.support.StringToCurrencyConverter[]) }
InferredTransfer{ <org.springframework.core.convert.support.ObjectToCollectionConverter: java.lang.Object convert(java.lang.Object,org.springframework.core.convert.TypeDescriptor,org.springframework.core.convert.TypeDescriptor)>: 1 -> base(org.springframework.core.convert.support.ObjectToCollectionConverter) }
InferredTransfer{ <org.springframework.core.convert.support.ObjectToCollectionConverter: java.lang.Object convert(java.lang.Object,org.springframework.core.convert.TypeDescriptor,org.springframework.core.convert.TypeDescriptor)>: 0 -> base(org.springframework.core.convert.support.ObjectToCollectionConverter) }
InferredTransfer{ <org.springframework.core.convert.support.StreamConverter: java.lang.Object convert(java.lang.Object,org.springframework.core.convert.TypeDescriptor,org.springframework.core.convert.TypeDescriptor)>: base -> result(sun.util.calendar.ZoneInfo) }
InferredTransfer{ <org.springframework.core.convert.support.ByteBufferConverter: java.lang.Object convert(java.lang.Object,org.springframework.core.convert.TypeDescriptor,org.springframework.core.convert.TypeDescriptor)>: 2 -> result(java.util.UUID[]) }
InferredTransfer{ <org.springframework.core.convert.support.ByteBufferConverter: java.lang.Object convertFromByteBuffer(java.nio.ByteBuffer,org.springframework.core.convert.TypeDescriptor)>: 1 -> result(org.springframework.core.convert.support.StringToNumberConverterFactory[]) }
InferredTransfer{ <org.springframework.core.convert.support.ByteBufferConverter: java.lang.Object convert(java.lang.Object,org.springframework.core.convert.TypeDescriptor,org.springframework.core.convert.TypeDescriptor)>: 1 -> result(java.util.UUID[]) }
InferredTransfer{ <org.springframework.core.convert.support.StreamConverter: java.lang.Object convertFromStream(java.util.stream.Stream,org.springframework.core.convert.TypeDescriptor,org.springframework.core.convert.TypeDescriptor)>: 2 -> result(org.springframework.core.convert.support.StringToBooleanConverter[]) }
InferredTransfer{ <org.springframework.core.convert.support.ByteBufferConverter: java.lang.Object convert(java.lang.Object,org.springframework.core.convert.TypeDescriptor,org.springframework.core.convert.TypeDescriptor)>: 0 -> result(java.util.UUID[]) }
InferredTransfer{ <org.springframework.core.convert.support.CollectionToArrayConverter: java.lang.Object convert(java.lang.Object,org.springframework.core.convert.TypeDescriptor,org.springframework.core.convert.TypeDescriptor)>: 0 -> result(java.lang.Short[]) }
InferredTransfer{ <org.springframework.core.convert.support.MapToMapConverter: java.lang.Object convertKey(java.lang.Object,org.springframework.core.convert.TypeDescriptor,org.springframework.core.convert.TypeDescriptor)>: 2 -> result(java.util.LinkedHashSet[]) }
InferredTransfer{ <org.springframework.core.convert.support.StreamConverter: java.lang.Object convertFromStream(java.util.stream.Stream,org.springframework.core.convert.TypeDescriptor,org.springframework.core.convert.TypeDescriptor)>: 1 -> result(org.springframework.core.convert.support.StringToBooleanConverter[]) }
InferredTransfer{ <org.springframework.core.convert.support.ByteBufferConverter: java.lang.Object convertFromByteBuffer(java.nio.ByteBuffer,org.springframework.core.convert.TypeDescriptor)>: base -> result(org.springframework.core.convert.support.StringToNumberConverterFactory[]) }
InferredTransfer{ <org.springframework.core.convert.support.ArrayToArrayConverter: java.lang.Object convert(java.lang.Object,org.springframework.core.convert.TypeDescriptor,org.springframework.core.convert.TypeDescriptor)>: 0 -> result(java.lang.Short[]) }
InferredTransfer{ <org.springframework.core.convert.support.ByteBufferConverter: java.lang.Object convert(java.lang.Object,org.springframework.core.convert.TypeDescriptor,org.springframework.core.convert.TypeDescriptor)>: base -> result(java.util.UUID[]) }
InferredTransfer{ <org.springframework.core.convert.support.MapToMapConverter: java.lang.Object convertKey(java.lang.Object,org.springframework.core.convert.TypeDescriptor,org.springframework.core.convert.TypeDescriptor)>: 1 -> result(java.util.LinkedHashSet[]) }
InferredTransfer{ <org.springframework.core.env.AbstractPropertyResolver: org.springframework.util.PropertyPlaceholderHelper createPlaceholderHelper(boolean)>: base -> result(org.springframework.util.PropertyPlaceholderHelper) }
InferredTransfer{ <org.springframework.core.convert.support.GenericConversionService: java.lang.Object convert(java.lang.Object,org.springframework.core.convert.TypeDescriptor,org.springframework.core.convert.TypeDescriptor)>: 2 -> result(java.util.HashSet[]) }
InferredTransfer{ <org.springframework.core.convert.support.ByteBufferConverter: java.lang.Object convert(java.lang.Object,org.springframework.core.convert.TypeDescriptor,org.springframework.core.convert.TypeDescriptor)>: 2 -> result(java.lang.String) }
InferredTransfer{ <org.springframework.core.convert.support.StreamConverter: java.lang.Object convertFromStream(java.util.stream.Stream,org.springframework.core.convert.TypeDescriptor,org.springframework.core.convert.TypeDescriptor)>: base -> result(org.springframework.core.convert.support.StringToBooleanConverter[]) }
InferredTransfer{ <java.lang.String: java.lang.String toLowerCase()>: base -> result(java.lang.String) }
InferredTransfer{ <org.springframework.core.convert.support.ByteBufferConverter: java.lang.Object convertFromByteBuffer(java.nio.ByteBuffer,org.springframework.core.convert.TypeDescriptor)>: 1 -> result(java.util.TreeMap[]) }
InferredTransfer{ <org.springframework.core.convert.support.GenericConversionService: java.lang.Object convert(java.lang.Object,org.springframework.core.convert.TypeDescriptor,org.springframework.core.convert.TypeDescriptor)>: 1 -> result(java.util.HashSet[]) }
InferredTransfer{ <org.springframework.core.convert.support.ByteBufferConverter: java.lang.Object convert(java.lang.Object,org.springframework.core.convert.TypeDescriptor,org.springframework.core.convert.TypeDescriptor)>: 1 -> result(java.lang.String) }
InferredTransfer{ <org.springframework.core.convert.support.StreamConverter: java.lang.Object convert(java.lang.Object,org.springframework.core.convert.TypeDescriptor,org.springframework.core.convert.TypeDescriptor)>: 0 -> result(java.lang.Integer) }
InferredTransfer{ <org.springframework.core.convert.support.GenericConversionService: java.lang.Object convert(java.lang.Object,org.springframework.core.convert.TypeDescriptor,org.springframework.core.convert.TypeDescriptor)>: 0 -> result(java.util.HashSet[]) }
InferredTransfer{ <org.springframework.core.convert.support.StreamConverter: java.lang.Object convert(java.lang.Object,org.springframework.core.convert.TypeDescriptor,org.springframework.core.convert.TypeDescriptor)>: base -> result(java.lang.Integer) }
InferredTransfer{ <org.springframework.core.convert.support.CollectionToArrayConverter: java.lang.Object convert(java.lang.Object,org.springframework.core.convert.TypeDescriptor,org.springframework.core.convert.TypeDescriptor)>: 0 -> result(java.util.Collection[]) }
InferredTransfer{ <org.springframework.core.convert.support.ByteBufferConverter: java.lang.Object convert(java.lang.Object,org.springframework.core.convert.TypeDescriptor,org.springframework.core.convert.TypeDescriptor)>: 0 -> result(java.lang.String) }
InferredTransfer{ <org.springframework.core.convert.support.GenericConversionService: java.lang.Object convert(java.lang.Object,org.springframework.core.convert.TypeDescriptor,org.springframework.core.convert.TypeDescriptor)>: base -> result(java.util.HashSet[]) }
InferredTransfer{ <org.springframework.core.convert.support.ByteBufferConverter: java.lang.Object convert(java.lang.Object,org.springframework.core.convert.TypeDescriptor,org.springframework.core.convert.TypeDescriptor)>: base -> result(java.lang.String) }
InferredTransfer{ <java.util.Locale: void <init>(java.lang.String,java.lang.String,java.lang.String)>: 2 -> base(java.util.Locale) }
InferredTransfer{ <org.springframework.core.convert.support.ByteBufferConverter: java.lang.Object convertFromByteBuffer(java.nio.ByteBuffer,org.springframework.core.convert.TypeDescriptor)>: base -> result(java.util.TreeMap[]) }
InferredTransfer{ <org.springframework.core.convert.support.ByteBufferConverter: java.lang.Object convertFromByteBuffer(java.nio.ByteBuffer,org.springframework.core.convert.TypeDescriptor)>: 1 -> result(java.lang.AutoCloseable[]) }
InferredTransfer{ <java.util.Locale: void <init>(java.lang.String,java.lang.String,java.lang.String)>: 1 -> base(java.util.Locale) }
InferredTransfer{ <java.util.Locale: void <init>(java.lang.String,java.lang.String,java.lang.String)>: 0 -> base(java.util.Locale) }
InferredTransfer{ <org.springframework.core.convert.support.ByteBufferConverter: java.lang.Object convertFromByteBuffer(java.nio.ByteBuffer,org.springframework.core.convert.TypeDescriptor)>: base -> result(java.lang.AutoCloseable[]) }
InferredTransfer{ <org.springframework.core.convert.support.ConversionUtils: java.lang.Object invokeConverter(org.springframework.core.convert.converter.GenericConverter,java.lang.Object,org.springframework.core.convert.TypeDescriptor,org.springframework.core.convert.TypeDescriptor)>: 3 -> result(java.util.LinkedHashMap[]) }
InferredTransfer{ <org.springframework.util.NumberUtils: java.lang.Number convertNumberToTargetClass(java.lang.Number,java.lang.Class)>: 1 -> result(java.lang.Float) }
InferredTransfer{ <org.springframework.core.convert.support.ByteBufferConverter: java.lang.Object convertFromByteBuffer(java.nio.ByteBuffer,org.springframework.core.convert.TypeDescriptor)>: 1 -> result(java.util.SortedMap[]) }
InferredTransfer{ <org.springframework.core.convert.support.ConversionUtils: java.lang.Object invokeConverter(org.springframework.core.convert.converter.GenericConverter,java.lang.Object,org.springframework.core.convert.TypeDescriptor,org.springframework.core.convert.TypeDescriptor)>: 2 -> result(java.util.LinkedHashMap[]) }
InferredTransfer{ <org.springframework.core.convert.support.ConversionUtils: java.lang.Object invokeConverter(org.springframework.core.convert.converter.GenericConverter,java.lang.Object,org.springframework.core.convert.TypeDescriptor,org.springframework.core.convert.TypeDescriptor)>: 1 -> result(java.util.LinkedHashMap[]) }
InferredTransfer{ <org.springframework.core.convert.support.GenericConversionService: java.lang.Object convert(java.lang.Object,org.springframework.core.convert.TypeDescriptor,org.springframework.core.convert.TypeDescriptor)>: 2 -> result(java.util.NavigableSet[]) }
InferredTransfer{ <org.springframework.core.convert.support.ByteBufferConverter: java.lang.Object convertFromByteBuffer(java.nio.ByteBuffer,org.springframework.core.convert.TypeDescriptor)>: base -> result(java.util.SortedMap[]) }
InferredTransfer{ <org.springframework.core.convert.support.GenericConversionService: java.lang.Object convert(java.lang.Object,org.springframework.core.convert.TypeDescriptor,org.springframework.core.convert.TypeDescriptor)>: 2 -> result(org.springframework.core.convert.support.IntegerToEnumConverterFactory[]) }
InferredTransfer{ <org.springframework.core.convert.support.ConversionUtils: java.lang.Object invokeConverter(org.springframework.core.convert.converter.GenericConverter,java.lang.Object,org.springframework.core.convert.TypeDescriptor,org.springframework.core.convert.TypeDescriptor)>: 0 -> result(java.util.LinkedHashMap[]) }
InferredTransfer{ <org.springframework.core.convert.support.CollectionToObjectConverter: java.lang.Object convert(java.lang.Object,org.springframework.core.convert.TypeDescriptor,org.springframework.core.convert.TypeDescriptor)>: 2 -> result(java.util.LinkedHashSet[]) }
InferredTransfer{ <org.springframework.core.convert.support.StreamConverter: java.lang.Object convert(java.lang.Object,org.springframework.core.convert.TypeDescriptor,org.springframework.core.convert.TypeDescriptor)>: 2 -> result(org.springframework.core.convert.support.StringToUUIDConverter[]) }
InferredTransfer{ <org.springframework.core.convert.support.GenericConversionService: java.lang.Object convert(java.lang.Object,org.springframework.core.convert.TypeDescriptor,org.springframework.core.convert.TypeDescriptor)>: 1 -> result(org.springframework.core.convert.support.IntegerToEnumConverterFactory[]) }
InferredTransfer{ <org.springframework.core.convert.support.GenericConversionService: java.lang.Object convert(java.lang.Object,org.springframework.core.convert.TypeDescriptor,org.springframework.core.convert.TypeDescriptor)>: 2 -> result(java.util.stream.ReferencePipeline$Head) }
InferredTransfer{ <org.springframework.core.convert.support.CollectionToObjectConverter: java.lang.Object convert(java.lang.Object,org.springframework.core.convert.TypeDescriptor,org.springframework.core.convert.TypeDescriptor)>: 1 -> result(java.util.LinkedHashSet[]) }
InferredTransfer{ <org.springframework.core.convert.support.GenericConversionService: java.lang.Object convert(java.lang.Object,org.springframework.core.convert.TypeDescriptor,org.springframework.core.convert.TypeDescriptor)>: 0 -> result(java.util.NavigableSet[]) }
InferredTransfer{ <org.springframework.core.convert.support.StreamConverter: java.lang.Object convert(java.lang.Object,org.springframework.core.convert.TypeDescriptor,org.springframework.core.convert.TypeDescriptor)>: 1 -> result(org.springframework.core.convert.support.StringToUUIDConverter[]) }
InferredTransfer{ <org.springframework.core.convert.support.GenericConversionService: java.lang.Object convert(java.lang.Object,java.lang.Class)>: 0 -> result(java.lang.String) }
InferredTransfer{ <org.springframework.core.convert.support.GenericConversionService: java.lang.Object convert(java.lang.Object,org.springframework.core.convert.TypeDescriptor,org.springframework.core.convert.TypeDescriptor)>: 0 -> result(org.springframework.core.convert.support.IntegerToEnumConverterFactory[]) }
InferredTransfer{ <org.springframework.core.convert.support.StreamConverter: java.lang.Object convert(java.lang.Object,org.springframework.core.convert.TypeDescriptor,org.springframework.core.convert.TypeDescriptor)>: 0 -> result(byte[][]) }
InferredTransfer{ <org.springframework.core.convert.support.GenericConversionService: java.lang.Object convert(java.lang.Object,org.springframework.core.convert.TypeDescriptor,org.springframework.core.convert.TypeDescriptor)>: 1 -> result(java.util.stream.ReferencePipeline$Head) }
InferredTransfer{ <org.springframework.core.convert.support.ConversionUtils: java.lang.Object invokeConverter(org.springframework.core.convert.converter.GenericConverter,java.lang.Object,org.springframework.core.convert.TypeDescriptor,org.springframework.core.convert.TypeDescriptor)>: 3 -> result(java.math.BigInteger) }
InferredTransfer{ <org.springframework.core.convert.support.GenericConversionService: java.lang.Object convert(java.lang.Object,org.springframework.core.convert.TypeDescriptor,org.springframework.core.convert.TypeDescriptor)>: base -> result(java.util.NavigableSet[]) }
InferredTransfer{ <org.springframework.core.convert.support.StreamConverter: java.lang.Object convert(java.lang.Object,org.springframework.core.convert.TypeDescriptor,org.springframework.core.convert.TypeDescriptor)>: 0 -> result(org.springframework.core.convert.support.StringToUUIDConverter[]) }
InferredTransfer{ <org.springframework.core.convert.support.GenericConversionService: java.lang.Object convert(java.lang.Object,org.springframework.core.convert.TypeDescriptor,org.springframework.core.convert.TypeDescriptor)>: base -> result(org.springframework.core.convert.support.IntegerToEnumConverterFactory[]) }
InferredTransfer{ <org.springframework.core.convert.support.GenericConversionService: java.lang.Object convert(java.lang.Object,org.springframework.core.convert.TypeDescriptor,org.springframework.core.convert.TypeDescriptor)>: 0 -> result(java.util.stream.ReferencePipeline$Head) }
InferredTransfer{ <org.springframework.core.convert.support.CollectionToObjectConverter: java.lang.Object convert(java.lang.Object,org.springframework.core.convert.TypeDescriptor,org.springframework.core.convert.TypeDescriptor)>: base -> result(java.util.LinkedHashSet[]) }
InferredTransfer{ <org.springframework.core.convert.support.MapToMapConverter: java.lang.Object convertKey(java.lang.Object,org.springframework.core.convert.TypeDescriptor,org.springframework.core.convert.TypeDescriptor)>: 2 -> result(sun.nio.cs.US_ASCII) }
InferredTransfer{ <org.springframework.core.convert.support.CollectionToObjectConverter: java.lang.Object convert(java.lang.Object,org.springframework.core.convert.TypeDescriptor,org.springframework.core.convert.TypeDescriptor)>: 0 -> result(java.util.LinkedHashSet[]) }
InferredTransfer{ <org.springframework.core.convert.support.GenericConversionService: java.lang.Object convert(java.lang.Object,java.lang.Class)>: base -> result(java.lang.String) }
InferredTransfer{ <org.springframework.core.convert.support.StreamConverter: java.lang.Object convert(java.lang.Object,org.springframework.core.convert.TypeDescriptor,org.springframework.core.convert.TypeDescriptor)>: base -> result(org.springframework.core.convert.support.StringToUUIDConverter[]) }
InferredTransfer{ <org.springframework.core.convert.support.GenericConversionService: java.lang.Object convert(java.lang.Object,org.springframework.core.convert.TypeDescriptor,org.springframework.core.convert.TypeDescriptor)>: base -> result(java.util.stream.ReferencePipeline$Head) }
InferredTransfer{ <org.springframework.core.convert.support.MapToMapConverter: java.lang.Object convertKey(java.lang.Object,org.springframework.core.convert.TypeDescriptor,org.springframework.core.convert.TypeDescriptor)>: 2 -> result(org.springframework.core.convert.support.StringToBooleanConverter[]) }
InferredTransfer{ <org.springframework.core.convert.support.ArrayToObjectConverter: java.lang.Object convert(java.lang.Object,org.springframework.core.convert.TypeDescriptor,org.springframework.core.convert.TypeDescriptor)>: 0 -> result(java.lang.String[]) }
InferredTransfer{ <org.springframework.core.convert.support.MapToMapConverter: java.lang.Object convertKey(java.lang.Object,org.springframework.core.convert.TypeDescriptor,org.springframework.core.convert.TypeDescriptor)>: 1 -> result(sun.nio.cs.US_ASCII) }
InferredTransfer{ <org.springframework.core.convert.support.ConversionUtils: java.lang.Object invokeConverter(org.springframework.core.convert.converter.GenericConverter,java.lang.Object,org.springframework.core.convert.TypeDescriptor,org.springframework.core.convert.TypeDescriptor)>: 1 -> result(java.math.BigInteger) }
InferredTransfer{ <org.springframework.core.convert.support.ByteBufferConverter: java.lang.Object convert(java.lang.Object,org.springframework.core.convert.TypeDescriptor,org.springframework.core.convert.TypeDescriptor)>: 2 -> result(java.util.GregorianCalendar) }
InferredTransfer{ <org.springframework.core.convert.support.MapToMapConverter: java.lang.Object convertKey(java.lang.Object,org.springframework.core.convert.TypeDescriptor,org.springframework.core.convert.TypeDescriptor)>: base -> result(sun.nio.cs.US_ASCII) }
InferredTransfer{ <org.springframework.core.convert.support.MapToMapConverter: java.lang.Object convertKey(java.lang.Object,org.springframework.core.convert.TypeDescriptor,org.springframework.core.convert.TypeDescriptor)>: 1 -> result(org.springframework.core.convert.support.StringToBooleanConverter[]) }
InferredTransfer{ <org.springframework.core.convert.support.CollectionToCollectionConverter: java.lang.Object convert(java.lang.Object,org.springframework.core.convert.TypeDescriptor,org.springframework.core.convert.TypeDescriptor)>: 2 -> result(java.util.Locale) }
InferredTransfer{ <org.springframework.core.convert.support.GenericConversionService: java.lang.Object convert(java.lang.Object,org.springframework.core.convert.TypeDescriptor,org.springframework.core.convert.TypeDescriptor)>: 2 -> result(java.nio.HeapByteBuffer) }
InferredTransfer{ <org.springframework.core.convert.support.ConversionUtils: java.lang.Object invokeConverter(org.springframework.core.convert.converter.GenericConverter,java.lang.Object,org.springframework.core.convert.TypeDescriptor,org.springframework.core.convert.TypeDescriptor)>: 0 -> result(java.math.BigInteger) }
InferredTransfer{ <org.springframework.core.convert.support.StringToArrayConverter: java.lang.Object convert(java.lang.Object,org.springframework.core.convert.TypeDescriptor,org.springframework.core.convert.TypeDescriptor)>: 0 -> result(java.lang.System[]) }
InferredTransfer{ <org.springframework.core.convert.support.ByteBufferConverter: java.lang.Object convert(java.lang.Object,org.springframework.core.convert.TypeDescriptor,org.springframework.core.convert.TypeDescriptor)>: 1 -> result(java.util.GregorianCalendar) }
InferredTransfer{ <org.springframework.core.convert.support.GenericConversionService: java.lang.Object convert(java.lang.Object,org.springframework.core.convert.TypeDescriptor,org.springframework.core.convert.TypeDescriptor)>: 0 -> result(java.lang.Float[]) }
InferredTransfer{ <org.springframework.core.convert.support.CollectionToCollectionConverter: java.lang.Object convert(java.lang.Object,org.springframework.core.convert.TypeDescriptor,org.springframework.core.convert.TypeDescriptor)>: 1 -> result(java.util.Locale) }
InferredTransfer{ <org.springframework.core.convert.support.GenericConversionService: java.lang.Object convert(java.lang.Object,org.springframework.core.convert.TypeDescriptor,org.springframework.core.convert.TypeDescriptor)>: 1 -> result(java.nio.HeapByteBuffer) }
InferredTransfer{ <org.springframework.core.convert.support.MapToMapConverter: java.lang.Object convertKey(java.lang.Object,org.springframework.core.convert.TypeDescriptor,org.springframework.core.convert.TypeDescriptor)>: base -> result(org.springframework.core.convert.support.StringToBooleanConverter[]) }
InferredTransfer{ <org.springframework.core.convert.support.ByteBufferConverter: java.lang.Object convert(java.lang.Object,org.springframework.core.convert.TypeDescriptor,org.springframework.core.convert.TypeDescriptor)>: 0 -> result(java.util.GregorianCalendar) }
InferredTransfer{ <org.springframework.core.convert.support.CollectionToCollectionConverter: java.lang.Object convert(java.lang.Object,org.springframework.core.convert.TypeDescriptor,org.springframework.core.convert.TypeDescriptor)>: 0 -> result(java.util.Locale) }
InferredTransfer{ <org.springframework.core.convert.support.GenericConversionService: java.lang.Object convert(java.lang.Object,org.springframework.core.convert.TypeDescriptor,org.springframework.core.convert.TypeDescriptor)>: 0 -> result(java.nio.HeapByteBuffer) }
InferredTransfer{ <org.springframework.core.convert.support.GenericConversionService: java.lang.Object convert(java.lang.Object,org.springframework.core.convert.TypeDescriptor,org.springframework.core.convert.TypeDescriptor)>: 2 -> result(java.lang.Character) }
InferredTransfer{ <org.springframework.core.convert.support.ArrayToArrayConverter: java.lang.Object convert(java.lang.Object,org.springframework.core.convert.TypeDescriptor,org.springframework.core.convert.TypeDescriptor)>: 0 -> result(byte[]) }
InferredTransfer{ <org.springframework.core.convert.support.ByteBufferConverter: java.lang.Object convert(java.lang.Object,org.springframework.core.convert.TypeDescriptor,org.springframework.core.convert.TypeDescriptor)>: base -> result(java.util.GregorianCalendar) }
InferredTransfer{ <org.springframework.core.convert.support.CollectionToCollectionConverter: java.lang.Object convert(java.lang.Object,org.springframework.core.convert.TypeDescriptor,org.springframework.core.convert.TypeDescriptor)>: base -> result(java.util.Locale) }
InferredTransfer{ <org.springframework.core.convert.support.GenericConversionService: java.lang.Object convert(java.lang.Object,org.springframework.core.convert.TypeDescriptor,org.springframework.core.convert.TypeDescriptor)>: base -> result(java.nio.HeapByteBuffer) }
InferredTransfer{ <org.springframework.core.convert.support.ArrayToObjectConverter: java.lang.Object convert(java.lang.Object,org.springframework.core.convert.TypeDescriptor,org.springframework.core.convert.TypeDescriptor)>: 2 -> result(java.util.LinkedList[]) }
InferredTransfer{ <org.springframework.core.convert.support.ArrayToObjectConverter: java.lang.Object convert(java.lang.Object,org.springframework.core.convert.TypeDescriptor,org.springframework.core.convert.TypeDescriptor)>: 2 -> result(sun.nio.cs.US_ASCII) }
InferredTransfer{ <org.springframework.core.convert.support.GenericConversionService: java.lang.Object convert(java.lang.Object,org.springframework.core.convert.TypeDescriptor,org.springframework.core.convert.TypeDescriptor)>: 1 -> result(java.lang.Character) }
InferredTransfer{ <org.springframework.core.convert.support.GenericConversionService: org.springframework.core.convert.converter.GenericConverter getConverter(org.springframework.core.convert.TypeDescriptor,org.springframework.core.convert.TypeDescriptor)>: 1 -> result(org.springframework.core.convert.support.ObjectToCollectionConverter) }
InferredTransfer{ <org.springframework.core.convert.support.ArrayToObjectConverter: java.lang.Object convert(java.lang.Object,org.springframework.core.convert.TypeDescriptor,org.springframework.core.convert.TypeDescriptor)>: 1 -> result(sun.nio.cs.US_ASCII) }
InferredTransfer{ <org.springframework.core.convert.support.GenericConversionService: java.lang.Object convert(java.lang.Object,org.springframework.core.convert.TypeDescriptor,org.springframework.core.convert.TypeDescriptor)>: 0 -> result(java.lang.Character) }
InferredTransfer{ <org.springframework.core.SerializableTypeWrapper: java.lang.reflect.Type unwrap(java.lang.reflect.Type)>: 0 -> result(sun.reflect.generics.reflectiveObjects.ParameterizedTypeImpl) }
InferredTransfer{ <org.springframework.core.convert.support.ObjectToArrayConverter: java.lang.Object convert(java.lang.Object,org.springframework.core.convert.TypeDescriptor,org.springframework.core.convert.TypeDescriptor)>: 2 -> result(java.util.TreeMap[]) }
InferredTransfer{ <org.springframework.core.convert.support.GenericConversionService: org.springframework.core.convert.converter.GenericConverter getConverter(org.springframework.core.convert.TypeDescriptor,org.springframework.core.convert.TypeDescriptor)>: 0 -> result(org.springframework.core.convert.support.ObjectToCollectionConverter) }
InferredTransfer{ <org.springframework.core.convert.support.ArrayToObjectConverter: java.lang.Object convert(java.lang.Object,org.springframework.core.convert.TypeDescriptor,org.springframework.core.convert.TypeDescriptor)>: 2 -> result(org.springframework.core.convert.support.StringToBooleanConverter[]) }
InferredTransfer{ <org.springframework.core.convert.support.ArrayToObjectConverter: java.lang.Object convert(java.lang.Object,org.springframework.core.convert.TypeDescriptor,org.springframework.core.convert.TypeDescriptor)>: 0 -> result(sun.nio.cs.US_ASCII) }
InferredTransfer{ <org.springframework.core.convert.support.GenericConversionService: java.lang.Object convert(java.lang.Object,org.springframework.core.convert.TypeDescriptor,org.springframework.core.convert.TypeDescriptor)>: base -> result(java.lang.Character) }
InferredTransfer{ <org.springframework.core.convert.support.ArrayToObjectConverter: java.lang.Object convert(java.lang.Object,org.springframework.core.convert.TypeDescriptor,org.springframework.core.convert.TypeDescriptor)>: 0 -> result(java.util.LinkedList[]) }
InferredTransfer{ <org.springframework.core.convert.support.ObjectToArrayConverter: java.lang.Object convert(java.lang.Object,org.springframework.core.convert.TypeDescriptor,org.springframework.core.convert.TypeDescriptor)>: 1 -> result(java.util.TreeMap[]) }
InferredTransfer{ <org.springframework.core.convert.support.CollectionToArrayConverter: java.lang.Object convert(java.lang.Object,org.springframework.core.convert.TypeDescriptor,org.springframework.core.convert.TypeDescriptor)>: 2 -> result(org.springframework.core.convert.support.EnumToStringConverter[]) }
InferredTransfer{ <org.springframework.core.convert.support.ArrayToArrayConverter: java.lang.Object convert(java.lang.Object,org.springframework.core.convert.TypeDescriptor,org.springframework.core.convert.TypeDescriptor)>: 2 -> result(org.springframework.core.convert.support.EnumToStringConverter[]) }
InferredTransfer{ <org.springframework.core.convert.support.ArrayToObjectConverter: java.lang.Object convert(java.lang.Object,org.springframework.core.convert.TypeDescriptor,org.springframework.core.convert.TypeDescriptor)>: base -> result(java.util.LinkedList[]) }
InferredTransfer{ <org.springframework.core.convert.support.ArrayToObjectConverter: java.lang.Object convert(java.lang.Object,org.springframework.core.convert.TypeDescriptor,org.springframework.core.convert.TypeDescriptor)>: base -> result(sun.nio.cs.US_ASCII) }
InferredTransfer{ <org.springframework.core.convert.support.ArrayToObjectConverter: java.lang.Object convert(java.lang.Object,org.springframework.core.convert.TypeDescriptor,org.springframework.core.convert.TypeDescriptor)>: 1 -> result(org.springframework.core.convert.support.StringToBooleanConverter[]) }
InferredTransfer{ <org.springframework.core.convert.support.CollectionToObjectConverter: java.lang.Object convert(java.lang.Object,org.springframework.core.convert.TypeDescriptor,org.springframework.core.convert.TypeDescriptor)>: 2 -> result(sun.nio.cs.US_ASCII) }
InferredTransfer{ <org.springframework.core.convert.support.CollectionToArrayConverter: java.lang.Object convert(java.lang.Object,org.springframework.core.convert.TypeDescriptor,org.springframework.core.convert.TypeDescriptor)>: 1 -> result(org.springframework.core.convert.support.EnumToStringConverter[]) }
InferredTransfer{ <org.springframework.core.convert.support.StreamConverter: java.lang.Object convert(java.lang.Object,org.springframework.core.convert.TypeDescriptor,org.springframework.core.convert.TypeDescriptor)>: 0 -> result(boolean[][]) }
InferredTransfer{ <org.springframework.core.convert.support.ArrayToArrayConverter: java.lang.Object convert(java.lang.Object,org.springframework.core.convert.TypeDescriptor,org.springframework.core.convert.TypeDescriptor)>: 1 -> result(org.springframework.core.convert.support.EnumToStringConverter[]) }
InferredTransfer{ <org.springframework.core.convert.support.ArrayToObjectConverter: java.lang.Object convert(java.lang.Object,org.springframework.core.convert.TypeDescriptor,org.springframework.core.convert.TypeDescriptor)>: 0 -> result(org.springframework.core.convert.support.StringToBooleanConverter[]) }
InferredTransfer{ <org.springframework.core.convert.support.ObjectToArrayConverter: java.lang.Object convert(java.lang.Object,org.springframework.core.convert.TypeDescriptor,org.springframework.core.convert.TypeDescriptor)>: 0 -> result(java.util.TreeMap[]) }
InferredTransfer{ <org.springframework.core.convert.support.StreamConverter: java.lang.Object convert(java.lang.Object,org.springframework.core.convert.TypeDescriptor,org.springframework.core.convert.TypeDescriptor)>: 2 -> result(java.math.BigInteger[]) }
InferredTransfer{ <org.springframework.core.convert.support.CollectionToObjectConverter: java.lang.Object convert(java.lang.Object,org.springframework.core.convert.TypeDescriptor,org.springframework.core.convert.TypeDescriptor)>: 1 -> result(sun.nio.cs.US_ASCII) }
InferredTransfer{ <org.springframework.core.convert.support.ConversionUtils: java.lang.Object invokeConverter(org.springframework.core.convert.converter.GenericConverter,java.lang.Object,org.springframework.core.convert.TypeDescriptor,org.springframework.core.convert.TypeDescriptor)>: 3 -> result(java.lang.Short) }
InferredTransfer{ <org.springframework.core.convert.support.ObjectToArrayConverter: java.lang.Object convert(java.lang.Object,org.springframework.core.convert.TypeDescriptor,org.springframework.core.convert.TypeDescriptor)>: base -> result(java.util.TreeMap[]) }
InferredTransfer{ <org.springframework.core.convert.support.CollectionToArrayConverter: java.lang.Object convert(java.lang.Object,org.springframework.core.convert.TypeDescriptor,org.springframework.core.convert.TypeDescriptor)>: 0 -> result(org.springframework.core.convert.support.EnumToStringConverter[]) }
InferredTransfer{ <org.springframework.core.convert.support.ArrayToObjectConverter: java.lang.Object convert(java.lang.Object,org.springframework.core.convert.TypeDescriptor,org.springframework.core.convert.TypeDescriptor)>: base -> result(org.springframework.core.convert.support.StringToBooleanConverter[]) }
InferredTransfer{ <org.springframework.core.convert.support.GenericConversionService: org.springframework.core.convert.converter.GenericConverter getConverter(org.springframework.core.convert.TypeDescriptor,org.springframework.core.convert.TypeDescriptor)>: 1 -> result(org.springframework.core.convert.support.IdToEntityConverter) }
InferredTransfer{ <org.springframework.core.convert.support.ObjectToArrayConverter: java.lang.Object convert(java.lang.Object,org.springframework.core.convert.TypeDescriptor,org.springframework.core.convert.TypeDescriptor)>: 1 -> result(java.lang.AutoCloseable[]) }
InferredTransfer{ <org.springframework.core.convert.support.CollectionToObjectConverter: java.lang.Object convert(java.lang.Object,org.springframework.core.convert.TypeDescriptor,org.springframework.core.convert.TypeDescriptor)>: 0 -> result(java.util.LinkedList[]) }
InferredTransfer{ <org.springframework.core.convert.support.CollectionToArrayConverter: java.lang.Object convert(java.lang.Object,org.springframework.core.convert.TypeDescriptor,org.springframework.core.convert.TypeDescriptor)>: base -> result(org.springframework.core.convert.support.EnumToStringConverter[]) }
InferredTransfer{ <org.springframework.core.convert.support.CollectionToObjectConverter: java.lang.Object convert(java.lang.Object,org.springframework.core.convert.TypeDescriptor,org.springframework.core.convert.TypeDescriptor)>: 0 -> result(sun.nio.cs.US_ASCII) }
InferredTransfer{ <org.springframework.core.convert.support.ArrayToArrayConverter: java.lang.Object convert(java.lang.Object,org.springframework.core.convert.TypeDescriptor,org.springframework.core.convert.TypeDescriptor)>: base -> result(org.springframework.core.convert.support.EnumToStringConverter[]) }
InferredTransfer{ <org.springframework.core.convert.support.CollectionToObjectConverter: java.lang.Object convert(java.lang.Object,org.springframework.core.convert.TypeDescriptor,org.springframework.core.convert.TypeDescriptor)>: 2 -> result(org.springframework.core.convert.support.StringToBooleanConverter[]) }
InferredTransfer{ <org.springframework.core.convert.support.ObjectToArrayConverter: java.lang.Object convert(java.lang.Object,org.springframework.core.convert.TypeDescriptor,org.springframework.core.convert.TypeDescriptor)>: 0 -> result(java.lang.AutoCloseable[]) }
InferredTransfer{ <org.springframework.core.convert.support.StreamConverter: java.lang.Object convert(java.lang.Object,org.springframework.core.convert.TypeDescriptor,org.springframework.core.convert.TypeDescriptor)>: 0 -> result(java.math.BigInteger[]) }
InferredTransfer{ <org.springframework.core.convert.support.CollectionToObjectConverter: java.lang.Object convert(java.lang.Object,org.springframework.core.convert.TypeDescriptor,org.springframework.core.convert.TypeDescriptor)>: base -> result(java.util.LinkedList[]) }
InferredTransfer{ <org.springframework.core.convert.support.ConversionUtils: java.lang.Object invokeConverter(org.springframework.core.convert.converter.GenericConverter,java.lang.Object,org.springframework.core.convert.TypeDescriptor,org.springframework.core.convert.TypeDescriptor)>: 1 -> result(java.lang.Short) }
InferredTransfer{ <org.springframework.core.convert.support.GenericConversionService: java.lang.Object convert(java.lang.Object,org.springframework.core.convert.TypeDescriptor,org.springframework.core.convert.TypeDescriptor)>: 0 -> result(java.lang.Enum[]) }
InferredTransfer{ <org.springframework.core.convert.support.CollectionToObjectConverter: java.lang.Object convert(java.lang.Object,org.springframework.core.convert.TypeDescriptor,org.springframework.core.convert.TypeDescriptor)>: 1 -> result(org.springframework.core.convert.support.StringToBooleanConverter[]) }
InferredTransfer{ <org.springframework.core.convert.support.StringToArrayConverter: java.lang.Object convert(java.lang.Object,org.springframework.core.convert.TypeDescriptor,org.springframework.core.convert.TypeDescriptor)>: 0 -> result(int[][]) }
InferredTransfer{ <org.springframework.core.convert.support.ObjectToArrayConverter: java.lang.Object convert(java.lang.Object,org.springframework.core.convert.TypeDescriptor,org.springframework.core.convert.TypeDescriptor)>: base -> result(java.lang.AutoCloseable[]) }
InferredTransfer{ <org.springframework.core.convert.support.GenericConversionService: java.lang.Object convert(java.lang.Object,org.springframework.core.convert.TypeDescriptor,org.springframework.core.convert.TypeDescriptor)>: 2 -> result(java.lang.Long) }
InferredTransfer{ <org.springframework.core.convert.support.CollectionToObjectConverter: java.lang.Object convert(java.lang.Object,org.springframework.core.convert.TypeDescriptor,org.springframework.core.convert.TypeDescriptor)>: 0 -> result(org.springframework.core.convert.support.StringToBooleanConverter[]) }
InferredTransfer{ <org.springframework.core.convert.support.ConversionUtils: java.lang.Object invokeConverter(org.springframework.core.convert.converter.GenericConverter,java.lang.Object,org.springframework.core.convert.TypeDescriptor,org.springframework.core.convert.TypeDescriptor)>: 2 -> result(org.springframework.core.convert.support.NumberToCharacterConverter[]) }
InferredTransfer{ <org.springframework.core.convert.support.ConversionUtils: java.lang.Object invokeConverter(org.springframework.core.convert.converter.GenericConverter,java.lang.Object,org.springframework.core.convert.TypeDescriptor,org.springframework.core.convert.TypeDescriptor)>: 0 -> result(java.lang.Short) }
InferredTransfer{ <org.springframework.core.convert.support.GenericConversionService: org.springframework.core.convert.converter.GenericConverter getConverter(org.springframework.core.convert.TypeDescriptor,org.springframework.core.convert.TypeDescriptor)>: base -> result(org.springframework.core.convert.support.IdToEntityConverter) }
InferredTransfer{ <org.springframework.core.convert.support.CollectionToObjectConverter: java.lang.Object convert(java.lang.Object,org.springframework.core.convert.TypeDescriptor,org.springframework.core.convert.TypeDescriptor)>: base -> result(sun.nio.cs.US_ASCII) }
InferredTransfer{ <java.lang.String: java.lang.String intern()>: base -> result(java.lang.String) }
InferredTransfer{ <org.springframework.core.convert.support.ConversionUtils: java.lang.Object invokeConverter(org.springframework.core.convert.converter.GenericConverter,java.lang.Object,org.springframework.core.convert.TypeDescriptor,org.springframework.core.convert.TypeDescriptor)>: 3 -> result(java.util.SortedSet[]) }
InferredTransfer{ <org.springframework.core.convert.support.CollectionToObjectConverter: java.lang.Object convert(java.lang.Object,org.springframework.core.convert.TypeDescriptor,org.springframework.core.convert.TypeDescriptor)>: base -> result(org.springframework.core.convert.support.StringToBooleanConverter[]) }
InferredTransfer{ <org.springframework.core.convert.support.ConversionUtils: java.lang.Object invokeConverter(org.springframework.core.convert.converter.GenericConverter,java.lang.Object,org.springframework.core.convert.TypeDescriptor,org.springframework.core.convert.TypeDescriptor)>: 1 -> result(org.springframework.core.convert.support.NumberToCharacterConverter[]) }
InferredTransfer{ <org.springframework.core.convert.support.ConversionUtils: java.lang.Object invokeConverter(org.springframework.core.convert.converter.GenericConverter,java.lang.Object,org.springframework.core.convert.TypeDescriptor,org.springframework.core.convert.TypeDescriptor)>: 1 -> result(java.util.SortedSet[]) }
InferredTransfer{ <org.springframework.web.util.UrlPathHelper: java.lang.String decodeAndCleanUriString(javax.servlet.http.HttpServletRequest,java.lang.String)>: 1 -> base(org.springframework.web.util.UrlPathHelper) }
InferredTransfer{ <org.springframework.core.convert.support.StringToArrayConverter: java.lang.Object convert(java.lang.Object,org.springframework.core.convert.TypeDescriptor,org.springframework.core.convert.TypeDescriptor)>: 0 -> result(java.io.Serializable[]) }
InferredTransfer{ <org.springframework.core.convert.support.GenericConversionService: org.springframework.core.convert.converter.GenericConverter getConverter(org.springframework.core.convert.TypeDescriptor,org.springframework.core.convert.TypeDescriptor)>: 0 -> result(org.springframework.core.convert.support.IdToEntityConverter) }
InferredTransfer{ <java.util.TimeZone: java.util.TimeZone getTimeZone(java.lang.String)>: 0 -> result(sun.util.calendar.ZoneInfo) }
InferredTransfer{ <org.springframework.core.convert.support.ObjectToArrayConverter: java.lang.Object convert(java.lang.Object,org.springframework.core.convert.TypeDescriptor,org.springframework.core.convert.TypeDescriptor)>: 2 -> result(java.lang.AutoCloseable[]) }
InferredTransfer{ <org.springframework.core.convert.support.ConversionUtils: java.lang.Object invokeConverter(org.springframework.core.convert.converter.GenericConverter,java.lang.Object,org.springframework.core.convert.TypeDescriptor,org.springframework.core.convert.TypeDescriptor)>: 0 -> result(org.springframework.core.convert.support.NumberToCharacterConverter[]) }
InferredTransfer{ <org.springframework.core.convert.support.ConversionUtils: java.lang.Object invokeConverter(org.springframework.core.convert.converter.GenericConverter,java.lang.Object,org.springframework.core.convert.TypeDescriptor,org.springframework.core.convert.TypeDescriptor)>: 0 -> result(java.util.SortedSet[]) }
InferredTransfer{ <org.springframework.core.convert.support.ArrayToArrayConverter: java.lang.Object convert(java.lang.Object,org.springframework.core.convert.TypeDescriptor,org.springframework.core.convert.TypeDescriptor)>: 0 -> result(org.springframework.core.convert.support.EnumToStringConverter[]) }
InferredTransfer{ <org.springframework.core.convert.support.CollectionToObjectConverter: java.lang.Object convert(java.lang.Object,org.springframework.core.convert.TypeDescriptor,org.springframework.core.convert.TypeDescriptor)>: 2 -> result(java.util.LinkedList[]) }
InferredTransfer{ <org.springframework.core.convert.support.GenericConversionService: java.lang.Object convert(java.lang.Object,org.springframework.core.convert.TypeDescriptor,org.springframework.core.convert.TypeDescriptor)>: base -> result(java.lang.Long) }
InferredTransfer{ <org.springframework.core.convert.support.StreamConverter: java.lang.Object convert(java.lang.Object,org.springframework.core.convert.TypeDescriptor,org.springframework.core.convert.TypeDescriptor)>: base -> result(java.math.BigInteger[]) }
InferredTransfer{ <org.springframework.core.convert.support.GenericConversionService: java.lang.Object convert(java.lang.Object,org.springframework.core.convert.TypeDescriptor,org.springframework.core.convert.TypeDescriptor)>: 0 -> result(java.lang.Long) }
InferredTransfer{ <org.springframework.core.convert.support.GenericConversionService: org.springframework.core.convert.converter.GenericConverter getConverter(org.springframework.core.convert.TypeDescriptor,org.springframework.core.convert.TypeDescriptor)>: base -> result(org.springframework.core.convert.support.ObjectToCollectionConverter) }
InferredTransfer{ <org.springframework.core.convert.support.ConversionUtils: java.lang.Object invokeConverter(org.springframework.core.convert.converter.GenericConverter,java.lang.Object,org.springframework.core.convert.TypeDescriptor,org.springframework.core.convert.TypeDescriptor)>: 3 -> result(org.springframework.core.convert.support.NumberToCharacterConverter[]) }
InferredTransfer{ <org.springframework.core.convert.support.StreamConverter: java.lang.Object convert(java.lang.Object,org.springframework.core.convert.TypeDescriptor,org.springframework.core.convert.TypeDescriptor)>: 0 -> result(java.util.Set[]) }
InferredTransfer{ <org.springframework.core.convert.support.ConversionUtils: java.lang.Object invokeConverter(org.springframework.core.convert.converter.GenericConverter,java.lang.Object,org.springframework.core.convert.TypeDescriptor,org.springframework.core.convert.TypeDescriptor)>: 2 -> result(java.lang.Short) }
InferredTransfer{ <org.springframework.web.util.UrlPathHelper: java.lang.String decodeAndCleanUriString(javax.servlet.http.HttpServletRequest,java.lang.String)>: 0 -> base(org.springframework.web.util.UrlPathHelper) }
InferredTransfer{ <org.springframework.core.convert.support.StreamConverter: java.lang.Object convert(java.lang.Object,org.springframework.core.convert.TypeDescriptor,org.springframework.core.convert.TypeDescriptor)>: 2 -> result(java.util.HashMap[]) }
InferredTransfer{ <org.springframework.core.convert.support.GenericConversionService: org.springframework.core.convert.converter.GenericConverter getConverter(org.springframework.core.convert.TypeDescriptor,org.springframework.core.convert.TypeDescriptor)>: 1 -> result(org.springframework.core.convert.support.CollectionToCollectionConverter) }
InferredTransfer{ <org.springframework.core.convert.support.GenericConversionService: org.springframework.core.convert.converter.GenericConverter getConverter(org.springframework.core.convert.TypeDescriptor,org.springframework.core.convert.TypeDescriptor)>: 1 -> result(org.springframework.core.convert.support.GenericConversionService$ConverterAdapter) }
InferredTransfer{ <org.springframework.core.convert.support.StreamConverter: java.lang.Object convert(java.lang.Object,org.springframework.core.convert.TypeDescriptor,org.springframework.core.convert.TypeDescriptor)>: 1 -> result(java.util.HashMap[]) }
InferredTransfer{ <org.springframework.core.convert.support.ByteBufferConverter: java.lang.Object convert(java.lang.Object,org.springframework.core.convert.TypeDescriptor,org.springframework.core.convert.TypeDescriptor)>: 2 -> result(java.math.BigDecimal) }
InferredTransfer{ <org.springframework.core.convert.support.GenericConversionService: org.springframework.core.convert.converter.GenericConverter getConverter(org.springframework.core.convert.TypeDescriptor,org.springframework.core.convert.TypeDescriptor)>: 0 -> result(org.springframework.core.convert.support.CollectionToCollectionConverter) }
InferredTransfer{ <java.lang.String: java.lang.String replaceFirst(java.lang.String,java.lang.String)>: base -> result(java.lang.String) }
InferredTransfer{ <org.springframework.core.convert.support.GenericConversionService: org.springframework.core.convert.converter.GenericConverter getConverter(org.springframework.core.convert.TypeDescriptor,org.springframework.core.convert.TypeDescriptor)>: 0 -> result(org.springframework.core.convert.support.GenericConversionService$ConverterAdapter) }
InferredTransfer{ <org.springframework.core.convert.support.StreamConverter: java.lang.Object convert(java.lang.Object,org.springframework.core.convert.TypeDescriptor,org.springframework.core.convert.TypeDescriptor)>: 0 -> result(java.util.HashMap[]) }
InferredTransfer{ <org.springframework.core.convert.support.StreamConverter: java.lang.Object convertFromStream(java.util.stream.Stream,org.springframework.core.convert.TypeDescriptor,org.springframework.core.convert.TypeDescriptor)>: 2 -> result(sun.util.calendar.ZoneInfo) }
InferredTransfer{ <org.springframework.core.convert.support.StreamConverter: java.lang.Object convertFromStream(java.util.stream.Stream,org.springframework.core.convert.TypeDescriptor,org.springframework.core.convert.TypeDescriptor)>: 1 -> result(sun.util.calendar.ZoneInfo) }
InferredTransfer{ <org.springframework.core.convert.support.GenericConversionService: org.springframework.core.convert.converter.GenericConverter getConverter(org.springframework.core.convert.TypeDescriptor,org.springframework.core.convert.TypeDescriptor)>: base -> result(org.springframework.core.convert.support.CollectionToCollectionConverter) }
InferredTransfer{ <org.springframework.core.convert.support.GenericConversionService: org.springframework.core.convert.converter.GenericConverter getConverter(org.springframework.core.convert.TypeDescriptor,org.springframework.core.convert.TypeDescriptor)>: base -> result(org.springframework.core.convert.support.GenericConversionService$ConverterAdapter) }
InferredTransfer{ <org.springframework.core.convert.support.StreamConverter: java.lang.Object convert(java.lang.Object,org.springframework.core.convert.TypeDescriptor,org.springframework.core.convert.TypeDescriptor)>: base -> result(java.util.HashMap[]) }
InferredTransfer{ <org.springframework.core.convert.support.ByteBufferConverter: java.lang.Object convert(java.lang.Object,org.springframework.core.convert.TypeDescriptor,org.springframework.core.convert.TypeDescriptor)>: 0 -> result(java.math.BigDecimal) }
InferredTransfer{ <org.springframework.core.convert.support.GenericConversionService: java.lang.Object convert(java.lang.Object,org.springframework.core.convert.TypeDescriptor,org.springframework.core.convert.TypeDescriptor)>: 2 -> result(sun.security.jca.ProviderConfig) }
InferredTransfer{ <org.springframework.core.convert.support.ByteBufferConverter: java.lang.Object convert(java.lang.Object,org.springframework.core.convert.TypeDescriptor,org.springframework.core.convert.TypeDescriptor)>: base -> result(java.math.BigDecimal) }
InferredTransfer{ <org.springframework.core.convert.support.GenericConversionService: java.lang.Object convert(java.lang.Object,org.springframework.core.convert.TypeDescriptor,org.springframework.core.convert.TypeDescriptor)>: 1 -> result(sun.security.jca.ProviderConfig) }
InferredTransfer{ <org.springframework.core.convert.support.StreamConverter: java.lang.Object convert(java.lang.Object,org.springframework.core.convert.TypeDescriptor,org.springframework.core.convert.TypeDescriptor)>: 2 -> result(org.springframework.core.convert.support.StringToCharacterConverter[]) }
InferredTransfer{ <org.springframework.core.convert.support.StreamConverter: java.lang.Object convertFromStream(java.util.stream.Stream,org.springframework.core.convert.TypeDescriptor,org.springframework.core.convert.TypeDescriptor)>: base -> result(sun.util.calendar.ZoneInfo) }
InferredTransfer{ <org.springframework.core.convert.support.GenericConversionService: java.lang.Object convert(java.lang.Object,org.springframework.core.convert.TypeDescriptor,org.springframework.core.convert.TypeDescriptor)>: 2 -> result(java.lang.String) }
InferredTransfer{ <org.springframework.core.convert.support.CollectionToObjectConverter: java.lang.Object convert(java.lang.Object,org.springframework.core.convert.TypeDescriptor,org.springframework.core.convert.TypeDescriptor)>: 0 -> result(java.lang.Double[]) }
InferredTransfer{ <org.springframework.core.convert.support.StreamConverter: java.lang.Object convert(java.lang.Object,org.springframework.core.convert.TypeDescriptor,org.springframework.core.convert.TypeDescriptor)>: 1 -> result(org.springframework.core.convert.support.StringToCharacterConverter[]) }
InferredTransfer{ <org.springframework.core.convert.support.GenericConversionService: java.lang.Object convert(java.lang.Object,org.springframework.core.convert.TypeDescriptor,org.springframework.core.convert.TypeDescriptor)>: 0 -> result(sun.security.jca.ProviderConfig) }
InferredTransfer{ <org.springframework.core.convert.support.ObjectToArrayConverter: java.lang.Object convert(java.lang.Object,org.springframework.core.convert.TypeDescriptor,org.springframework.core.convert.TypeDescriptor)>: 0 -> result(java.lang.Comparable[]) }
InferredTransfer{ <org.springframework.core.convert.support.GenericConversionService: java.lang.Object convert(java.lang.Object,org.springframework.core.convert.TypeDescriptor,org.springframework.core.convert.TypeDescriptor)>: 1 -> result(java.lang.String) }
InferredTransfer{ <org.springframework.core.convert.support.StreamConverter: java.lang.Object convert(java.lang.Object,org.springframework.core.convert.TypeDescriptor,org.springframework.core.convert.TypeDescriptor)>: 0 -> result(org.springframework.core.convert.support.StringToCharacterConverter[]) }
InferredTransfer{ <org.springframework.core.convert.support.GenericConversionService: java.lang.Object convert(java.lang.Object,org.springframework.core.convert.TypeDescriptor,org.springframework.core.convert.TypeDescriptor)>: base -> result(sun.security.jca.ProviderConfig) }
InferredTransfer{ <org.springframework.core.convert.support.GenericConversionService: java.lang.Object convert(java.lang.Object,org.springframework.core.convert.TypeDescriptor,org.springframework.core.convert.TypeDescriptor)>: 0 -> result(java.lang.String) }
InferredTransfer{ <org.springframework.core.convert.support.StreamConverter: java.lang.Object convert(java.lang.Object,org.springframework.core.convert.TypeDescriptor,org.springframework.core.convert.TypeDescriptor)>: base -> result(org.springframework.core.convert.support.StringToCharacterConverter[]) }
InferredTransfer{ <java.math.BigInteger: void <init>(java.lang.String)>: 0 -> base(java.math.BigInteger) }
InferredTransfer{ <org.springframework.core.convert.support.StringToArrayConverter: java.lang.Object convert(java.lang.Object,org.springframework.core.convert.TypeDescriptor,org.springframework.core.convert.TypeDescriptor)>: 0 -> result(long[][]) }
InferredTransfer{ <org.springframework.core.convert.support.GenericConversionService: java.lang.Object convert(java.lang.Object,org.springframework.core.convert.TypeDescriptor,org.springframework.core.convert.TypeDescriptor)>: base -> result(java.lang.String) }
InferredTransfer{ <org.springframework.core.convert.support.StreamConverter: java.lang.Object convert(java.lang.Object,org.springframework.core.convert.TypeDescriptor,org.springframework.core.convert.TypeDescriptor)>: 0 -> result(org.springframework.core.convert.support.EnumToIntegerConverter[]) }
InferredTransfer{ <org.springframework.core.convert.support.ConversionUtils: java.lang.Object invokeConverter(org.springframework.core.convert.converter.GenericConverter,java.lang.Object,org.springframework.core.convert.TypeDescriptor,org.springframework.core.convert.TypeDescriptor)>: 1 -> result(java.lang.Integer[]) }
InferredTransfer{ <org.springframework.core.convert.support.ByteBufferConverter: java.lang.Object convertFromByteBuffer(java.nio.ByteBuffer,org.springframework.core.convert.TypeDescriptor)>: 1 -> result(java.util.LinkedHashMap[]) }
InferredTransfer{ <org.springframework.core.convert.support.StreamConverter: java.lang.Object convert(java.lang.Object,org.springframework.core.convert.TypeDescriptor,org.springframework.core.convert.TypeDescriptor)>: base -> result(org.springframework.core.convert.support.EnumToIntegerConverter[]) }
InferredTransfer{ <org.springframework.core.convert.support.ArrayToObjectConverter: java.lang.Object convert(java.lang.Object,org.springframework.core.convert.TypeDescriptor,org.springframework.core.convert.TypeDescriptor)>: 0 -> result(java.util.Map[]) }
InferredTransfer{ <org.springframework.core.convert.support.StringToArrayConverter: java.lang.Object convert(java.lang.Object,org.springframework.core.convert.TypeDescriptor,org.springframework.core.convert.TypeDescriptor)>: 2 -> result(org.springframework.core.convert.support.StringToTimeZoneConverter[]) }
InferredTransfer{ <org.springframework.core.convert.support.MapToMapConverter: java.lang.Object convertValue(java.lang.Object,org.springframework.core.convert.TypeDescriptor,org.springframework.core.convert.TypeDescriptor)>: 2 -> result(org.springframework.core.convert.support.StringToNumberConverterFactory[]) }
InferredTransfer{ <org.springframework.core.convert.support.StreamConverter: java.lang.Object convert(java.lang.Object,org.springframework.core.convert.TypeDescriptor,org.springframework.core.convert.TypeDescriptor)>: 0 -> result(java.lang.Byte[]) }
InferredTransfer{ <org.springframework.core.convert.support.ByteBufferConverter: java.lang.Object convertFromByteBuffer(java.nio.ByteBuffer,org.springframework.core.convert.TypeDescriptor)>: base -> result(java.util.LinkedHashMap[]) }
InferredTransfer{ <org.springframework.core.convert.support.StringToArrayConverter: java.lang.Object convert(java.lang.Object,org.springframework.core.convert.TypeDescriptor,org.springframework.core.convert.TypeDescriptor)>: 1 -> result(org.springframework.core.convert.support.StringToTimeZoneConverter[]) }
InferredTransfer{ <org.springframework.core.convert.support.MapToMapConverter: java.lang.Object convertValue(java.lang.Object,org.springframework.core.convert.TypeDescriptor,org.springframework.core.convert.TypeDescriptor)>: 1 -> result(org.springframework.core.convert.support.StringToNumberConverterFactory[]) }
InferredTransfer{ <org.springframework.core.convert.support.ByteBufferConverter: java.lang.Object convert(java.lang.Object,org.springframework.core.convert.TypeDescriptor,org.springframework.core.convert.TypeDescriptor)>: 0 -> result(java.io.Externalizable[]) }
InferredTransfer{ <org.springframework.core.convert.support.StringToArrayConverter: java.lang.Object convert(java.lang.Object,org.springframework.core.convert.TypeDescriptor,org.springframework.core.convert.TypeDescriptor)>: 0 -> result(org.springframework.core.convert.support.StringToTimeZoneConverter[]) }
InferredTransfer{ <org.springframework.core.convert.support.StringToArrayConverter: java.lang.Object convert(java.lang.Object,org.springframework.core.convert.TypeDescriptor,org.springframework.core.convert.TypeDescriptor)>: base -> result(org.springframework.core.convert.support.StringToTimeZoneConverter[]) }
InferredTransfer{ <org.springframework.core.convert.support.MapToMapConverter: java.lang.Object convertValue(java.lang.Object,org.springframework.core.convert.TypeDescriptor,org.springframework.core.convert.TypeDescriptor)>: base -> result(org.springframework.core.convert.support.StringToNumberConverterFactory[]) }
InferredTransfer{ <org.springframework.core.convert.support.GenericConversionService: java.lang.Object convert(java.lang.Object,org.springframework.core.convert.TypeDescriptor,org.springframework.core.convert.TypeDescriptor)>: 0 -> result(java.util.Currency) }
InferredTransfer{ <org.springframework.core.convert.support.ByteBufferConverter: java.lang.Object convertFromByteBuffer(java.nio.ByteBuffer,org.springframework.core.convert.TypeDescriptor)>: 1 -> result(java.math.BigInteger) }
InferredTransfer{ <org.springframework.core.convert.support.GenericConversionService: java.lang.Object convert(java.lang.Object,org.springframework.core.convert.TypeDescriptor,org.springframework.core.convert.TypeDescriptor)>: base -> result(java.util.Currency) }
InferredTransfer{ <org.springframework.core.convert.support.MapToMapConverter: java.lang.Object convertValue(java.lang.Object,org.springframework.core.convert.TypeDescriptor,org.springframework.core.convert.TypeDescriptor)>: 2 -> result(java.util.TreeMap[]) }
InferredTransfer{ <org.springframework.core.convert.support.ArrayToObjectConverter: java.lang.Object convert(java.lang.Object,org.springframework.core.convert.TypeDescriptor,org.springframework.core.convert.TypeDescriptor)>: 2 -> result(org.springframework.core.convert.support.PropertiesToStringConverter[]) }
InferredTransfer{ <org.springframework.core.convert.support.MapToMapConverter: java.lang.Object convertValue(java.lang.Object,org.springframework.core.convert.TypeDescriptor,org.springframework.core.convert.TypeDescriptor)>: 1 -> result(java.util.TreeMap[]) }
InferredTransfer{ <org.springframework.core.convert.support.ConversionUtils: java.lang.Object invokeConverter(org.springframework.core.convert.converter.GenericConverter,java.lang.Object,org.springframework.core.convert.TypeDescriptor,org.springframework.core.convert.TypeDescriptor)>: 3 -> result(org.springframework.core.convert.support.StringToLocaleConverter[]) }
InferredTransfer{ <org.springframework.core.convert.support.ArrayToObjectConverter: java.lang.Object convert(java.lang.Object,org.springframework.core.convert.TypeDescriptor,org.springframework.core.convert.TypeDescriptor)>: 1 -> result(org.springframework.core.convert.support.PropertiesToStringConverter[]) }
InferredTransfer{ <org.springframework.core.convert.support.CollectionToArrayConverter: java.lang.Object convert(java.lang.Object,org.springframework.core.convert.TypeDescriptor,org.springframework.core.convert.TypeDescriptor)>: 2 -> result(java.util.TreeSet[]) }
InferredTransfer{ <org.springframework.core.ResolvableType: void <init>(java.lang.Class)>: 0 -> base(org.springframework.core.ResolvableType) }
InferredTransfer{ <org.springframework.core.convert.support.ByteBufferConverter: java.lang.Object convertFromByteBuffer(java.nio.ByteBuffer,org.springframework.core.convert.TypeDescriptor)>: base -> result(java.math.BigInteger) }
InferredTransfer{ <org.springframework.core.convert.support.ArrayToObjectConverter: java.lang.Object convert(java.lang.Object,org.springframework.core.convert.TypeDescriptor,org.springframework.core.convert.TypeDescriptor)>: 0 -> result(org.springframework.core.convert.support.PropertiesToStringConverter[]) }
InferredTransfer{ <org.springframework.core.convert.support.CollectionToArrayConverter: java.lang.Object convert(java.lang.Object,org.springframework.core.convert.TypeDescriptor,org.springframework.core.convert.TypeDescriptor)>: 1 -> result(java.util.TreeSet[]) }
InferredTransfer{ <org.springframework.core.convert.support.ConversionUtils: java.lang.Object invokeConverter(org.springframework.core.convert.converter.GenericConverter,java.lang.Object,org.springframework.core.convert.TypeDescriptor,org.springframework.core.convert.TypeDescriptor)>: 2 -> result(org.springframework.core.convert.support.StringToLocaleConverter[]) }
InferredTransfer{ <org.springframework.core.convert.support.MapToMapConverter: java.lang.Object convertValue(java.lang.Object,org.springframework.core.convert.TypeDescriptor,org.springframework.core.convert.TypeDescriptor)>: 2 -> result(java.lang.AutoCloseable[]) }
InferredTransfer{ <org.springframework.util.NumberUtils: java.lang.Number parseNumber(java.lang.String,java.lang.Class)>: 0 -> result(java.math.BigInteger) }
InferredTransfer{ <org.springframework.core.convert.support.ArrayToObjectConverter: java.lang.Object convert(java.lang.Object,org.springframework.core.convert.TypeDescriptor,org.springframework.core.convert.TypeDescriptor)>: base -> result(org.springframework.core.convert.support.PropertiesToStringConverter[]) }
InferredTransfer{ <org.springframework.core.convert.support.CollectionToArrayConverter: java.lang.Object convert(java.lang.Object,org.springframework.core.convert.TypeDescriptor,org.springframework.core.convert.TypeDescriptor)>: 0 -> result(java.util.TreeSet[]) }
InferredTransfer{ <org.springframework.core.convert.support.ConversionUtils: java.lang.Object invokeConverter(org.springframework.core.convert.converter.GenericConverter,java.lang.Object,org.springframework.core.convert.TypeDescriptor,org.springframework.core.convert.TypeDescriptor)>: 1 -> result(org.springframework.core.convert.support.StringToLocaleConverter[]) }
InferredTransfer{ <org.springframework.core.convert.support.MapToMapConverter: java.lang.Object convertValue(java.lang.Object,org.springframework.core.convert.TypeDescriptor,org.springframework.core.convert.TypeDescriptor)>: base -> result(java.util.TreeMap[]) }
InferredTransfer{ <org.springframework.core.convert.support.MapToMapConverter: java.lang.Object convertValue(java.lang.Object,org.springframework.core.convert.TypeDescriptor,org.springframework.core.convert.TypeDescriptor)>: 1 -> result(java.lang.AutoCloseable[]) }
InferredTransfer{ <org.springframework.core.convert.support.GenericConversionService: java.lang.Object convert(java.lang.Object,org.springframework.core.convert.TypeDescriptor,org.springframework.core.convert.TypeDescriptor)>: 2 -> result(java.util.GregorianCalendar) }
InferredTransfer{ <org.springframework.core.convert.support.StreamConverter: java.lang.Object convertFromStream(java.util.stream.Stream,org.springframework.core.convert.TypeDescriptor,org.springframework.core.convert.TypeDescriptor)>: 2 -> result(org.springframework.core.convert.support.StringToUUIDConverter[]) }
InferredTransfer{ <org.springframework.core.convert.support.ConversionUtils: java.lang.Object invokeConverter(org.springframework.core.convert.converter.GenericConverter,java.lang.Object,org.springframework.core.convert.TypeDescriptor,org.springframework.core.convert.TypeDescriptor)>: 0 -> result(org.springframework.core.convert.support.StringToLocaleConverter[]) }
InferredTransfer{ <org.springframework.core.convert.support.CollectionToArrayConverter: java.lang.Object convert(java.lang.Object,org.springframework.core.convert.TypeDescriptor,org.springframework.core.convert.TypeDescriptor)>: base -> result(java.util.TreeSet[]) }
InferredTransfer{ <org.springframework.core.convert.support.StringToArrayConverter: java.lang.Object convert(java.lang.Object,org.springframework.core.convert.TypeDescriptor,org.springframework.core.convert.TypeDescriptor)>: 2 -> result(sun.security.jca.ServiceId[]) }
InferredTransfer{ <org.springframework.core.convert.support.GenericConversionService: java.lang.Object convert(java.lang.Object,org.springframework.core.convert.TypeDescriptor,org.springframework.core.convert.TypeDescriptor)>: 1 -> result(java.util.GregorianCalendar) }
InferredTransfer{ <org.springframework.core.convert.support.StreamConverter: java.lang.Object convertFromStream(java.util.stream.Stream,org.springframework.core.convert.TypeDescriptor,org.springframework.core.convert.TypeDescriptor)>: 1 -> result(org.springframework.core.convert.support.StringToUUIDConverter[]) }
InferredTransfer{ <org.springframework.core.ResolvableType: java.lang.String toString()>: base -> result(java.lang.String) }
InferredTransfer{ <org.springframework.core.convert.support.StringToArrayConverter: java.lang.Object convert(java.lang.Object,org.springframework.core.convert.TypeDescriptor,org.springframework.core.convert.TypeDescriptor)>: 1 -> result(sun.security.jca.ServiceId[]) }
InferredTransfer{ <org.springframework.core.convert.support.MapToMapConverter: java.lang.Object convertValue(java.lang.Object,org.springframework.core.convert.TypeDescriptor,org.springframework.core.convert.TypeDescriptor)>: base -> result(java.lang.AutoCloseable[]) }
InferredTransfer{ <org.springframework.core.convert.support.GenericConversionService: java.lang.Object convert(java.lang.Object,org.springframework.core.convert.TypeDescriptor,org.springframework.core.convert.TypeDescriptor)>: 0 -> result(java.util.GregorianCalendar) }
InferredTransfer{ <org.springframework.core.convert.support.StringToArrayConverter: java.lang.Object convert(java.lang.Object,org.springframework.core.convert.TypeDescriptor,org.springframework.core.convert.TypeDescriptor)>: 0 -> result(sun.security.jca.ServiceId[]) }
InferredTransfer{ <org.springframework.core.convert.support.CollectionToArrayConverter: java.lang.Object convert(java.lang.Object,org.springframework.core.convert.TypeDescriptor,org.springframework.core.convert.TypeDescriptor)>: 0 -> result(java.util.List[]) }
InferredTransfer{ <org.springframework.core.convert.support.GenericConversionService: java.lang.Object convert(java.lang.Object,org.springframework.core.convert.TypeDescriptor,org.springframework.core.convert.TypeDescriptor)>: base -> result(java.util.GregorianCalendar) }
InferredTransfer{ <org.springframework.core.convert.support.StreamConverter: java.lang.Object convertFromStream(java.util.stream.Stream,org.springframework.core.convert.TypeDescriptor,org.springframework.core.convert.TypeDescriptor)>: base -> result(org.springframework.core.convert.support.StringToUUIDConverter[]) }
InferredTransfer{ <org.springframework.core.convert.support.ArrayToArrayConverter: java.lang.Object convert(java.lang.Object,org.springframework.core.convert.TypeDescriptor,org.springframework.core.convert.TypeDescriptor)>: 0 -> result(java.util.List[]) }
InferredTransfer{ <org.springframework.core.convert.support.StringToArrayConverter: java.lang.Object convert(java.lang.Object,org.springframework.core.convert.TypeDescriptor,org.springframework.core.convert.TypeDescriptor)>: base -> result(sun.security.jca.ServiceId[]) }
InferredTransfer{ <org.springframework.core.convert.support.ArrayToArrayConverter: java.lang.Object convert(java.lang.Object,org.springframework.core.convert.TypeDescriptor,org.springframework.core.convert.TypeDescriptor)>: 2 -> result(java.lang.Class) }
InferredTransfer{ <org.springframework.core.ResolvableType: org.springframework.core.ResolvableType forType(java.lang.reflect.Type,org.springframework.core.SerializableTypeWrapper$TypeProvider,org.springframework.core.ResolvableType$VariableResolver)>: 2 -> result(org.springframework.core.ResolvableType) }
InferredTransfer{ <java.lang.StringBuffer: java.lang.StringBuffer append(char[],int,int)>: 0 -> base(java.lang.StringBuffer) }
InferredTransfer{ <org.springframework.core.convert.support.ArrayToArrayConverter: java.lang.Object convert(java.lang.Object,org.springframework.core.convert.TypeDescriptor,org.springframework.core.convert.TypeDescriptor)>: 1 -> result(java.lang.Class) }
InferredTransfer{ <org.springframework.core.ResolvableType: org.springframework.core.ResolvableType asCollection()>: base -> result(org.springframework.core.ResolvableType) }
InferredTransfer{ <org.springframework.core.convert.support.ArrayToArrayConverter: java.lang.Object convert(java.lang.Object,org.springframework.core.convert.TypeDescriptor,org.springframework.core.convert.TypeDescriptor)>: 0 -> result(java.lang.Class) }
InferredTransfer{ <org.springframework.core.convert.support.ByteBufferConverter: java.lang.Object convertFromByteBuffer(java.nio.ByteBuffer,org.springframework.core.convert.TypeDescriptor)>: 1 -> result(java.lang.Short) }
InferredTransfer{ <org.springframework.core.ResolvableType: org.springframework.core.ResolvableType forType(java.lang.reflect.Type,org.springframework.core.SerializableTypeWrapper$TypeProvider,org.springframework.core.ResolvableType$VariableResolver)>: 0 -> result(org.springframework.core.ResolvableType) }
InferredTransfer{ <org.springframework.core.convert.support.ArrayToArrayConverter: java.lang.Object convert(java.lang.Object,org.springframework.core.convert.TypeDescriptor,org.springframework.core.convert.TypeDescriptor)>: base -> result(java.lang.Class) }
InferredTransfer{ <java.lang.String: java.lang.String toLowerCase(java.util.Locale)>: base -> result(java.lang.String) }
InferredTransfer{ <org.springframework.core.convert.support.ObjectToArrayConverter: java.lang.Object convert(java.lang.Object,org.springframework.core.convert.TypeDescriptor,org.springframework.core.convert.TypeDescriptor)>: 2 -> result(java.util.LinkedHashMap[]) }
InferredTransfer{ <org.springframework.core.convert.support.CollectionToObjectConverter: java.lang.Object convert(java.lang.Object,org.springframework.core.convert.TypeDescriptor,org.springframework.core.convert.TypeDescriptor)>: 2 -> result(sun.util.calendar.ZoneInfo) }
InferredTransfer{ <org.springframework.core.convert.support.ByteBufferConverter: java.lang.Object convertFromByteBuffer(java.nio.ByteBuffer,org.springframework.core.convert.TypeDescriptor)>: base -> result(java.lang.Short) }
InferredTransfer{ <org.springframework.core.convert.support.ByteBufferConverter: java.lang.Object convertFromByteBuffer(java.nio.ByteBuffer,org.springframework.core.convert.TypeDescriptor)>: 1 -> result(org.springframework.core.convert.support.NumberToCharacterConverter[]) }
InferredTransfer{ <org.springframework.util.NumberUtils: java.lang.Number parseNumber(java.lang.String,java.lang.Class)>: 1 -> result(java.lang.Short) }
InferredTransfer{ <org.springframework.core.convert.support.ByteBufferConverter: java.lang.Object convertFromByteBuffer(java.nio.ByteBuffer,org.springframework.core.convert.TypeDescriptor)>: 1 -> result(java.util.SortedSet[]) }
InferredTransfer{ <org.springframework.core.convert.support.StringToArrayConverter: java.lang.Object convert(java.lang.Object,org.springframework.core.convert.TypeDescriptor,org.springframework.core.convert.TypeDescriptor)>: 0 -> result(java.lang.Object[]) }
InferredTransfer{ <org.springframework.core.convert.support.ObjectToArrayConverter: java.lang.Object convert(java.lang.Object,org.springframework.core.convert.TypeDescriptor,org.springframework.core.convert.TypeDescriptor)>: 1 -> result(java.util.LinkedHashMap[]) }
InferredTransfer{ <org.springframework.core.convert.support.StreamConverter: java.lang.Object convert(java.lang.Object,org.springframework.core.convert.TypeDescriptor,org.springframework.core.convert.TypeDescriptor)>: 2 -> result(java.util.Locale) }
InferredTransfer{ <org.springframework.core.convert.support.CollectionToObjectConverter: java.lang.Object convert(java.lang.Object,org.springframework.core.convert.TypeDescriptor,org.springframework.core.convert.TypeDescriptor)>: 1 -> result(sun.util.calendar.ZoneInfo) }
InferredTransfer{ <org.springframework.core.convert.support.ConversionUtils: java.lang.Object invokeConverter(org.springframework.core.convert.converter.GenericConverter,java.lang.Object,org.springframework.core.convert.TypeDescriptor,org.springframework.core.convert.TypeDescriptor)>: 2 -> result(java.lang.Float) }
InferredTransfer{ <org.springframework.util.NumberUtils: java.lang.Number parseNumber(java.lang.String,java.lang.Class)>: 0 -> result(java.lang.Short) }
InferredTransfer{ <org.springframework.core.convert.support.ConversionUtils: java.lang.Object invokeConverter(org.springframework.core.convert.converter.GenericConverter,java.lang.Object,org.springframework.core.convert.TypeDescriptor,org.springframework.core.convert.TypeDescriptor)>: 3 -> result(java.lang.Float) }
InferredTransfer{ <org.springframework.core.convert.support.StreamConverter: java.lang.Object convert(java.lang.Object,org.springframework.core.convert.TypeDescriptor,org.springframework.core.convert.TypeDescriptor)>: 1 -> result(java.util.Locale) }
InferredTransfer{ <org.springframework.core.convert.support.CollectionToObjectConverter: java.lang.Object convert(java.lang.Object,org.springframework.core.convert.TypeDescriptor,org.springframework.core.convert.TypeDescriptor)>: 0 -> result(sun.util.calendar.ZoneInfo) }
InferredTransfer{ <org.springframework.core.convert.support.ByteBufferConverter: java.lang.Object convertFromByteBuffer(java.nio.ByteBuffer,org.springframework.core.convert.TypeDescriptor)>: base -> result(org.springframework.core.convert.support.NumberToCharacterConverter[]) }
InferredTransfer{ <org.springframework.core.convert.support.ByteBufferConverter: java.lang.Object convertFromByteBuffer(java.nio.ByteBuffer,org.springframework.core.convert.TypeDescriptor)>: base -> result(java.util.SortedSet[]) }
InferredTransfer{ <org.springframework.core.convert.support.ConversionUtils: java.lang.Object invokeConverter(org.springframework.core.convert.converter.GenericConverter,java.lang.Object,org.springframework.core.convert.TypeDescriptor,org.springframework.core.convert.TypeDescriptor)>: 1 -> result(java.lang.Float) }
InferredTransfer{ <org.springframework.core.convert.support.ArrayToObjectConverter: java.lang.Object convert(java.lang.Object,org.springframework.core.convert.TypeDescriptor,org.springframework.core.convert.TypeDescriptor)>: 2 -> result(java.util.ArrayList[]) }
InferredTransfer{ <org.springframework.core.convert.support.ObjectToArrayConverter: java.lang.Object convert(java.lang.Object,org.springframework.core.convert.TypeDescriptor,org.springframework.core.convert.TypeDescriptor)>: 0 -> result(java.util.LinkedHashMap[]) }
InferredTransfer{ <org.springframework.core.convert.support.ObjectToArrayConverter: java.lang.Object convert(java.lang.Object,org.springframework.core.convert.TypeDescriptor,org.springframework.core.convert.TypeDescriptor)>: base -> result(java.util.LinkedHashMap[]) }
InferredTransfer{ <org.springframework.core.convert.support.StreamConverter: java.lang.Object convert(java.lang.Object,org.springframework.core.convert.TypeDescriptor,org.springframework.core.convert.TypeDescriptor)>: 0 -> result(java.util.Locale) }
InferredTransfer{ <org.springframework.core.convert.support.CollectionToObjectConverter: java.lang.Object convert(java.lang.Object,org.springframework.core.convert.TypeDescriptor,org.springframework.core.convert.TypeDescriptor)>: base -> result(sun.util.calendar.ZoneInfo) }
InferredTransfer{ <org.springframework.core.convert.support.ArrayToObjectConverter: java.lang.Object convert(java.lang.Object,org.springframework.core.convert.TypeDescriptor,org.springframework.core.convert.TypeDescriptor)>: 1 -> result(java.util.ArrayList[]) }
InferredTransfer{ <org.springframework.core.convert.support.ConversionUtils: java.lang.Object invokeConverter(org.springframework.core.convert.converter.GenericConverter,java.lang.Object,org.springframework.core.convert.TypeDescriptor,org.springframework.core.convert.TypeDescriptor)>: 0 -> result(java.lang.Float) }
InferredTransfer{ <org.springframework.core.convert.support.StreamConverter: java.lang.Object convertFromStream(java.util.stream.Stream,org.springframework.core.convert.TypeDescriptor,org.springframework.core.convert.TypeDescriptor)>: 2 -> result(java.math.BigInteger[]) }
InferredTransfer{ <org.springframework.core.convert.support.ArrayToObjectConverter: java.lang.Object convert(java.lang.Object,org.springframework.core.convert.TypeDescriptor,org.springframework.core.convert.TypeDescriptor)>: 0 -> result(java.util.ArrayList[]) }
InferredTransfer{ <org.springframework.core.convert.support.StreamConverter: java.lang.Object convert(java.lang.Object,org.springframework.core.convert.TypeDescriptor,org.springframework.core.convert.TypeDescriptor)>: base -> result(java.util.Locale) }
InferredTransfer{ <org.springframework.core.convert.support.ConversionUtils: java.lang.Object invokeConverter(org.springframework.core.convert.converter.GenericConverter,java.lang.Object,org.springframework.core.convert.TypeDescriptor,org.springframework.core.convert.TypeDescriptor)>: 3 -> result(sun.security.jca.ProviderConfig[]) }
InferredTransfer{ <org.springframework.core.convert.support.ArrayToObjectConverter: java.lang.Object convert(java.lang.Object,org.springframework.core.convert.TypeDescriptor,org.springframework.core.convert.TypeDescriptor)>: base -> result(java.util.ArrayList[]) }
InferredTransfer{ <org.springframework.core.convert.support.GenericConversionService: org.springframework.core.convert.converter.GenericConverter getConverter(org.springframework.core.convert.TypeDescriptor,org.springframework.core.convert.TypeDescriptor)>: 1 -> result(org.springframework.core.convert.support.StringToArrayConverter) }
InferredTransfer{ <org.springframework.core.convert.support.ConversionUtils: java.lang.Object invokeConverter(org.springframework.core.convert.converter.GenericConverter,java.lang.Object,org.springframework.core.convert.TypeDescriptor,org.springframework.core.convert.TypeDescriptor)>: 2 -> result(sun.security.jca.ProviderConfig[]) }
InferredTransfer{ <org.springframework.core.convert.support.GenericConversionService: org.springframework.core.convert.converter.GenericConverter getConverter(org.springframework.core.convert.TypeDescriptor,org.springframework.core.convert.TypeDescriptor)>: 0 -> result(org.springframework.core.convert.support.StringToArrayConverter) }
InferredTransfer{ <org.springframework.core.convert.support.ConversionUtils: java.lang.Object invokeConverter(org.springframework.core.convert.converter.GenericConverter,java.lang.Object,org.springframework.core.convert.TypeDescriptor,org.springframework.core.convert.TypeDescriptor)>: 1 -> result(sun.security.jca.ProviderConfig[]) }
InferredTransfer{ <org.springframework.core.convert.support.StringToArrayConverter: java.lang.Object convert(java.lang.Object,org.springframework.core.convert.TypeDescriptor,org.springframework.core.convert.TypeDescriptor)>: 0 -> result(float[][]) }
InferredTransfer{ <org.springframework.core.convert.support.ConversionUtils: java.lang.Object invokeConverter(org.springframework.core.convert.converter.GenericConverter,java.lang.Object,org.springframework.core.convert.TypeDescriptor,org.springframework.core.convert.TypeDescriptor)>: 1 -> result(java.lang.String[]) }
InferredTransfer{ <org.springframework.core.convert.support.ByteBufferConverter: java.lang.Object convert(java.lang.Object,org.springframework.core.convert.TypeDescriptor,org.springframework.core.convert.TypeDescriptor)>: 2 -> result(org.springframework.core.convert.support.StringToNumberConverterFactory[]) }
InferredTransfer{ <org.springframework.core.convert.support.ConversionUtils: java.lang.Object invokeConverter(org.springframework.core.convert.converter.GenericConverter,java.lang.Object,org.springframework.core.convert.TypeDescriptor,org.springframework.core.convert.TypeDescriptor)>: 0 -> result(sun.security.jca.ProviderConfig[]) }
InferredTransfer{ <org.springframework.core.convert.support.GenericConversionService: org.springframework.core.convert.converter.GenericConverter getConverter(org.springframework.core.convert.TypeDescriptor,org.springframework.core.convert.TypeDescriptor)>: base -> result(org.springframework.core.convert.support.StringToArrayConverter) }
InferredTransfer{ <org.springframework.core.convert.TypeDescriptor: org.springframework.core.convert.TypeDescriptor narrow(java.lang.Object)>: 0 -> result(org.springframework.core.convert.support.ObjectToOptionalConverter$GenericTypeDescriptor) }
InferredTransfer{ <org.springframework.core.convert.support.StringToArrayConverter: java.lang.Object convert(java.lang.Object,org.springframework.core.convert.TypeDescriptor,org.springframework.core.convert.TypeDescriptor)>: 0 -> result(sun.misc.Unsafe[]) }
InferredTransfer{ <org.springframework.core.convert.support.ByteBufferConverter: java.lang.Object convert(java.lang.Object,org.springframework.core.convert.TypeDescriptor,org.springframework.core.convert.TypeDescriptor)>: 1 -> result(org.springframework.core.convert.support.StringToNumberConverterFactory[]) }
InferredTransfer{ <org.springframework.core.convert.TypeDescriptor: org.springframework.core.convert.TypeDescriptor narrow(java.lang.Object)>: base -> result(org.springframework.core.convert.support.ObjectToOptionalConverter$GenericTypeDescriptor) }
InferredTransfer{ <org.springframework.core.convert.support.ByteBufferConverter: java.lang.Object convert(java.lang.Object,org.springframework.core.convert.TypeDescriptor,org.springframework.core.convert.TypeDescriptor)>: 0 -> result(org.springframework.core.convert.support.StringToNumberConverterFactory[]) }
InferredTransfer{ <org.springframework.core.convert.support.StreamConverter: java.lang.Object convert(java.lang.Object,org.springframework.core.convert.TypeDescriptor,org.springframework.core.convert.TypeDescriptor)>: 0 -> result(java.lang.Long[]) }
InferredTransfer{ <org.springframework.core.convert.support.ObjectToOptionalConverter: java.lang.Object convert(java.lang.Object,org.springframework.core.convert.TypeDescriptor,org.springframework.core.convert.TypeDescriptor)>: 2 -> result(java.lang.String) }
InferredTransfer{ <org.springframework.core.convert.support.ByteBufferConverter: java.lang.Object convert(java.lang.Object,org.springframework.core.convert.TypeDescriptor,org.springframework.core.convert.TypeDescriptor)>: base -> result(org.springframework.core.convert.support.StringToNumberConverterFactory[]) }
InferredTransfer{ <org.springframework.core.convert.TypeDescriptor: org.springframework.core.convert.TypeDescriptor getMapKeyTypeDescriptor()>: base -> result(org.springframework.core.convert.TypeDescriptor) }
InferredTransfer{ <org.springframework.core.convert.support.ByteBufferConverter: java.lang.Object convert(java.lang.Object,org.springframework.core.convert.TypeDescriptor,org.springframework.core.convert.TypeDescriptor)>: 2 -> base(org.springframework.core.convert.support.ByteBufferConverter) }
InferredTransfer{ <org.springframework.core.convert.support.StreamConverter: java.lang.Object convertFromStream(java.util.stream.Stream,org.springframework.core.convert.TypeDescriptor,org.springframework.core.convert.TypeDescriptor)>: 2 -> result(java.util.HashMap[]) }
InferredTransfer{ <org.springframework.core.convert.support.ObjectToOptionalConverter: java.lang.Object convert(java.lang.Object,org.springframework.core.convert.TypeDescriptor,org.springframework.core.convert.TypeDescriptor)>: 1 -> result(java.lang.String) }
InferredTransfer{ <org.springframework.core.convert.support.ByteBufferConverter: java.lang.Object convert(java.lang.Object,org.springframework.core.convert.TypeDescriptor,org.springframework.core.convert.TypeDescriptor)>: 2 -> result(java.util.TreeMap[]) }
InferredTransfer{ <org.springframework.core.convert.support.ObjectToOptionalConverter: java.lang.Object convert(java.lang.Object,org.springframework.core.convert.TypeDescriptor,org.springframework.core.convert.TypeDescriptor)>: 0 -> result(java.lang.String) }
InferredTransfer{ <org.springframework.core.convert.support.StreamConverter: java.lang.Object convertFromStream(java.util.stream.Stream,org.springframework.core.convert.TypeDescriptor,org.springframework.core.convert.TypeDescriptor)>: 1 -> result(java.util.HashMap[]) }
InferredTransfer{ <org.springframework.core.convert.support.CollectionToCollectionConverter: java.lang.Object convert(java.lang.Object,org.springframework.core.convert.TypeDescriptor,org.springframework.core.convert.TypeDescriptor)>: 2 -> result(sun.security.jca.ProviderConfig) }
InferredTransfer{ <org.springframework.core.convert.support.ByteBufferConverter: java.lang.Object convert(java.lang.Object,org.springframework.core.convert.TypeDescriptor,org.springframework.core.convert.TypeDescriptor)>: 1 -> base(org.springframework.core.convert.support.ByteBufferConverter) }
InferredTransfer{ <org.springframework.util.PropertyPlaceholderHelper: java.lang.String parseStringValue(java.lang.String,org.springframework.util.PropertyPlaceholderHelper$PlaceholderResolver,java.util.Set)>: 0 -> result(java.lang.String) }
InferredTransfer{ <org.springframework.core.convert.support.ByteBufferConverter: java.lang.Object convert(java.lang.Object,org.springframework.core.convert.TypeDescriptor,org.springframework.core.convert.TypeDescriptor)>: 1 -> result(java.util.TreeMap[]) }
InferredTransfer{ <org.springframework.core.convert.support.ByteBufferConverter: java.lang.Object convert(java.lang.Object,org.springframework.core.convert.TypeDescriptor,org.springframework.core.convert.TypeDescriptor)>: 0 -> base(org.springframework.core.convert.support.ByteBufferConverter) }
InferredTransfer{ <org.springframework.core.convert.support.ObjectToOptionalConverter: java.lang.Object convert(java.lang.Object,org.springframework.core.convert.TypeDescriptor,org.springframework.core.convert.TypeDescriptor)>: base -> result(java.lang.String) }
InferredTransfer{ <org.springframework.core.convert.support.CollectionToCollectionConverter: java.lang.Object convert(java.lang.Object,org.springframework.core.convert.TypeDescriptor,org.springframework.core.convert.TypeDescriptor)>: 1 -> result(sun.security.jca.ProviderConfig) }
InferredTransfer{ <org.springframework.core.convert.support.ByteBufferConverter: java.lang.Object convert(java.lang.Object,org.springframework.core.convert.TypeDescriptor,org.springframework.core.convert.TypeDescriptor)>: 0 -> result(java.util.TreeMap[]) }
InferredTransfer{ <org.springframework.util.PropertyPlaceholderHelper: java.lang.String parseStringValue(java.lang.String,org.springframework.util.PropertyPlaceholderHelper$PlaceholderResolver,java.util.Set)>: base -> result(java.lang.String) }
InferredTransfer{ <org.springframework.core.convert.support.CollectionToCollectionConverter: java.lang.Object convert(java.lang.Object,org.springframework.core.convert.TypeDescriptor,org.springframework.core.convert.TypeDescriptor)>: 0 -> result(sun.security.jca.ProviderConfig) }
InferredTransfer{ <org.springframework.core.convert.support.ByteBufferConverter: java.lang.Object convert(java.lang.Object,org.springframework.core.convert.TypeDescriptor,org.springframework.core.convert.TypeDescriptor)>: 2 -> result(java.lang.AutoCloseable[]) }
InferredTransfer{ <org.springframework.core.convert.support.ByteBufferConverter: java.lang.Object convert(java.lang.Object,org.springframework.core.convert.TypeDescriptor,org.springframework.core.convert.TypeDescriptor)>: base -> result(java.util.TreeMap[]) }
InferredTransfer{ <org.springframework.core.convert.support.ByteBufferConverter: java.lang.Object convert(java.lang.Object,org.springframework.core.convert.TypeDescriptor,org.springframework.core.convert.TypeDescriptor)>: 1 -> result(java.lang.AutoCloseable[]) }
InferredTransfer{ <org.springframework.core.convert.support.CollectionToCollectionConverter: java.lang.Object convert(java.lang.Object,org.springframework.core.convert.TypeDescriptor,org.springframework.core.convert.TypeDescriptor)>: base -> result(sun.security.jca.ProviderConfig) }
InferredTransfer{ <org.springframework.core.convert.support.StreamConverter: java.lang.Object convertFromStream(java.util.stream.Stream,org.springframework.core.convert.TypeDescriptor,org.springframework.core.convert.TypeDescriptor)>: 2 -> result(org.springframework.core.convert.support.StringToCharacterConverter[]) }
InferredTransfer{ <org.springframework.core.convert.support.StringToLocaleConverter: java.util.Locale convert(java.lang.String)>: 0 -> base(org.springframework.core.convert.support.StringToLocaleConverter) }
InferredTransfer{ <org.springframework.core.convert.support.ByteBufferConverter: java.lang.Object convert(java.lang.Object,org.springframework.core.convert.TypeDescriptor,org.springframework.core.convert.TypeDescriptor)>: 0 -> result(java.lang.AutoCloseable[]) }
InferredTransfer{ <org.springframework.core.convert.support.StreamConverter: java.lang.Object convertFromStream(java.util.stream.Stream,org.springframework.core.convert.TypeDescriptor,org.springframework.core.convert.TypeDescriptor)>: 1 -> result(org.springframework.core.convert.support.StringToCharacterConverter[]) }
InferredTransfer{ <org.springframework.core.convert.support.StringToBooleanConverter: java.lang.Boolean convert(java.lang.String)>: 0 -> result(java.lang.Boolean) }
InferredTransfer{ <org.springframework.core.convert.support.ByteBufferConverter: java.lang.Object convert(java.lang.Object,org.springframework.core.convert.TypeDescriptor,org.springframework.core.convert.TypeDescriptor)>: 2 -> result(java.util.SortedMap[]) }
InferredTransfer{ <org.springframework.core.convert.support.ByteBufferConverter: java.lang.Object convert(java.lang.Object,org.springframework.core.convert.TypeDescriptor,org.springframework.core.convert.TypeDescriptor)>: base -> result(java.lang.AutoCloseable[]) }
InferredTransfer{ <org.springframework.core.convert.support.StringToBooleanConverter: java.lang.Boolean convert(java.lang.String)>: base -> result(java.lang.Boolean) }
InferredTransfer{ <org.springframework.core.convert.support.ObjectToArrayConverter: java.lang.Object convert(java.lang.Object,org.springframework.core.convert.TypeDescriptor,org.springframework.core.convert.TypeDescriptor)>: 2 -> result(java.util.SortedSet[]) }
InferredTransfer{ <org.springframework.core.convert.support.ObjectToArrayConverter: java.lang.Object convert(java.lang.Object,org.springframework.core.convert.TypeDescriptor,org.springframework.core.convert.TypeDescriptor)>: 2 -> result(org.springframework.core.convert.support.NumberToCharacterConverter[]) }
InferredTransfer{ <org.springframework.core.convert.support.StreamConverter: java.lang.Object convertFromStream(java.util.stream.Stream,org.springframework.core.convert.TypeDescriptor,org.springframework.core.convert.TypeDescriptor)>: base -> result(org.springframework.core.convert.support.StringToCharacterConverter[]) }
InferredTransfer{ <org.springframework.core.convert.support.MapToMapConverter: java.lang.Object convertValue(java.lang.Object,org.springframework.core.convert.TypeDescriptor,org.springframework.core.convert.TypeDescriptor)>: 2 -> result(org.springframework.core.convert.support.ZoneIdToTimeZoneConverter[]) }
InferredTransfer{ <org.springframework.core.convert.support.ObjectToArrayConverter: java.lang.Object convert(java.lang.Object,org.springframework.core.convert.TypeDescriptor,org.springframework.core.convert.TypeDescriptor)>: 1 -> result(org.springframework.core.convert.support.NumberToCharacterConverter[]) }
InferredTransfer{ <org.springframework.core.convert.support.ByteBufferConverter: java.lang.Object convert(java.lang.Object,org.springframework.core.convert.TypeDescriptor,org.springframework.core.convert.TypeDescriptor)>: 0 -> result(java.util.SortedMap[]) }
InferredTransfer{ <org.springframework.core.convert.support.MapToMapConverter: java.lang.Object convertValue(java.lang.Object,org.springframework.core.convert.TypeDescriptor,org.springframework.core.convert.TypeDescriptor)>: 1 -> result(org.springframework.core.convert.support.ZoneIdToTimeZoneConverter[]) }
InferredTransfer{ <org.springframework.core.convert.support.ObjectToArrayConverter: java.lang.Object convert(java.lang.Object,org.springframework.core.convert.TypeDescriptor,org.springframework.core.convert.TypeDescriptor)>: 0 -> result(org.springframework.core.convert.support.NumberToCharacterConverter[]) }
InferredTransfer{ <org.springframework.core.convert.support.ObjectToArrayConverter: java.lang.Object convert(java.lang.Object,org.springframework.core.convert.TypeDescriptor,org.springframework.core.convert.TypeDescriptor)>: 0 -> result(java.util.SortedSet[]) }
InferredTransfer{ <org.springframework.core.convert.support.ByteBufferConverter: java.lang.Object convert(java.lang.Object,org.springframework.core.convert.TypeDescriptor,org.springframework.core.convert.TypeDescriptor)>: base -> result(java.util.SortedMap[]) }
InferredTransfer{ <org.springframework.core.convert.support.StreamConverter: java.lang.Object convert(java.lang.Object,org.springframework.core.convert.TypeDescriptor,org.springframework.core.convert.TypeDescriptor)>: 2 -> result(org.springframework.core.convert.support.StringToEnumConverterFactory[]) }
InferredTransfer{ <org.springframework.core.convert.support.ByteBufferConverter: java.lang.Object convertFromByteBuffer(java.nio.ByteBuffer,org.springframework.core.convert.TypeDescriptor)>: 1 -> result(org.springframework.core.convert.support.StringToLocaleConverter[]) }
InferredTransfer{ <org.springframework.core.convert.support.ObjectToArrayConverter: java.lang.Object convert(java.lang.Object,org.springframework.core.convert.TypeDescriptor,org.springframework.core.convert.TypeDescriptor)>: base -> result(org.springframework.core.convert.support.NumberToCharacterConverter[]) }
InferredTransfer{ <org.springframework.core.convert.support.ObjectToArrayConverter: java.lang.Object convert(java.lang.Object,org.springframework.core.convert.TypeDescriptor,org.springframework.core.convert.TypeDescriptor)>: base -> result(java.util.SortedSet[]) }
InferredTransfer{ <org.springframework.core.convert.support.StreamConverter: java.lang.Object convert(java.lang.Object,org.springframework.core.convert.TypeDescriptor,org.springframework.core.convert.TypeDescriptor)>: 1 -> result(org.springframework.core.convert.support.StringToEnumConverterFactory[]) }
InferredTransfer{ <org.springframework.core.convert.support.MapToMapConverter: java.lang.Object convertValue(java.lang.Object,org.springframework.core.convert.TypeDescriptor,org.springframework.core.convert.TypeDescriptor)>: base -> result(org.springframework.core.convert.support.ZoneIdToTimeZoneConverter[]) }
InferredTransfer{ <org.springframework.core.ResolvableType: java.lang.Class resolve(java.lang.Class)>: base -> result(java.lang.Class) }
InferredTransfer{ <org.springframework.core.convert.support.StreamConverter: java.lang.Object convert(java.lang.Object,org.springframework.core.convert.TypeDescriptor,org.springframework.core.convert.TypeDescriptor)>: 0 -> result(org.springframework.core.convert.support.StringToEnumConverterFactory[]) }
InferredTransfer{ <org.springframework.core.convert.support.ByteBufferConverter: java.lang.Object convertFromByteBuffer(java.nio.ByteBuffer,org.springframework.core.convert.TypeDescriptor)>: base -> result(org.springframework.core.convert.support.StringToLocaleConverter[]) }
InferredTransfer{ <org.springframework.core.convert.support.StreamConverter: java.lang.Object convert(java.lang.Object,org.springframework.core.convert.TypeDescriptor,org.springframework.core.convert.TypeDescriptor)>: base -> result(org.springframework.core.convert.support.StringToEnumConverterFactory[]) }
InferredTransfer{ <org.springframework.core.convert.support.MapToMapConverter: java.lang.Object convertValue(java.lang.Object,org.springframework.core.convert.TypeDescriptor,org.springframework.core.convert.TypeDescriptor)>: 2 -> result(java.util.LinkedHashMap[]) }
InferredTransfer{ <org.springframework.core.convert.support.MapToMapConverter: java.lang.Object convertValue(java.lang.Object,org.springframework.core.convert.TypeDescriptor,org.springframework.core.convert.TypeDescriptor)>: 1 -> result(java.util.LinkedHashMap[]) }
InferredTransfer{ <org.springframework.core.convert.support.CollectionToArrayConverter: java.lang.Object convert(java.lang.Object,org.springframework.core.convert.TypeDescriptor,org.springframework.core.convert.TypeDescriptor)>: 2 -> result(java.util.LinkedHashSet[]) }
InferredTransfer{ <org.springframework.core.convert.support.ConversionUtils: java.lang.Object invokeConverter(org.springframework.core.convert.converter.GenericConverter,java.lang.Object,org.springframework.core.convert.TypeDescriptor,org.springframework.core.convert.TypeDescriptor)>: 3 -> result(java.lang.Boolean) }
InferredTransfer{ <org.springframework.core.convert.support.MapToMapConverter: java.lang.Object convertKey(java.lang.Object,org.springframework.core.convert.TypeDescriptor,org.springframework.core.convert.TypeDescriptor)>: 2 -> result(java.util.HashMap[]) }
InferredTransfer{ <org.springframework.core.convert.support.ArrayToObjectConverter: java.lang.Object convert(java.lang.Object,org.springframework.core.convert.TypeDescriptor,org.springframework.core.convert.TypeDescriptor)>: 0 -> result(java.util.stream.Stream[]) }
InferredTransfer{ <org.springframework.core.convert.support.ArrayToArrayConverter: java.lang.Object convert(java.lang.Object,org.springframework.core.convert.TypeDescriptor,org.springframework.core.convert.TypeDescriptor)>: 2 -> result(java.util.LinkedHashSet[]) }
InferredTransfer{ <org.springframework.core.convert.support.CollectionToArrayConverter: java.lang.Object convert(java.lang.Object,org.springframework.core.convert.TypeDescriptor,org.springframework.core.convert.TypeDescriptor)>: 1 -> result(java.util.LinkedHashSet[]) }
InferredTransfer{ <org.springframework.core.convert.support.PropertiesToStringConverter: java.lang.String convert(java.util.Properties)>: base -> result(java.lang.String) }
InferredTransfer{ <org.springframework.core.convert.support.ArrayToArrayConverter: java.lang.Object convert(java.lang.Object,org.springframework.core.convert.TypeDescriptor,org.springframework.core.convert.TypeDescriptor)>: 1 -> result(java.util.LinkedHashSet[]) }
InferredTransfer{ <org.springframework.core.convert.support.MapToMapConverter: java.lang.Object convertKey(java.lang.Object,org.springframework.core.convert.TypeDescriptor,org.springframework.core.convert.TypeDescriptor)>: 1 -> result(java.util.HashMap[]) }
InferredTransfer{ <org.springframework.core.convert.support.ByteBufferConverter: java.lang.Object convert(java.lang.Object,org.springframework.core.convert.TypeDescriptor,org.springframework.core.convert.TypeDescriptor)>: 0 -> result(java.lang.Comparable[]) }
InferredTransfer{ <org.springframework.core.convert.support.CollectionToObjectConverter: java.lang.Object convert(java.lang.Object,org.springframework.core.convert.TypeDescriptor,org.springframework.core.convert.TypeDescriptor)>: 0 -> result(boolean[][]) }
InferredTransfer{ <org.springframework.core.convert.support.CollectionToArrayConverter: java.lang.Object convert(java.lang.Object,org.springframework.core.convert.TypeDescriptor,org.springframework.core.convert.TypeDescriptor)>: 0 -> result(java.util.LinkedHashSet[]) }
InferredTransfer{ <org.springframework.core.convert.support.ArrayToArrayConverter: java.lang.Object convert(java.lang.Object,org.springframework.core.convert.TypeDescriptor,org.springframework.core.convert.TypeDescriptor)>: 0 -> result(java.util.LinkedHashSet[]) }
InferredTransfer{ <org.springframework.core.convert.support.ConversionUtils: java.lang.Object invokeConverter(org.springframework.core.convert.converter.GenericConverter,java.lang.Object,org.springframework.core.convert.TypeDescriptor,org.springframework.core.convert.TypeDescriptor)>: 1 -> result(java.lang.Boolean) }
InferredTransfer{ <org.springframework.core.convert.support.StringToArrayConverter: java.lang.Object convert(java.lang.Object,org.springframework.core.convert.TypeDescriptor,org.springframework.core.convert.TypeDescriptor)>: 2 -> result(java.math.BigDecimal[]) }
InferredTransfer{ <org.springframework.core.convert.support.CollectionToArrayConverter: java.lang.Object convert(java.lang.Object,org.springframework.core.convert.TypeDescriptor,org.springframework.core.convert.TypeDescriptor)>: base -> result(java.util.LinkedHashSet[]) }
InferredTransfer{ <org.springframework.core.convert.support.ArrayToObjectConverter: java.lang.Object convert(java.lang.Object,org.springframework.core.convert.TypeDescriptor,org.springframework.core.convert.TypeDescriptor)>: 2 -> result(sun.security.jca.ServiceId) }
InferredTransfer{ <org.springframework.core.convert.support.ConversionUtils: java.lang.Object invokeConverter(org.springframework.core.convert.converter.GenericConverter,java.lang.Object,org.springframework.core.convert.TypeDescriptor,org.springframework.core.convert.TypeDescriptor)>: 0 -> result(java.lang.Boolean) }
InferredTransfer{ <org.springframework.core.convert.support.CollectionToObjectConverter: java.lang.Object convert(java.lang.Object,org.springframework.core.convert.TypeDescriptor,org.springframework.core.convert.TypeDescriptor)>: 2 -> result(java.math.BigInteger[]) }
InferredTransfer{ <org.springframework.core.convert.support.ArrayToObjectConverter: java.lang.Object convert(java.lang.Object,org.springframework.core.convert.TypeDescriptor,org.springframework.core.convert.TypeDescriptor)>: 0 -> result(java.lang.Error[]) }
InferredTransfer{ <org.springframework.core.convert.support.CollectionToObjectConverter: java.lang.Object convert(java.lang.Object,org.springframework.core.convert.TypeDescriptor,org.springframework.core.convert.TypeDescriptor)>: 0 -> result(java.util.stream.Stream[]) }
InferredTransfer{ <org.springframework.core.convert.support.ArrayToArrayConverter: java.lang.Object convert(java.lang.Object,org.springframework.core.convert.TypeDescriptor,org.springframework.core.convert.TypeDescriptor)>: base -> result(java.util.LinkedHashSet[]) }
InferredTransfer{ <org.springframework.core.convert.support.StringToArrayConverter: java.lang.Object convert(java.lang.Object,org.springframework.core.convert.TypeDescriptor,org.springframework.core.convert.TypeDescriptor)>: 0 -> result(java.math.BigDecimal[]) }
InferredTransfer{ <org.springframework.core.convert.support.ArrayToObjectConverter: java.lang.Object convert(java.lang.Object,org.springframework.core.convert.TypeDescriptor,org.springframework.core.convert.TypeDescriptor)>: 1 -> result(sun.security.jca.ServiceId) }
InferredTransfer{ <org.springframework.util.PropertyPlaceholderHelper: java.lang.String parseStringValue(java.lang.String,org.springframework.util.PropertyPlaceholderHelper$PlaceholderResolver,java.util.Set)>: 0 -> base(org.springframework.util.PropertyPlaceholderHelper) }
InferredTransfer{ <org.springframework.core.convert.support.MapToMapConverter: java.lang.Object convertKey(java.lang.Object,org.springframework.core.convert.TypeDescriptor,org.springframework.core.convert.TypeDescriptor)>: 2 -> result(org.springframework.core.convert.support.StringToCharacterConverter[]) }
InferredTransfer{ <org.springframework.core.convert.support.StringToArrayConverter: java.lang.Object convert(java.lang.Object,org.springframework.core.convert.TypeDescriptor,org.springframework.core.convert.TypeDescriptor)>: base -> result(java.math.BigDecimal[]) }
InferredTransfer{ <org.springframework.core.convert.support.ArrayToObjectConverter: java.lang.Object convert(java.lang.Object,org.springframework.core.convert.TypeDescriptor,org.springframework.core.convert.TypeDescriptor)>: 0 -> result(sun.security.jca.ServiceId) }
InferredTransfer{ <org.springframework.core.convert.support.CollectionToObjectConverter: java.lang.Object convert(java.lang.Object,org.springframework.core.convert.TypeDescriptor,org.springframework.core.convert.TypeDescriptor)>: 0 -> result(java.math.BigInteger[]) }
InferredTransfer{ <org.springframework.core.convert.support.StreamConverter: java.lang.Object convert(java.lang.Object,org.springframework.core.convert.TypeDescriptor,org.springframework.core.convert.TypeDescriptor)>: 2 -> result(java.util.NavigableSet[]) }
InferredTransfer{ <org.springframework.core.convert.support.StreamConverter: java.lang.Object convert(java.lang.Object,org.springframework.core.convert.TypeDescriptor,org.springframework.core.convert.TypeDescriptor)>: 2 -> result(org.springframework.core.convert.support.IntegerToEnumConverterFactory[]) }
InferredTransfer{ <org.springframework.core.convert.support.MapToMapConverter: java.lang.Object convertKey(java.lang.Object,org.springframework.core.convert.TypeDescriptor,org.springframework.core.convert.TypeDescriptor)>: 1 -> result(org.springframework.core.convert.support.StringToCharacterConverter[]) }
InferredTransfer{ <java.util.regex.Pattern: java.util.regex.Matcher matcher(java.lang.CharSequence)>: 0 -> base(java.util.regex.Pattern) }
InferredTransfer{ <org.springframework.core.convert.support.ObjectToArrayConverter: java.lang.Object convert(java.lang.Object,org.springframework.core.convert.TypeDescriptor,org.springframework.core.convert.TypeDescriptor)>: 0 -> result(java.lang.Integer[]) }
InferredTransfer{ <org.springframework.core.convert.support.ArrayToObjectConverter: java.lang.Object convert(java.lang.Object,org.springframework.core.convert.TypeDescriptor,org.springframework.core.convert.TypeDescriptor)>: base -> result(sun.security.jca.ServiceId) }
InferredTransfer{ <org.springframework.core.convert.support.CollectionToObjectConverter: java.lang.Object convert(java.lang.Object,org.springframework.core.convert.TypeDescriptor,org.springframework.core.convert.TypeDescriptor)>: base -> result(java.math.BigInteger[]) }
InferredTransfer{ <org.springframework.core.convert.support.CollectionToObjectConverter: java.lang.Object convert(java.lang.Object,org.springframework.core.convert.TypeDescriptor,org.springframework.core.convert.TypeDescriptor)>: 0 -> result(java.lang.Error[]) }
InferredTransfer{ <org.springframework.core.convert.support.ByteBufferConverter: java.lang.Object convertFromByteBuffer(java.nio.ByteBuffer,org.springframework.core.convert.TypeDescriptor)>: 1 -> result(java.lang.Float) }
InferredTransfer{ <org.springframework.core.convert.support.StreamConverter: java.lang.Object convert(java.lang.Object,org.springframework.core.convert.TypeDescriptor,org.springframework.core.convert.TypeDescriptor)>: 1 -> result(org.springframework.core.convert.support.IntegerToEnumConverterFactory[]) }
InferredTransfer{ <org.springframework.core.convert.support.StreamConverter: java.lang.Object convert(java.lang.Object,org.springframework.core.convert.TypeDescriptor,org.springframework.core.convert.TypeDescriptor)>: 2 -> result(org.springframework.core.convert.support.StringToPropertiesConverter[]) }
InferredTransfer{ <org.springframework.core.convert.support.GenericConversionService: java.lang.Object convert(java.lang.Object,org.springframework.core.convert.TypeDescriptor,org.springframework.core.convert.TypeDescriptor)>: 0 -> result(java.lang.Byte) }
InferredTransfer{ <org.springframework.core.convert.support.StreamConverter: java.lang.Object convert(java.lang.Object,org.springframework.core.convert.TypeDescriptor,org.springframework.core.convert.TypeDescriptor)>: 0 -> result(java.util.NavigableSet[]) }
InferredTransfer{ <org.springframework.core.convert.support.StreamConverter: java.lang.Object convert(java.lang.Object,org.springframework.core.convert.TypeDescriptor,org.springframework.core.convert.TypeDescriptor)>: 0 -> result(org.springframework.core.convert.support.IntegerToEnumConverterFactory[]) }
InferredTransfer{ <org.springframework.core.convert.support.MapToMapConverter: java.lang.Object convertKey(java.lang.Object,org.springframework.core.convert.TypeDescriptor,org.springframework.core.convert.TypeDescriptor)>: base -> result(org.springframework.core.convert.support.StringToCharacterConverter[]) }
InferredTransfer{ <org.springframework.core.convert.support.StreamConverter: java.lang.Object convert(java.lang.Object,org.springframework.core.convert.TypeDescriptor,org.springframework.core.convert.TypeDescriptor)>: 1 -> result(org.springframework.core.convert.support.StringToPropertiesConverter[]) }
InferredTransfer{ <org.springframework.core.convert.support.StreamConverter: java.lang.Object convert(java.lang.Object,org.springframework.core.convert.TypeDescriptor,org.springframework.core.convert.TypeDescriptor)>: base -> result(java.util.NavigableSet[]) }
InferredTransfer{ <org.springframework.core.convert.support.StreamConverter: java.lang.Object convert(java.lang.Object,org.springframework.core.convert.TypeDescriptor,org.springframework.core.convert.TypeDescriptor)>: base -> result(org.springframework.core.convert.support.IntegerToEnumConverterFactory[]) }
InferredTransfer{ <org.springframework.core.convert.support.ByteBufferConverter: java.lang.Object convertFromByteBuffer(java.nio.ByteBuffer,org.springframework.core.convert.TypeDescriptor)>: base -> result(java.lang.Float) }
InferredTransfer{ <org.springframework.core.convert.support.GenericConversionService: org.springframework.core.convert.converter.GenericConverter getDefaultConverter(org.springframework.core.convert.TypeDescriptor,org.springframework.core.convert.TypeDescriptor)>: 1 -> result(org.springframework.core.convert.support.GenericConversionService$NoOpConverter) }
InferredTransfer{ <org.springframework.util.NumberUtils: java.lang.Number parseNumber(java.lang.String,java.lang.Class)>: 1 -> result(java.lang.Float) }
InferredTransfer{ <org.springframework.core.convert.support.StreamConverter: java.lang.Object convert(java.lang.Object,org.springframework.core.convert.TypeDescriptor,org.springframework.core.convert.TypeDescriptor)>: 0 -> result(org.springframework.core.convert.support.StringToPropertiesConverter[]) }
InferredTransfer{ <org.springframework.core.ResolvableType: org.springframework.core.ResolvableType getGeneric(int[])>: base -> result(org.springframework.core.ResolvableType) }
InferredTransfer{ <org.springframework.util.NumberUtils: java.lang.Number parseNumber(java.lang.String,java.lang.Class)>: 0 -> result(java.lang.Float) }
InferredTransfer{ <org.springframework.core.convert.support.CollectionToObjectConverter: java.lang.Object convert(java.lang.Object,org.springframework.core.convert.TypeDescriptor,org.springframework.core.convert.TypeDescriptor)>: 0 -> result(java.util.Set[]) }
InferredTransfer{ <org.springframework.core.convert.support.StreamConverter: java.lang.Object convert(java.lang.Object,org.springframework.core.convert.TypeDescriptor,org.springframework.core.convert.TypeDescriptor)>: base -> result(org.springframework.core.convert.support.StringToPropertiesConverter[]) }
InferredTransfer{ <org.springframework.core.convert.support.GenericConversionService: org.springframework.core.convert.converter.GenericConverter getDefaultConverter(org.springframework.core.convert.TypeDescriptor,org.springframework.core.convert.TypeDescriptor)>: 0 -> result(org.springframework.core.convert.support.GenericConversionService$NoOpConverter) }
InferredTransfer{ <org.springframework.core.convert.support.CollectionToObjectConverter: java.lang.Object convert(java.lang.Object,org.springframework.core.convert.TypeDescriptor,org.springframework.core.convert.TypeDescriptor)>: 2 -> result(java.util.HashMap[]) }
InferredTransfer{ <org.springframework.core.convert.support.GenericConversionService: org.springframework.core.convert.converter.GenericConverter getDefaultConverter(org.springframework.core.convert.TypeDescriptor,org.springframework.core.convert.TypeDescriptor)>: base -> result(org.springframework.core.convert.support.GenericConversionService$NoOpConverter) }
InferredTransfer{ <org.springframework.core.convert.support.ByteBufferConverter: java.lang.Object convertFromByteBuffer(java.nio.ByteBuffer,org.springframework.core.convert.TypeDescriptor)>: 1 -> result(sun.security.jca.ProviderConfig[]) }
InferredTransfer{ <org.springframework.core.convert.support.StreamConverter: java.lang.Object convert(java.lang.Object,org.springframework.core.convert.TypeDescriptor,org.springframework.core.convert.TypeDescriptor)>: 0 -> result(java.lang.Float[]) }
InferredTransfer{ <org.springframework.core.convert.support.CollectionToObjectConverter: java.lang.Object convert(java.lang.Object,org.springframework.core.convert.TypeDescriptor,org.springframework.core.convert.TypeDescriptor)>: 1 -> result(java.util.HashMap[]) }
InferredTransfer{ <org.springframework.core.convert.support.CollectionToArrayConverter: java.lang.Object convert(java.lang.Object,org.springframework.core.convert.TypeDescriptor,org.springframework.core.convert.TypeDescriptor)>: 2 -> result(java.util.LinkedList[]) }
InferredTransfer{ <org.springframework.core.convert.support.ConversionUtils: java.lang.Object invokeConverter(org.springframework.core.convert.converter.GenericConverter,java.lang.Object,org.springframework.core.convert.TypeDescriptor,org.springframework.core.convert.TypeDescriptor)>: 3 -> result(org.springframework.core.convert.support.PropertiesToStringConverter[]) }
InferredTransfer{ <org.springframework.core.convert.support.CollectionToObjectConverter: java.lang.Object convert(java.lang.Object,org.springframework.core.convert.TypeDescriptor,org.springframework.core.convert.TypeDescriptor)>: 0 -> result(java.util.HashMap[]) }
InferredTransfer{ <org.springframework.core.convert.support.ConversionUtils: java.lang.Object invokeConverter(org.springframework.core.convert.converter.GenericConverter,java.lang.Object,org.springframework.core.convert.TypeDescriptor,org.springframework.core.convert.TypeDescriptor)>: 2 -> result(org.springframework.core.convert.support.PropertiesToStringConverter[]) }
InferredTransfer{ <org.springframework.core.convert.support.ByteBufferConverter: java.lang.Object convertFromByteBuffer(java.nio.ByteBuffer,org.springframework.core.convert.TypeDescriptor)>: base -> result(sun.security.jca.ProviderConfig[]) }
InferredTransfer{ <org.springframework.core.convert.support.StreamConverter: java.lang.Object convertFromStream(java.util.stream.Stream,org.springframework.core.convert.TypeDescriptor,org.springframework.core.convert.TypeDescriptor)>: 2 -> result(java.util.Locale) }
InferredTransfer{ <org.springframework.core.convert.support.ObjectToArrayConverter: java.lang.Object convert(java.lang.Object,org.springframework.core.convert.TypeDescriptor,org.springframework.core.convert.TypeDescriptor)>: 2 -> result(org.springframework.core.convert.support.StringToLocaleConverter[]) }
InferredTransfer{ <org.springframework.core.convert.support.StreamConverter: java.lang.Object convert(java.lang.Object,org.springframework.core.convert.TypeDescriptor,org.springframework.core.convert.TypeDescriptor)>: 2 -> result(java.lang.Character) }
InferredTransfer{ <org.springframework.core.convert.support.ArrayToObjectConverter: java.lang.Object convert(java.lang.Object,org.springframework.core.convert.TypeDescriptor,org.springframework.core.convert.TypeDescriptor)>: 0 -> result(char[][]) }
InferredTransfer{ <org.springframework.core.convert.support.CollectionToObjectConverter: java.lang.Object convert(java.lang.Object,org.springframework.core.convert.TypeDescriptor,org.springframework.core.convert.TypeDescriptor)>: base -> result(java.util.HashMap[]) }
InferredTransfer{ <org.springframework.core.convert.support.CollectionToArrayConverter: java.lang.Object convert(java.lang.Object,org.springframework.core.convert.TypeDescriptor,org.springframework.core.convert.TypeDescriptor)>: 2 -> result(org.springframework.core.convert.support.StringToBooleanConverter[]) }
InferredTransfer{ <org.springframework.core.convert.support.CollectionToArrayConverter: java.lang.Object convert(java.lang.Object,org.springframework.core.convert.TypeDescriptor,org.springframework.core.convert.TypeDescriptor)>: 0 -> result(java.util.LinkedList[]) }
InferredTransfer{ <org.springframework.core.convert.support.StreamConverter: java.lang.Object convertFromStream(java.util.stream.Stream,org.springframework.core.convert.TypeDescriptor,org.springframework.core.convert.TypeDescriptor)>: 1 -> result(java.util.Locale) }
InferredTransfer{ <org.springframework.core.convert.support.ArrayToArrayConverter: java.lang.Object convert(java.lang.Object,org.springframework.core.convert.TypeDescriptor,org.springframework.core.convert.TypeDescriptor)>: 2 -> result(org.springframework.core.convert.support.StringToBooleanConverter[]) }
InferredTransfer{ <org.springframework.core.convert.support.StreamConverter: java.lang.Object convert(java.lang.Object,org.springframework.core.convert.TypeDescriptor,org.springframework.core.convert.TypeDescriptor)>: 1 -> result(java.lang.Character) }
InferredTransfer{ <org.springframework.core.convert.support.ObjectToArrayConverter: java.lang.Object convert(java.lang.Object,org.springframework.core.convert.TypeDescriptor,org.springframework.core.convert.TypeDescriptor)>: 1 -> result(org.springframework.core.convert.support.StringToLocaleConverter[]) }
InferredTransfer{ <org.springframework.core.convert.support.ConversionUtils: java.lang.Object invokeConverter(org.springframework.core.convert.converter.GenericConverter,java.lang.Object,org.springframework.core.convert.TypeDescriptor,org.springframework.core.convert.TypeDescriptor)>: 1 -> result(org.springframework.core.convert.support.PropertiesToStringConverter[]) }
InferredTransfer{ <org.springframework.core.convert.support.ConversionUtils: java.lang.Object invokeConverter(org.springframework.core.convert.converter.GenericConverter,java.lang.Object,org.springframework.core.convert.TypeDescriptor,org.springframework.core.convert.TypeDescriptor)>: 0 -> result(org.springframework.core.convert.support.PropertiesToStringConverter[]) }
InferredTransfer{ <org.springframework.core.convert.support.CollectionToObjectConverter: java.lang.Object convert(java.lang.Object,org.springframework.core.convert.TypeDescriptor,org.springframework.core.convert.TypeDescriptor)>: 2 -> result(org.springframework.core.convert.support.StringToCharacterConverter[]) }
InferredTransfer{ <org.springframework.core.convert.support.ObjectToArrayConverter: java.lang.Object convert(java.lang.Object,org.springframework.core.convert.TypeDescriptor,org.springframework.core.convert.TypeDescriptor)>: 0 -> result(org.springframework.core.convert.support.StringToLocaleConverter[]) }
InferredTransfer{ <org.springframework.core.convert.support.CollectionToArrayConverter: java.lang.Object convert(java.lang.Object,org.springframework.core.convert.TypeDescriptor,org.springframework.core.convert.TypeDescriptor)>: 1 -> result(org.springframework.core.convert.support.StringToBooleanConverter[]) }
InferredTransfer{ <org.springframework.core.convert.support.ArrayToArrayConverter: java.lang.Object convert(java.lang.Object,org.springframework.core.convert.TypeDescriptor,org.springframework.core.convert.TypeDescriptor)>: 1 -> result(org.springframework.core.convert.support.StringToBooleanConverter[]) }
InferredTransfer{ <org.springframework.core.convert.support.ArrayToObjectConverter: java.lang.Object convert(java.lang.Object,org.springframework.core.convert.TypeDescriptor,org.springframework.core.convert.TypeDescriptor)>: 2 -> result(java.util.NavigableMap[]) }
InferredTransfer{ <org.springframework.core.convert.support.MapToMapConverter: java.lang.Object convertValue(java.lang.Object,org.springframework.core.convert.TypeDescriptor,org.springframework.core.convert.TypeDescriptor)>: 2 -> result(java.lang.Short) }
InferredTransfer{ <org.springframework.core.convert.support.CollectionToArrayConverter: java.lang.Object convert(java.lang.Object,org.springframework.core.convert.TypeDescriptor,org.springframework.core.convert.TypeDescriptor)>: 0 -> result(org.springframework.core.convert.support.StringToBooleanConverter[]) }
InferredTransfer{ <org.springframework.core.convert.support.StreamConverter: java.lang.Object convert(java.lang.Object,org.springframework.core.convert.TypeDescriptor,org.springframework.core.convert.TypeDescriptor)>: 0 -> result(java.lang.Character) }
InferredTransfer{ <org.springframework.core.convert.support.ArrayToArrayConverter: java.lang.Object convert(java.lang.Object,org.springframework.core.convert.TypeDescriptor,org.springframework.core.convert.TypeDescriptor)>: 0 -> result(org.springframework.core.convert.support.StringToBooleanConverter[]) }
InferredTransfer{ <org.springframework.core.convert.support.ObjectToArrayConverter: java.lang.Object convert(java.lang.Object,org.springframework.core.convert.TypeDescriptor,org.springframework.core.convert.TypeDescriptor)>: base -> result(org.springframework.core.convert.support.StringToLocaleConverter[]) }
InferredTransfer{ <org.springframework.core.convert.support.MapToMapConverter: java.lang.Object convertValue(java.lang.Object,org.springframework.core.convert.TypeDescriptor,org.springframework.core.convert.TypeDescriptor)>: 1 -> result(java.lang.Short) }
InferredTransfer{ <org.springframework.core.convert.support.GenericConversionService: java.lang.Object convert(java.lang.Object,org.springframework.core.convert.TypeDescriptor,org.springframework.core.convert.TypeDescriptor)>: 1 -> result(org.springframework.core.convert.support.StringToNumberConverterFactory[]) }
InferredTransfer{ <org.springframework.core.convert.support.CollectionToObjectConverter: java.lang.Object convert(java.lang.Object,org.springframework.core.convert.TypeDescriptor,org.springframework.core.convert.TypeDescriptor)>: 0 -> result(char[][]) }
InferredTransfer{ <org.springframework.core.convert.support.StringToArrayConverter: java.lang.Object convert(java.lang.Object,org.springframework.core.convert.TypeDescriptor,org.springframework.core.convert.TypeDescriptor)>: 0 -> result(byte[][]) }
InferredTransfer{ <org.springframework.core.convert.support.ByteBufferConverter: java.lang.Object convert(java.lang.Object,org.springframework.core.convert.TypeDescriptor,org.springframework.core.convert.TypeDescriptor)>: 2 -> result(org.springframework.core.convert.support.ZoneIdToTimeZoneConverter[]) }
InferredTransfer{ <org.springframework.core.convert.support.CollectionToObjectConverter: java.lang.Object convert(java.lang.Object,org.springframework.core.convert.TypeDescriptor,org.springframework.core.convert.TypeDescriptor)>: 0 -> result(org.springframework.core.convert.support.StringToCharacterConverter[]) }
InferredTransfer{ <org.springframework.core.convert.support.ArrayToArrayConverter: java.lang.Object convert(java.lang.Object,org.springframework.core.convert.TypeDescriptor,org.springframework.core.convert.TypeDescriptor)>: base -> result(org.springframework.core.convert.support.StringToBooleanConverter[]) }
InferredTransfer{ <org.springframework.core.convert.support.GenericConversionService: java.lang.Object convert(java.lang.Object,org.springframework.core.convert.TypeDescriptor,org.springframework.core.convert.TypeDescriptor)>: 2 -> result(org.springframework.core.convert.support.StringToNumberConverterFactory[]) }
InferredTransfer{ <org.springframework.core.convert.support.GenericConversionService: java.lang.Object convert(java.lang.Object,org.springframework.core.convert.TypeDescriptor,org.springframework.core.convert.TypeDescriptor)>: 0 -> result(org.springframework.core.convert.support.StringToNumberConverterFactory[]) }
InferredTransfer{ <org.springframework.core.convert.support.ArrayToObjectConverter: java.lang.Object convert(java.lang.Object,org.springframework.core.convert.TypeDescriptor,org.springframework.core.convert.TypeDescriptor)>: 0 -> result(java.util.NavigableMap[]) }
InferredTransfer{ <org.springframework.core.convert.support.CollectionToObjectConverter: java.lang.Object convert(java.lang.Object,org.springframework.core.convert.TypeDescriptor,org.springframework.core.convert.TypeDescriptor)>: 1 -> result(org.springframework.core.convert.support.StringToCharacterConverter[]) }
InferredTransfer{ <org.springframework.core.convert.support.StringToArrayConverter: java.lang.Object convert(java.lang.Object,org.springframework.core.convert.TypeDescriptor,org.springframework.core.convert.TypeDescriptor)>: 2 -> base(org.springframework.core.convert.support.StringToArrayConverter) }
InferredTransfer{ <org.springframework.core.convert.support.ArrayToObjectConverter: java.lang.Object convert(java.lang.Object,org.springframework.core.convert.TypeDescriptor,org.springframework.core.convert.TypeDescriptor)>: 0 -> result(java.lang.System[]) }
InferredTransfer{ <org.springframework.core.convert.support.CollectionToObjectConverter: java.lang.Object convert(java.lang.Object,org.springframework.core.convert.TypeDescriptor,org.springframework.core.convert.TypeDescriptor)>: base -> result(org.springframework.core.convert.support.StringToCharacterConverter[]) }
InferredTransfer{ <org.springframework.core.convert.support.MapToMapConverter: java.lang.Object convertValue(java.lang.Object,org.springframework.core.convert.TypeDescriptor,org.springframework.core.convert.TypeDescriptor)>: base -> result(java.lang.Short) }
InferredTransfer{ <org.springframework.core.convert.support.ArrayToObjectConverter: java.lang.Object convert(java.lang.Object,org.springframework.core.convert.TypeDescriptor,org.springframework.core.convert.TypeDescriptor)>: base -> result(java.util.NavigableMap[]) }
InferredTransfer{ <org.springframework.core.convert.support.StreamConverter: java.lang.Object convert(java.lang.Object,org.springframework.core.convert.TypeDescriptor,org.springframework.core.convert.TypeDescriptor)>: base -> result(java.lang.Character) }
InferredTransfer{ <org.springframework.core.convert.support.CollectionToArrayConverter: java.lang.Object convert(java.lang.Object,org.springframework.core.convert.TypeDescriptor,org.springframework.core.convert.TypeDescriptor)>: base -> result(org.springframework.core.convert.support.StringToBooleanConverter[]) }
InferredTransfer{ <org.springframework.core.convert.support.ByteBufferConverter: java.lang.Object convert(java.lang.Object,org.springframework.core.convert.TypeDescriptor,org.springframework.core.convert.TypeDescriptor)>: 0 -> result(org.springframework.core.convert.support.ZoneIdToTimeZoneConverter[]) }
InferredTransfer{ <org.springframework.core.convert.support.StringToArrayConverter: java.lang.Object convert(java.lang.Object,org.springframework.core.convert.TypeDescriptor,org.springframework.core.convert.TypeDescriptor)>: 1 -> base(org.springframework.core.convert.support.StringToArrayConverter) }
InferredTransfer{ <org.springframework.core.convert.support.ByteBufferConverter: java.lang.Object convert(java.lang.Object,org.springframework.core.convert.TypeDescriptor,org.springframework.core.convert.TypeDescriptor)>: 1 -> result(org.springframework.core.convert.support.ZoneIdToTimeZoneConverter[]) }
InferredTransfer{ <org.springframework.core.convert.support.CollectionToObjectConverter: java.lang.Object convert(java.lang.Object,org.springframework.core.convert.TypeDescriptor,org.springframework.core.convert.TypeDescriptor)>: 2 -> result(java.util.NavigableMap[]) }
InferredTransfer{ <org.springframework.core.convert.support.CollectionToArrayConverter: java.lang.Object convert(java.lang.Object,org.springframework.core.convert.TypeDescriptor,org.springframework.core.convert.TypeDescriptor)>: base -> result(java.util.LinkedList[]) }
InferredTransfer{ <org.springframework.core.convert.support.CollectionToObjectConverter: java.lang.Object convert(java.lang.Object,org.springframework.core.convert.TypeDescriptor,org.springframework.core.convert.TypeDescriptor)>: 0 -> result(org.springframework.core.convert.support.EnumToIntegerConverter[]) }
InferredTransfer{ <org.springframework.core.convert.support.GenericConversionService: java.lang.Object convert(java.lang.Object,org.springframework.core.convert.TypeDescriptor,org.springframework.core.convert.TypeDescriptor)>: base -> result(org.springframework.core.convert.support.StringToNumberConverterFactory[]) }
InferredTransfer{ <org.springframework.core.convert.support.CollectionToObjectConverter: java.lang.Object convert(java.lang.Object,org.springframework.core.convert.TypeDescriptor,org.springframework.core.convert.TypeDescriptor)>: base -> result(org.springframework.core.convert.support.EnumToIntegerConverter[]) }
InferredTransfer{ <org.springframework.core.convert.support.ByteBufferConverter: java.lang.Object convert(java.lang.Object,org.springframework.core.convert.TypeDescriptor,org.springframework.core.convert.TypeDescriptor)>: base -> result(org.springframework.core.convert.support.ZoneIdToTimeZoneConverter[]) }
InferredTransfer{ <org.springframework.core.convert.support.StringToArrayConverter: java.lang.Object convert(java.lang.Object,org.springframework.core.convert.TypeDescriptor,org.springframework.core.convert.TypeDescriptor)>: 0 -> base(org.springframework.core.convert.support.StringToArrayConverter) }
InferredTransfer{ <org.springframework.core.convert.support.CollectionToObjectConverter: java.lang.Object convert(java.lang.Object,org.springframework.core.convert.TypeDescriptor,org.springframework.core.convert.TypeDescriptor)>: 0 -> result(java.util.NavigableMap[]) }
InferredTransfer{ <org.springframework.core.convert.support.StreamConverter: java.lang.Object convert(java.lang.Object,org.springframework.core.convert.TypeDescriptor,org.springframework.core.convert.TypeDescriptor)>: 0 -> result(java.lang.Enum[]) }
InferredTransfer{ <org.springframework.core.ResolvableType: java.lang.reflect.Type resolveBounds(java.lang.reflect.Type[])>: base -> result(sun.reflect.generics.reflectiveObjects.WildcardTypeImpl) }
InferredTransfer{ <org.springframework.core.convert.support.CollectionToObjectConverter: java.lang.Object convert(java.lang.Object,org.springframework.core.convert.TypeDescriptor,org.springframework.core.convert.TypeDescriptor)>: 0 -> result(java.lang.Byte[]) }
InferredTransfer{ <org.springframework.core.convert.support.CollectionToObjectConverter: java.lang.Object convert(java.lang.Object,org.springframework.core.convert.TypeDescriptor,org.springframework.core.convert.TypeDescriptor)>: 0 -> result(java.lang.System[]) }
InferredTransfer{ <org.springframework.core.convert.support.CollectionToObjectConverter: java.lang.Object convert(java.lang.Object,org.springframework.core.convert.TypeDescriptor,org.springframework.core.convert.TypeDescriptor)>: base -> result(java.util.NavigableMap[]) }
InferredTransfer{ <org.springframework.core.convert.support.StringToArrayConverter: java.lang.Object convert(java.lang.Object,org.springframework.core.convert.TypeDescriptor,org.springframework.core.convert.TypeDescriptor)>: 2 -> result(org.springframework.core.convert.support.NumberToNumberConverterFactory[]) }
InferredTransfer{ <org.springframework.core.convert.support.ArrayToArrayConverter: java.lang.Object convert(java.lang.Object,org.springframework.core.convert.TypeDescriptor,org.springframework.core.convert.TypeDescriptor)>: 0 -> result(java.nio.ByteBuffer[]) }
InferredTransfer{ <org.springframework.core.convert.support.ByteBufferConverter: java.lang.Object convert(java.lang.Object,org.springframework.core.convert.TypeDescriptor,org.springframework.core.convert.TypeDescriptor)>: 2 -> result(java.util.LinkedHashMap[]) }
InferredTransfer{ <org.springframework.core.convert.support.StringToArrayConverter: java.lang.Object convert(java.lang.Object,org.springframework.core.convert.TypeDescriptor,org.springframework.core.convert.TypeDescriptor)>: 1 -> result(org.springframework.core.convert.support.NumberToNumberConverterFactory[]) }
InferredTransfer{ <org.springframework.core.convert.support.ArrayToArrayConverter: java.lang.Object convert(java.lang.Object,org.springframework.core.convert.TypeDescriptor,org.springframework.core.convert.TypeDescriptor)>: base -> result(java.nio.ByteBuffer[]) }
InferredTransfer{ <org.springframework.core.convert.support.ByteBufferConverter: java.lang.Object convert(java.lang.Object,org.springframework.core.convert.TypeDescriptor,org.springframework.core.convert.TypeDescriptor)>: 0 -> result(java.lang.RuntimeException[]) }
InferredTransfer{ <org.springframework.core.convert.support.ByteBufferConverter: java.lang.Object convert(java.lang.Object,org.springframework.core.convert.TypeDescriptor,org.springframework.core.convert.TypeDescriptor)>: 1 -> result(java.util.LinkedHashMap[]) }
InferredTransfer{ <org.springframework.core.convert.support.StringToArrayConverter: java.lang.Object convert(java.lang.Object,org.springframework.core.convert.TypeDescriptor,org.springframework.core.convert.TypeDescriptor)>: 0 -> result(org.springframework.core.convert.support.NumberToNumberConverterFactory[]) }
InferredTransfer{ <org.springframework.core.convert.support.ByteBufferConverter: java.lang.Object convert(java.lang.Object,org.springframework.core.convert.TypeDescriptor,org.springframework.core.convert.TypeDescriptor)>: 0 -> result(java.util.LinkedHashMap[]) }
InferredTransfer{ <org.springframework.core.convert.support.StringToArrayConverter: java.lang.Object convert(java.lang.Object,org.springframework.core.convert.TypeDescriptor,org.springframework.core.convert.TypeDescriptor)>: base -> result(org.springframework.core.convert.support.NumberToNumberConverterFactory[]) }
InferredTransfer{ <org.springframework.core.convert.support.CollectionToArrayConverter: java.lang.Object convert(java.lang.Object,org.springframework.core.convert.TypeDescriptor,org.springframework.core.convert.TypeDescriptor)>: 0 -> result(java.lang.Double[]) }
InferredTransfer{ <org.springframework.core.convert.support.GenericConversionService: java.lang.Object convert(java.lang.Object,org.springframework.core.convert.TypeDescriptor,org.springframework.core.convert.TypeDescriptor)>: 2 -> result(java.util.SortedMap[]) }
InferredTransfer{ <org.springframework.core.convert.support.ArrayToArrayConverter: java.lang.Object convert(java.lang.Object,org.springframework.core.convert.TypeDescriptor,org.springframework.core.convert.TypeDescriptor)>: 0 -> result(java.lang.Double[]) }
InferredTransfer{ <org.springframework.core.convert.support.ConversionUtils: java.lang.Object invokeConverter(org.springframework.core.convert.converter.GenericConverter,java.lang.Object,org.springframework.core.convert.TypeDescriptor,org.springframework.core.convert.TypeDescriptor)>: 3 -> result(org.springframework.core.convert.support.EnumToStringConverter[]) }
InferredTransfer{ <org.springframework.core.convert.support.ByteBufferConverter: java.lang.Object convert(java.lang.Object,org.springframework.core.convert.TypeDescriptor,org.springframework.core.convert.TypeDescriptor)>: base -> result(java.util.LinkedHashMap[]) }
InferredTransfer{ <org.springframework.core.convert.support.ConversionUtils: java.lang.Object invokeConverter(org.springframework.core.convert.converter.GenericConverter,java.lang.Object,org.springframework.core.convert.TypeDescriptor,org.springframework.core.convert.TypeDescriptor)>: 3 -> result(java.util.ArrayList[]) }
InferredTransfer{ <org.springframework.core.convert.support.ConversionUtils: java.lang.Object invokeConverter(org.springframework.core.convert.converter.GenericConverter,java.lang.Object,org.springframework.core.convert.TypeDescriptor,org.springframework.core.convert.TypeDescriptor)>: 2 -> result(org.springframework.core.convert.support.EnumToStringConverter[]) }
InferredTransfer{ <org.springframework.core.convert.support.ConversionUtils: java.lang.Object invokeConverter(org.springframework.core.convert.converter.GenericConverter,java.lang.Object,org.springframework.core.convert.TypeDescriptor,org.springframework.core.convert.TypeDescriptor)>: 2 -> result(java.util.ArrayList[]) }
InferredTransfer{ <org.springframework.core.convert.support.GenericConversionService: java.lang.Object convert(java.lang.Object,org.springframework.core.convert.TypeDescriptor,org.springframework.core.convert.TypeDescriptor)>: 0 -> result(java.util.SortedMap[]) }
InferredTransfer{ <org.springframework.core.convert.support.ConversionUtils: java.lang.Object invokeConverter(org.springframework.core.convert.converter.GenericConverter,java.lang.Object,org.springframework.core.convert.TypeDescriptor,org.springframework.core.convert.TypeDescriptor)>: 1 -> result(org.springframework.core.convert.support.EnumToStringConverter[]) }
InferredTransfer{ <org.springframework.core.env.AbstractPropertyResolver: java.lang.String doResolvePlaceholders(java.lang.String,org.springframework.util.PropertyPlaceholderHelper)>: 1 -> base(org.springframework.core.env.PropertySourcesPropertyResolver) }
InferredTransfer{ <org.springframework.core.convert.support.ByteBufferConverter: java.lang.Object convert(java.lang.Object,org.springframework.core.convert.TypeDescriptor,org.springframework.core.convert.TypeDescriptor)>: 2 -> result(java.math.BigInteger) }
InferredTransfer{ <org.springframework.core.convert.support.GenericConversionService: java.lang.Object convert(java.lang.Object,org.springframework.core.convert.TypeDescriptor,org.springframework.core.convert.TypeDescriptor)>: base -> result(java.util.SortedMap[]) }
InferredTransfer{ <org.springframework.core.convert.support.ConversionUtils: java.lang.Object invokeConverter(org.springframework.core.convert.converter.GenericConverter,java.lang.Object,org.springframework.core.convert.TypeDescriptor,org.springframework.core.convert.TypeDescriptor)>: 1 -> result(java.util.ArrayList[]) }
InferredTransfer{ <org.springframework.core.convert.support.ConversionUtils: java.lang.Object invokeConverter(org.springframework.core.convert.converter.GenericConverter,java.lang.Object,org.springframework.core.convert.TypeDescriptor,org.springframework.core.convert.TypeDescriptor)>: 0 -> result(org.springframework.core.convert.support.EnumToStringConverter[]) }
InferredTransfer{ <org.springframework.core.convert.support.ArrayToObjectConverter: java.lang.Object convert(java.lang.Object,org.springframework.core.convert.TypeDescriptor,org.springframework.core.convert.TypeDescriptor)>: 0 -> result(int[][]) }
InferredTransfer{ <org.springframework.core.convert.support.ObjectToArrayConverter: java.lang.Object convert(java.lang.Object,org.springframework.core.convert.TypeDescriptor,org.springframework.core.convert.TypeDescriptor)>: 2 -> result(sun.security.jca.ProviderConfig[]) }
InferredTransfer{ <org.springframework.core.env.AbstractPropertyResolver: java.lang.String doResolvePlaceholders(java.lang.String,org.springframework.util.PropertyPlaceholderHelper)>: 0 -> base(org.springframework.core.env.PropertySourcesPropertyResolver) }
InferredTransfer{ <org.springframework.core.convert.support.ConversionUtils: java.lang.Object invokeConverter(org.springframework.core.convert.converter.GenericConverter,java.lang.Object,org.springframework.core.convert.TypeDescriptor,org.springframework.core.convert.TypeDescriptor)>: 0 -> result(java.util.ArrayList[]) }
InferredTransfer{ <org.springframework.core.convert.support.StreamConverter: java.lang.Object convert(java.lang.Object,org.springframework.core.convert.TypeDescriptor,org.springframework.core.convert.TypeDescriptor)>: 2 -> result(sun.security.jca.ProviderConfig) }
InferredTransfer{ <org.springframework.core.convert.support.ArrayToObjectConverter: java.lang.Object convert(java.lang.Object,org.springframework.core.convert.TypeDescriptor,org.springframework.core.convert.TypeDescriptor)>: 0 -> result(java.io.Serializable[]) }
InferredTransfer{ <org.springframework.core.convert.support.ObjectToArrayConverter: java.lang.Object convert(java.lang.Object,org.springframework.core.convert.TypeDescriptor,org.springframework.core.convert.TypeDescriptor)>: 1 -> result(sun.security.jca.ProviderConfig[]) }
InferredTransfer{ <org.springframework.core.convert.support.ByteBufferConverter: java.lang.Object convert(java.lang.Object,org.springframework.core.convert.TypeDescriptor,org.springframework.core.convert.TypeDescriptor)>: 0 -> result(java.math.BigInteger) }
InferredTransfer{ <org.springframework.core.convert.support.GenericConversionService: java.lang.Object convert(java.lang.Object,org.springframework.core.convert.TypeDescriptor,org.springframework.core.convert.TypeDescriptor)>: 0 -> result(java.util.EnumSet[]) }
InferredTransfer{ <org.springframework.core.convert.support.StreamConverter: java.lang.Object convert(java.lang.Object,org.springframework.core.convert.TypeDescriptor,org.springframework.core.convert.TypeDescriptor)>: 1 -> result(sun.security.jca.ProviderConfig) }
InferredTransfer{ <org.springframework.core.convert.support.ObjectToArrayConverter: java.lang.Object convert(java.lang.Object,org.springframework.core.convert.TypeDescriptor,org.springframework.core.convert.TypeDescriptor)>: 0 -> result(java.lang.String[]) }
InferredTransfer{ <org.springframework.core.convert.support.ObjectToArrayConverter: java.lang.Object convert(java.lang.Object,org.springframework.core.convert.TypeDescriptor,org.springframework.core.convert.TypeDescriptor)>: 0 -> result(sun.security.jca.ProviderConfig[]) }
InferredTransfer{ <org.springframework.core.convert.support.ByteBufferConverter: java.lang.Object convert(java.lang.Object,org.springframework.core.convert.TypeDescriptor,org.springframework.core.convert.TypeDescriptor)>: base -> result(java.math.BigInteger) }
InferredTransfer{ <org.springframework.core.convert.support.StreamConverter: java.lang.Object convert(java.lang.Object,org.springframework.core.convert.TypeDescriptor,org.springframework.core.convert.TypeDescriptor)>: 0 -> result(sun.security.jca.ProviderConfig) }
InferredTransfer{ <org.springframework.core.convert.support.ObjectToArrayConverter: java.lang.Object convert(java.lang.Object,org.springframework.core.convert.TypeDescriptor,org.springframework.core.convert.TypeDescriptor)>: base -> result(sun.security.jca.ProviderConfig[]) }
InferredTransfer{ <org.springframework.core.convert.support.ByteBufferConverter: java.lang.Object convertFromByteBuffer(java.nio.ByteBuffer,org.springframework.core.convert.TypeDescriptor)>: 1 -> result(java.lang.Boolean) }
InferredTransfer{ <org.springframework.core.convert.support.StreamConverter: java.lang.Object convert(java.lang.Object,org.springframework.core.convert.TypeDescriptor,org.springframework.core.convert.TypeDescriptor)>: base -> result(sun.security.jca.ProviderConfig) }
InferredTransfer{ <org.springframework.util.PropertyPlaceholderHelper: java.lang.String replacePlaceholders(java.lang.String,org.springframework.util.PropertyPlaceholderHelper$PlaceholderResolver)>: 0 -> result(java.lang.String) }
InferredTransfer{ <org.springframework.core.convert.support.CollectionToObjectConverter: java.lang.Object convert(java.lang.Object,org.springframework.core.convert.TypeDescriptor,org.springframework.core.convert.TypeDescriptor)>: 0 -> result(java.io.Serializable[]) }
InferredTransfer{ <org.springframework.core.convert.support.StreamConverter: java.lang.Object convertFromStream(java.util.stream.Stream,org.springframework.core.convert.TypeDescriptor,org.springframework.core.convert.TypeDescriptor)>: 2 -> result(org.springframework.core.convert.support.StringToEnumConverterFactory[]) }
InferredTransfer{ <org.springframework.util.PropertyPlaceholderHelper: java.lang.String replacePlaceholders(java.lang.String,org.springframework.util.PropertyPlaceholderHelper$PlaceholderResolver)>: base -> result(java.lang.String) }
InferredTransfer{ <org.springframework.core.convert.support.CollectionToArrayConverter: java.lang.Object convert(java.lang.Object,org.springframework.core.convert.TypeDescriptor,org.springframework.core.convert.TypeDescriptor)>: 0 -> result(java.util.Map[]) }
InferredTransfer{ <org.springframework.core.convert.TypeDescriptor: org.springframework.core.convert.TypeDescriptor getMapKeyTypeDescriptor(java.lang.Object)>: base -> result(org.springframework.core.convert.TypeDescriptor) }
InferredTransfer{ <org.springframework.core.convert.support.StreamConverter: java.lang.Object convert(java.lang.Object,org.springframework.core.convert.TypeDescriptor,org.springframework.core.convert.TypeDescriptor)>: 0 -> result(double[][]) }
InferredTransfer{ <org.springframework.core.convert.support.StringToArrayConverter: java.lang.Object convert(java.lang.Object,org.springframework.core.convert.TypeDescriptor,org.springframework.core.convert.TypeDescriptor)>: 0 -> result(java.nio.charset.Charset[]) }
InferredTransfer{ <org.springframework.core.convert.support.StreamConverter: java.lang.Object convertFromStream(java.util.stream.Stream,org.springframework.core.convert.TypeDescriptor,org.springframework.core.convert.TypeDescriptor)>: 1 -> result(org.springframework.core.convert.support.StringToEnumConverterFactory[]) }
InferredTransfer{ <org.springframework.core.convert.support.ByteBufferConverter: java.lang.Object convertFromByteBuffer(java.nio.ByteBuffer,org.springframework.core.convert.TypeDescriptor)>: base -> result(java.lang.Boolean) }
InferredTransfer{ <org.springframework.core.convert.support.GenericConversionService: org.springframework.core.convert.converter.GenericConverter getConverter(org.springframework.core.convert.TypeDescriptor,org.springframework.core.convert.TypeDescriptor)>: 1 -> result(org.springframework.core.convert.support.StringToCollectionConverter) }
InferredTransfer{ <org.springframework.core.convert.support.GenericConversionService: org.springframework.core.convert.converter.GenericConverter getConverter(org.springframework.core.convert.TypeDescriptor,org.springframework.core.convert.TypeDescriptor)>: 0 -> result(org.springframework.core.convert.support.StringToCollectionConverter) }
InferredTransfer{ <org.springframework.core.convert.support.StreamConverter: java.lang.Object convertFromStream(java.util.stream.Stream,org.springframework.core.convert.TypeDescriptor,org.springframework.core.convert.TypeDescriptor)>: base -> result(org.springframework.core.convert.support.StringToEnumConverterFactory[]) }
InferredTransfer{ <org.springframework.core.convert.support.GenericConversionService: org.springframework.core.convert.converter.GenericConverter getConverter(org.springframework.core.convert.TypeDescriptor,org.springframework.core.convert.TypeDescriptor)>: base -> result(org.springframework.core.convert.support.StringToCollectionConverter) }
InferredTransfer{ <org.springframework.core.convert.support.MapToMapConverter: java.lang.Object convertValue(java.lang.Object,org.springframework.core.convert.TypeDescriptor,org.springframework.core.convert.TypeDescriptor)>: 2 -> result(org.springframework.core.convert.support.StringToLocaleConverter[]) }
InferredTransfer{ <org.springframework.core.convert.support.CollectionToObjectConverter: java.lang.Object convert(java.lang.Object,org.springframework.core.convert.TypeDescriptor,org.springframework.core.convert.TypeDescriptor)>: 2 -> result(java.util.Locale) }
InferredTransfer{ <org.springframework.core.convert.support.MapToMapConverter: java.lang.Object convertValue(java.lang.Object,org.springframework.core.convert.TypeDescriptor,org.springframework.core.convert.TypeDescriptor)>: 1 -> result(org.springframework.core.convert.support.StringToLocaleConverter[]) }
InferredTransfer{ <org.springframework.core.convert.support.ByteBufferConverter: java.lang.Object convert(java.lang.Object,org.springframework.core.convert.TypeDescriptor,org.springframework.core.convert.TypeDescriptor)>: 2 -> result(java.lang.Short) }
InferredTransfer{ <org.springframework.core.convert.support.CollectionToObjectConverter: java.lang.Object convert(java.lang.Object,org.springframework.core.convert.TypeDescriptor,org.springframework.core.convert.TypeDescriptor)>: 1 -> result(java.util.Locale) }
InferredTransfer{ <org.springframework.core.convert.support.StreamConverter: java.lang.Object convert(java.lang.Object,org.springframework.core.convert.TypeDescriptor,org.springframework.core.convert.TypeDescriptor)>: 0 -> result(java.util.Currency) }
InferredTransfer{ <org.springframework.core.convert.support.ByteBufferConverter: java.lang.Object convert(java.lang.Object,org.springframework.core.convert.TypeDescriptor,org.springframework.core.convert.TypeDescriptor)>: 1 -> result(java.lang.Short) }
InferredTransfer{ <org.springframework.core.convert.support.StreamConverter: java.lang.Object convert(java.lang.Object,org.springframework.core.convert.TypeDescriptor,org.springframework.core.convert.TypeDescriptor)>: base -> result(java.util.Currency) }
InferredTransfer{ <org.springframework.core.convert.support.GenericConversionService: java.lang.Object convert(java.lang.Object,org.springframework.core.convert.TypeDescriptor,org.springframework.core.convert.TypeDescriptor)>: 0 -> result(java.lang.Number[]) }
InferredTransfer{ <org.springframework.core.convert.support.ArrayToObjectConverter: java.lang.Object convert(java.lang.Object,org.springframework.core.convert.TypeDescriptor,org.springframework.core.convert.TypeDescriptor)>: 0 -> result(long[][]) }
InferredTransfer{ <org.springframework.core.convert.support.CollectionToObjectConverter: java.lang.Object convert(java.lang.Object,org.springframework.core.convert.TypeDescriptor,org.springframework.core.convert.TypeDescriptor)>: 0 -> result(java.util.Locale) }
InferredTransfer{ <org.springframework.core.convert.support.ByteBufferConverter: java.lang.Object convert(java.lang.Object,org.springframework.core.convert.TypeDescriptor,org.springframework.core.convert.TypeDescriptor)>: 0 -> result(java.lang.Short) }
InferredTransfer{ <org.springframework.core.convert.support.MapToMapConverter: java.lang.Object convertValue(java.lang.Object,org.springframework.core.convert.TypeDescriptor,org.springframework.core.convert.TypeDescriptor)>: base -> result(org.springframework.core.convert.support.StringToLocaleConverter[]) }
InferredTransfer{ <org.springframework.core.convert.support.ArrayToObjectConverter: java.lang.Object convert(java.lang.Object,org.springframework.core.convert.TypeDescriptor,org.springframework.core.convert.TypeDescriptor)>: 0 -> result(java.util.Locale[]) }
InferredTransfer{ <org.springframework.core.convert.support.CollectionToObjectConverter: java.lang.Object convert(java.lang.Object,org.springframework.core.convert.TypeDescriptor,org.springframework.core.convert.TypeDescriptor)>: base -> result(java.util.Locale) }
InferredTransfer{ <org.springframework.core.convert.support.ByteBufferConverter: java.lang.Object convert(java.lang.Object,org.springframework.core.convert.TypeDescriptor,org.springframework.core.convert.TypeDescriptor)>: base -> result(java.lang.Short) }
InferredTransfer{ <sun.reflect.generics.reflectiveObjects.ParameterizedTypeImpl: java.lang.reflect.Type getOwnerType()>: base -> result(sun.reflect.generics.reflectiveObjects.ParameterizedTypeImpl) }
InferredTransfer{ <org.springframework.core.convert.support.ArrayToObjectConverter: java.lang.Object convert(java.lang.Object,org.springframework.core.convert.TypeDescriptor,org.springframework.core.convert.TypeDescriptor)>: 2 -> result(org.springframework.core.convert.support.StringToTimeZoneConverter[]) }
InferredTransfer{ <org.springframework.core.convert.support.StreamConverter: java.lang.Object convertFromStream(java.util.stream.Stream,org.springframework.core.convert.TypeDescriptor,org.springframework.core.convert.TypeDescriptor)>: 2 -> result(java.util.NavigableSet[]) }
InferredTransfer{ <org.springframework.core.convert.support.StreamConverter: java.lang.Object convertFromStream(java.util.stream.Stream,org.springframework.core.convert.TypeDescriptor,org.springframework.core.convert.TypeDescriptor)>: 2 -> result(org.springframework.core.convert.support.IntegerToEnumConverterFactory[]) }
InferredTransfer{ <org.springframework.core.convert.support.ArrayToObjectConverter: java.lang.Object convert(java.lang.Object,org.springframework.core.convert.TypeDescriptor,org.springframework.core.convert.TypeDescriptor)>: 1 -> result(org.springframework.core.convert.support.StringToTimeZoneConverter[]) }
InferredTransfer{ <org.springframework.core.convert.support.CollectionToObjectConverter: java.lang.Object convert(java.lang.Object,org.springframework.core.convert.TypeDescriptor,org.springframework.core.convert.TypeDescriptor)>: 0 -> result(java.util.Locale[]) }
InferredTransfer{ <org.springframework.core.convert.support.StreamConverter: java.lang.Object convertFromStream(java.util.stream.Stream,org.springframework.core.convert.TypeDescriptor,org.springframework.core.convert.TypeDescriptor)>: 1 -> result(org.springframework.core.convert.support.IntegerToEnumConverterFactory[]) }
InferredTransfer{ <org.springframework.core.convert.support.ArrayToObjectConverter: java.lang.Object convert(java.lang.Object,org.springframework.core.convert.TypeDescriptor,org.springframework.core.convert.TypeDescriptor)>: 0 -> result(org.springframework.core.convert.support.StringToTimeZoneConverter[]) }
InferredTransfer{ <org.springframework.core.convert.support.StreamConverter: java.lang.Object convertFromStream(java.util.stream.Stream,org.springframework.core.convert.TypeDescriptor,org.springframework.core.convert.TypeDescriptor)>: 2 -> result(org.springframework.core.convert.support.StringToPropertiesConverter[]) }
InferredTransfer{ <org.springframework.core.convert.support.StreamConverter: java.lang.Object convert(java.lang.Object,org.springframework.core.convert.TypeDescriptor,org.springframework.core.convert.TypeDescriptor)>: 0 -> result(sun.reflect.Reflection[]) }
InferredTransfer{ <org.springframework.core.env.AbstractPropertyResolver: java.lang.String resolvePlaceholders(java.lang.String)>: 0 -> base(org.springframework.core.env.PropertySourcesPropertyResolver) }
InferredTransfer{ <org.springframework.core.convert.support.ArrayToObjectConverter: java.lang.Object convert(java.lang.Object,org.springframework.core.convert.TypeDescriptor,org.springframework.core.convert.TypeDescriptor)>: base -> result(org.springframework.core.convert.support.StringToTimeZoneConverter[]) }
InferredTransfer{ <org.springframework.core.convert.support.StreamConverter: java.lang.Object convertFromStream(java.util.stream.Stream,org.springframework.core.convert.TypeDescriptor,org.springframework.core.convert.TypeDescriptor)>: 1 -> result(org.springframework.core.convert.support.StringToPropertiesConverter[]) }
InferredTransfer{ <org.springframework.core.ResolvableType: java.lang.reflect.Type getType()>: base -> result(sun.reflect.generics.reflectiveObjects.GenericArrayTypeImpl) }
InferredTransfer{ <org.springframework.core.convert.support.StreamConverter: java.lang.Object convertFromStream(java.util.stream.Stream,org.springframework.core.convert.TypeDescriptor,org.springframework.core.convert.TypeDescriptor)>: base -> result(org.springframework.core.convert.support.IntegerToEnumConverterFactory[]) }
InferredTransfer{ <org.springframework.web.util.UrlPathHelper: java.lang.String getPathWithinApplication(javax.servlet.http.HttpServletRequest)>: 0 -> result(java.lang.String) }
InferredTransfer{ <org.springframework.core.convert.support.CollectionToObjectConverter: java.lang.Object convert(java.lang.Object,org.springframework.core.convert.TypeDescriptor,org.springframework.core.convert.TypeDescriptor)>: 0 -> result(java.lang.Long[]) }
InferredTransfer{ <org.springframework.core.convert.support.MapToMapConverter: java.lang.Object convertKey(java.lang.Object,org.springframework.core.convert.TypeDescriptor,org.springframework.core.convert.TypeDescriptor)>: 2 -> result(org.springframework.core.convert.support.StringToEnumConverterFactory[]) }
InferredTransfer{ <org.springframework.core.convert.support.StreamConverter: java.lang.Object convertFromStream(java.util.stream.Stream,org.springframework.core.convert.TypeDescriptor,org.springframework.core.convert.TypeDescriptor)>: base -> result(org.springframework.core.convert.support.StringToPropertiesConverter[]) }
InferredTransfer{ <org.springframework.web.util.UrlPathHelper: java.lang.String getPathWithinApplication(javax.servlet.http.HttpServletRequest)>: base -> result(java.lang.String) }
InferredTransfer{ <org.springframework.core.convert.support.MapToMapConverter: java.lang.Object convertKey(java.lang.Object,org.springframework.core.convert.TypeDescriptor,org.springframework.core.convert.TypeDescriptor)>: 1 -> result(org.springframework.core.convert.support.StringToEnumConverterFactory[]) }
InferredTransfer{ <org.springframework.core.convert.support.MapToMapConverter: java.lang.Object convertValue(java.lang.Object,org.springframework.core.convert.TypeDescriptor,org.springframework.core.convert.TypeDescriptor)>: 2 -> result(java.lang.Float) }
InferredTransfer{ <org.springframework.util.PropertyPlaceholderHelper: java.lang.String replacePlaceholders(java.lang.String,org.springframework.util.PropertyPlaceholderHelper$PlaceholderResolver)>: 0 -> base(org.springframework.util.PropertyPlaceholderHelper) }
InferredTransfer{ <org.springframework.core.convert.support.GenericConversionService: java.lang.Object convert(java.lang.Object,org.springframework.core.convert.TypeDescriptor,org.springframework.core.convert.TypeDescriptor)>: 2 -> result(java.util.Optional) }
InferredTransfer{ <org.springframework.core.convert.support.GenericConversionService: java.lang.Object convertNullSource(org.springframework.core.convert.TypeDescriptor,org.springframework.core.convert.TypeDescriptor)>: 1 -> base(org.springframework.core.convert.support.DefaultConversionService) }
InferredTransfer{ <org.springframework.core.convert.support.MapToMapConverter: java.lang.Object convertValue(java.lang.Object,org.springframework.core.convert.TypeDescriptor,org.springframework.core.convert.TypeDescriptor)>: 1 -> result(java.lang.Float) }
InferredTransfer{ <org.springframework.core.convert.support.MapToMapConverter: java.lang.Object convertKey(java.lang.Object,org.springframework.core.convert.TypeDescriptor,org.springframework.core.convert.TypeDescriptor)>: base -> result(org.springframework.core.convert.support.StringToEnumConverterFactory[]) }
InferredTransfer{ <org.springframework.core.convert.support.GenericConversionService: java.lang.Object convert(java.lang.Object,org.springframework.core.convert.TypeDescriptor,org.springframework.core.convert.TypeDescriptor)>: 2 -> result(org.springframework.core.convert.support.ZoneIdToTimeZoneConverter[]) }
InferredTransfer{ <org.springframework.core.convert.support.GenericConversionService: java.lang.Object convertNullSource(org.springframework.core.convert.TypeDescriptor,org.springframework.core.convert.TypeDescriptor)>: 0 -> base(org.springframework.core.convert.support.DefaultConversionService) }
InferredTransfer{ <org.springframework.core.convert.support.GenericConversionService: java.lang.Object convert(java.lang.Object,org.springframework.core.convert.TypeDescriptor,org.springframework.core.convert.TypeDescriptor)>: 0 -> result(java.util.Optional) }
InferredTransfer{ <org.springframework.core.convert.support.ConversionUtils: java.lang.Object invokeConverter(org.springframework.core.convert.converter.GenericConverter,java.lang.Object,org.springframework.core.convert.TypeDescriptor,org.springframework.core.convert.TypeDescriptor)>: 3 -> result(java.util.UUID) }
InferredTransfer{ <org.springframework.core.convert.support.GenericConversionService: java.lang.Object convert(java.lang.Object,org.springframework.core.convert.TypeDescriptor,org.springframework.core.convert.TypeDescriptor)>: 1 -> result(org.springframework.core.convert.support.ZoneIdToTimeZoneConverter[]) }
InferredTransfer{ <org.springframework.core.convert.support.MapToMapConverter: java.lang.Object convertValue(java.lang.Object,org.springframework.core.convert.TypeDescriptor,org.springframework.core.convert.TypeDescriptor)>: base -> result(java.lang.Float) }
InferredTransfer{ <org.springframework.core.convert.support.GenericConversionService: java.lang.Object convert(java.lang.Object,org.springframework.core.convert.TypeDescriptor,org.springframework.core.convert.TypeDescriptor)>: base -> result(java.util.Optional) }
InferredTransfer{ <org.springframework.core.convert.support.ConversionUtils: java.lang.Object invokeConverter(org.springframework.core.convert.converter.GenericConverter,java.lang.Object,org.springframework.core.convert.TypeDescriptor,org.springframework.core.convert.TypeDescriptor)>: 2 -> result(java.util.UUID) }
InferredTransfer{ <org.springframework.core.convert.support.ConversionUtils: java.lang.Object invokeConverter(org.springframework.core.convert.converter.GenericConverter,java.lang.Object,org.springframework.core.convert.TypeDescriptor,org.springframework.core.convert.TypeDescriptor)>: 3 -> result(sun.security.jca.ServiceId) }
InferredTransfer{ <org.springframework.core.convert.support.GenericConversionService: java.lang.Object convert(java.lang.Object,org.springframework.core.convert.TypeDescriptor,org.springframework.core.convert.TypeDescriptor)>: 0 -> result(org.springframework.core.convert.support.ZoneIdToTimeZoneConverter[]) }
InferredTransfer{ <org.springframework.core.convert.support.MapToMapConverter: java.lang.Object convertValue(java.lang.Object,org.springframework.core.convert.TypeDescriptor,org.springframework.core.convert.TypeDescriptor)>: 2 -> result(sun.security.jca.ProviderConfig[]) }
InferredTransfer{ <org.springframework.core.convert.support.ConversionUtils: java.lang.Object invokeConverter(org.springframework.core.convert.converter.GenericConverter,java.lang.Object,org.springframework.core.convert.TypeDescriptor,org.springframework.core.convert.TypeDescriptor)>: 1 -> result(java.util.UUID) }
InferredTransfer{ <org.springframework.core.convert.support.GenericConversionService: java.lang.Object convert(java.lang.Object,org.springframework.core.convert.TypeDescriptor,org.springframework.core.convert.TypeDescriptor)>: base -> result(org.springframework.core.convert.support.ZoneIdToTimeZoneConverter[]) }
InferredTransfer{ <org.springframework.core.convert.support.ConversionUtils: java.lang.Object invokeConverter(org.springframework.core.convert.converter.GenericConverter,java.lang.Object,org.springframework.core.convert.TypeDescriptor,org.springframework.core.convert.TypeDescriptor)>: 2 -> result(sun.security.jca.ServiceId) }
InferredTransfer{ <org.springframework.core.convert.support.MapToMapConverter: java.lang.Object convertValue(java.lang.Object,org.springframework.core.convert.TypeDescriptor,org.springframework.core.convert.TypeDescriptor)>: 1 -> result(sun.security.jca.ProviderConfig[]) }
InferredTransfer{ <org.springframework.core.convert.support.ConversionUtils: java.lang.Object invokeConverter(org.springframework.core.convert.converter.GenericConverter,java.lang.Object,org.springframework.core.convert.TypeDescriptor,org.springframework.core.convert.TypeDescriptor)>: 0 -> result(java.util.UUID) }
InferredTransfer{ <org.springframework.core.convert.support.ByteBufferConverter: java.lang.Object convert(java.lang.Object,org.springframework.core.convert.TypeDescriptor,org.springframework.core.convert.TypeDescriptor)>: 0 -> result(java.lang.Integer[]) }
InferredTransfer{ <org.springframework.core.convert.support.ConversionUtils: java.lang.Object invokeConverter(org.springframework.core.convert.converter.GenericConverter,java.lang.Object,org.springframework.core.convert.TypeDescriptor,org.springframework.core.convert.TypeDescriptor)>: 1 -> result(sun.security.jca.ServiceId) }
InferredTransfer{ <org.springframework.core.convert.support.ConversionUtils: java.lang.Object invokeConverter(org.springframework.core.convert.converter.GenericConverter,java.lang.Object,org.springframework.core.convert.TypeDescriptor,org.springframework.core.convert.TypeDescriptor)>: 0 -> result(sun.security.jca.ServiceId) }
InferredTransfer{ <org.springframework.core.convert.support.MapToMapConverter: java.lang.Object convertValue(java.lang.Object,org.springframework.core.convert.TypeDescriptor,org.springframework.core.convert.TypeDescriptor)>: base -> result(sun.security.jca.ProviderConfig[]) }
InferredTransfer{ <org.springframework.core.convert.TypeDescriptor: org.springframework.core.convert.TypeDescriptor elementTypeDescriptor(java.lang.Object)>: 0 -> result(org.springframework.core.convert.TypeDescriptor) }
InferredTransfer{ <org.springframework.core.convert.support.ConversionUtils: java.lang.Object invokeConverter(org.springframework.core.convert.converter.GenericConverter,java.lang.Object,org.springframework.core.convert.TypeDescriptor,org.springframework.core.convert.TypeDescriptor)>: 3 -> result(java.lang.Class) }
InferredTransfer{ <org.springframework.core.convert.support.GenericConversionService: java.lang.Object convert(java.lang.Object,org.springframework.core.convert.TypeDescriptor,org.springframework.core.convert.TypeDescriptor)>: 0 -> result(java.lang.RuntimeException[]) }
InferredTransfer{ <org.springframework.core.convert.support.ByteBufferConverter: java.lang.Object convertFromByteBuffer(java.nio.ByteBuffer,org.springframework.core.convert.TypeDescriptor)>: 1 -> result(org.springframework.core.convert.support.EnumToStringConverter[]) }
InferredTransfer{ <org.springframework.core.convert.support.GenericConversionService: org.springframework.core.convert.converter.GenericConverter getConverter(org.springframework.core.convert.TypeDescriptor,org.springframework.core.convert.TypeDescriptor)>: 1 -> result(org.springframework.core.convert.support.StreamConverter) }
InferredTransfer{ <org.springframework.core.convert.support.ByteBufferConverter: java.lang.Object convertFromByteBuffer(java.nio.ByteBuffer,org.springframework.core.convert.TypeDescriptor)>: 1 -> result(java.util.ArrayList[]) }
InferredTransfer{ <org.springframework.core.convert.TypeDescriptor: org.springframework.core.convert.TypeDescriptor elementTypeDescriptor(java.lang.Object)>: base -> result(org.springframework.core.convert.TypeDescriptor) }
InferredTransfer{ <org.springframework.core.convert.support.CollectionToObjectConverter: java.lang.Object convert(java.lang.Object,org.springframework.core.convert.TypeDescriptor,org.springframework.core.convert.TypeDescriptor)>: 2 -> result(org.springframework.core.convert.support.StringToEnumConverterFactory[]) }
InferredTransfer{ <org.springframework.core.convert.support.GenericConversionService: org.springframework.core.convert.converter.GenericConverter getConverter(org.springframework.core.convert.TypeDescriptor,org.springframework.core.convert.TypeDescriptor)>: 0 -> result(org.springframework.core.convert.support.StreamConverter) }
InferredTransfer{ <org.springframework.core.convert.support.ConversionUtils: java.lang.Object invokeConverter(org.springframework.core.convert.converter.GenericConverter,java.lang.Object,org.springframework.core.convert.TypeDescriptor,org.springframework.core.convert.TypeDescriptor)>: 2 -> result(java.lang.Class) }
InferredTransfer{ <org.springframework.core.convert.support.ConversionUtils: java.lang.Object invokeConverter(org.springframework.core.convert.converter.GenericConverter,java.lang.Object,org.springframework.core.convert.TypeDescriptor,org.springframework.core.convert.TypeDescriptor)>: 1 -> result(java.lang.Class) }
InferredTransfer{ <java.lang.StringBuilder: void getChars(int,int,char[],int)>: base -> 2(char[]) }
InferredTransfer{ <org.springframework.core.convert.support.CollectionToObjectConverter: java.lang.Object convert(java.lang.Object,org.springframework.core.convert.TypeDescriptor,org.springframework.core.convert.TypeDescriptor)>: 1 -> result(org.springframework.core.convert.support.StringToEnumConverterFactory[]) }
InferredTransfer{ <org.springframework.core.convert.support.ByteBufferConverter: java.lang.Object convertFromByteBuffer(java.nio.ByteBuffer,org.springframework.core.convert.TypeDescriptor)>: base -> result(org.springframework.core.convert.support.EnumToStringConverter[]) }
InferredTransfer{ <org.springframework.core.convert.support.ArrayToObjectConverter: java.lang.Object convert(java.lang.Object,org.springframework.core.convert.TypeDescriptor,org.springframework.core.convert.TypeDescriptor)>: 0 -> result(java.lang.Object[]) }
InferredTransfer{ <org.springframework.core.convert.support.MapToMapConverter: java.lang.Object convertKey(java.lang.Object,org.springframework.core.convert.TypeDescriptor,org.springframework.core.convert.TypeDescriptor)>: 2 -> result(org.springframework.core.convert.support.StringToPropertiesConverter[]) }
InferredTransfer{ <org.springframework.core.convert.support.GenericConversionService: org.springframework.core.convert.converter.GenericConverter getConverter(org.springframework.core.convert.TypeDescriptor,org.springframework.core.convert.TypeDescriptor)>: base -> result(org.springframework.core.convert.support.StreamConverter) }
InferredTransfer{ <org.springframework.core.convert.support.ConversionUtils: java.lang.Object invokeConverter(org.springframework.core.convert.converter.GenericConverter,java.lang.Object,org.springframework.core.convert.TypeDescriptor,org.springframework.core.convert.TypeDescriptor)>: 0 -> result(java.lang.Class) }
InferredTransfer{ <org.springframework.core.convert.support.CollectionToObjectConverter: java.lang.Object convert(java.lang.Object,org.springframework.core.convert.TypeDescriptor,org.springframework.core.convert.TypeDescriptor)>: 0 -> result(org.springframework.core.convert.support.StringToEnumConverterFactory[]) }
InferredTransfer{ <org.springframework.web.util.UrlPathHelper: java.lang.String removeJsessionid(java.lang.String)>: 0 -> result(java.lang.String) }
InferredTransfer{ <org.springframework.core.convert.support.ByteBufferConverter: java.lang.Object convertFromByteBuffer(java.nio.ByteBuffer,org.springframework.core.convert.TypeDescriptor)>: base -> result(java.util.ArrayList[]) }
InferredTransfer{ <org.springframework.core.convert.support.StreamConverter: java.lang.Object convert(java.lang.Object,org.springframework.core.convert.TypeDescriptor,org.springframework.core.convert.TypeDescriptor)>: 0 -> result(java.util.EnumMap[]) }
InferredTransfer{ <org.springframework.core.convert.support.MapToMapConverter: java.lang.Object convertKey(java.lang.Object,org.springframework.core.convert.TypeDescriptor,org.springframework.core.convert.TypeDescriptor)>: 1 -> result(org.springframework.core.convert.support.StringToPropertiesConverter[]) }
InferredTransfer{ <org.springframework.web.util.UrlPathHelper: java.lang.String removeJsessionid(java.lang.String)>: base -> result(java.lang.String) }
InferredTransfer{ <org.springframework.core.convert.support.CollectionToObjectConverter: java.lang.Object convert(java.lang.Object,org.springframework.core.convert.TypeDescriptor,org.springframework.core.convert.TypeDescriptor)>: base -> result(org.springframework.core.convert.support.StringToEnumConverterFactory[]) }
InferredTransfer{ <java.lang.StringBuilder: java.lang.StringBuilder append(char[])>: 0 -> base(java.lang.StringBuilder) }
InferredTransfer{ <org.springframework.core.convert.support.StreamConverter: java.lang.Object convert(java.lang.Object,org.springframework.core.convert.TypeDescriptor,org.springframework.core.convert.TypeDescriptor)>: 0 -> result(java.lang.Boolean[]) }
InferredTransfer{ <org.springframework.core.convert.support.ObjectToArrayConverter: java.lang.Object convert(java.lang.Object,org.springframework.core.convert.TypeDescriptor,org.springframework.core.convert.TypeDescriptor)>: 2 -> result(org.springframework.core.convert.support.PropertiesToStringConverter[]) }
InferredTransfer{ <org.springframework.core.convert.support.ByteBufferConverter: java.lang.Object convert(java.lang.Object,org.springframework.core.convert.TypeDescriptor,org.springframework.core.convert.TypeDescriptor)>: 2 -> result(org.springframework.core.convert.support.StringToLocaleConverter[]) }
InferredTransfer{ <org.springframework.core.convert.support.ByteBufferConverter: java.lang.Object convert(java.lang.Object,org.springframework.core.convert.TypeDescriptor,org.springframework.core.convert.TypeDescriptor)>: 1 -> result(org.springframework.core.convert.support.StringToLocaleConverter[]) }
InferredTransfer{ <org.springframework.core.convert.support.ObjectToArrayConverter: java.lang.Object convert(java.lang.Object,org.springframework.core.convert.TypeDescriptor,org.springframework.core.convert.TypeDescriptor)>: 1 -> result(org.springframework.core.convert.support.PropertiesToStringConverter[]) }
InferredTransfer{ <org.springframework.core.convert.support.MapToMapConverter: java.lang.Object convertKey(java.lang.Object,org.springframework.core.convert.TypeDescriptor,org.springframework.core.convert.TypeDescriptor)>: base -> result(org.springframework.core.convert.support.StringToPropertiesConverter[]) }
InferredTransfer{ <org.springframework.core.convert.support.GenericConversionService: org.springframework.core.convert.converter.GenericConverter getConverter(org.springframework.core.convert.TypeDescriptor,org.springframework.core.convert.TypeDescriptor)>: 1 -> result(org.springframework.core.convert.support.ObjectToArrayConverter) }
InferredTransfer{ <org.springframework.core.convert.support.NumberToNumberConverterFactory: boolean matches(org.springframework.core.convert.TypeDescriptor,org.springframework.core.convert.TypeDescriptor)>: 1 -> base(org.springframework.core.convert.support.NumberToNumberConverterFactory) }
InferredTransfer{ <org.springframework.core.convert.support.ByteBufferConverter: java.lang.Object convert(java.lang.Object,org.springframework.core.convert.TypeDescriptor,org.springframework.core.convert.TypeDescriptor)>: 0 -> result(org.springframework.core.convert.support.StringToLocaleConverter[]) }
InferredTransfer{ <org.springframework.core.convert.support.ObjectToArrayConverter: java.lang.Object convert(java.lang.Object,org.springframework.core.convert.TypeDescriptor,org.springframework.core.convert.TypeDescriptor)>: 0 -> result(org.springframework.core.convert.support.PropertiesToStringConverter[]) }
InferredTransfer{ <org.springframework.core.convert.support.ArrayToArrayConverter: java.lang.Object convert(java.lang.Object,org.springframework.core.convert.TypeDescriptor,org.springframework.core.convert.TypeDescriptor)>: 2 -> result(org.springframework.core.convert.support.StringToUUIDConverter[]) }
InferredTransfer{ <org.springframework.core.convert.support.GenericConversionService: org.springframework.core.convert.converter.GenericConverter getConverter(org.springframework.core.convert.TypeDescriptor,org.springframework.core.convert.TypeDescriptor)>: 0 -> result(org.springframework.core.convert.support.ObjectToArrayConverter) }
InferredTransfer{ <org.springframework.core.convert.support.NumberToNumberConverterFactory: boolean matches(org.springframework.core.convert.TypeDescriptor,org.springframework.core.convert.TypeDescriptor)>: 0 -> base(org.springframework.core.convert.support.NumberToNumberConverterFactory) }
InferredTransfer{ <org.springframework.core.convert.support.ByteBufferConverter: java.lang.Object convert(java.lang.Object,org.springframework.core.convert.TypeDescriptor,org.springframework.core.convert.TypeDescriptor)>: base -> result(org.springframework.core.convert.support.StringToLocaleConverter[]) }
InferredTransfer{ <org.springframework.core.convert.support.ObjectToArrayConverter: java.lang.Object convert(java.lang.Object,org.springframework.core.convert.TypeDescriptor,org.springframework.core.convert.TypeDescriptor)>: base -> result(org.springframework.core.convert.support.PropertiesToStringConverter[]) }
InferredTransfer{ <org.springframework.core.convert.support.ArrayToArrayConverter: java.lang.Object convert(java.lang.Object,org.springframework.core.convert.TypeDescriptor,org.springframework.core.convert.TypeDescriptor)>: 1 -> result(org.springframework.core.convert.support.StringToUUIDConverter[]) }
InferredTransfer{ <org.springframework.core.convert.support.GenericConversionService: org.springframework.core.convert.converter.GenericConverter getConverter(org.springframework.core.convert.TypeDescriptor,org.springframework.core.convert.TypeDescriptor)>: base -> result(org.springframework.core.convert.support.ObjectToArrayConverter) }
InferredTransfer{ <java.lang.String: void <init>(char[],int,int)>: 0 -> base(java.lang.String) }
InferredTransfer{ <org.springframework.core.convert.support.ArrayToArrayConverter: java.lang.Object convert(java.lang.Object,org.springframework.core.convert.TypeDescriptor,org.springframework.core.convert.TypeDescriptor)>: 0 -> result(org.springframework.core.convert.support.StringToUUIDConverter[]) }
InferredTransfer{ <org.springframework.core.convert.support.ArrayToObjectConverter: java.lang.Object convert(java.lang.Object,org.springframework.core.convert.TypeDescriptor,org.springframework.core.convert.TypeDescriptor)>: 0 -> result(float[][]) }
InferredTransfer{ <org.springframework.core.convert.support.ArrayToArrayConverter: java.lang.Object convert(java.lang.Object,org.springframework.core.convert.TypeDescriptor,org.springframework.core.convert.TypeDescriptor)>: base -> result(org.springframework.core.convert.support.StringToUUIDConverter[]) }
InferredTransfer{ <org.springframework.core.convert.support.StreamConverter: java.lang.Object convertFromStream(java.util.stream.Stream,org.springframework.core.convert.TypeDescriptor,org.springframework.core.convert.TypeDescriptor)>: 2 -> result(sun.security.jca.ProviderConfig) }
InferredTransfer{ <org.springframework.core.convert.support.ArrayToObjectConverter: java.lang.Object convert(java.lang.Object,org.springframework.core.convert.TypeDescriptor,org.springframework.core.convert.TypeDescriptor)>: 0 -> result(sun.misc.Unsafe[]) }
InferredTransfer{ <org.springframework.core.convert.support.StreamConverter: java.lang.Object convertFromStream(java.util.stream.Stream,org.springframework.core.convert.TypeDescriptor,org.springframework.core.convert.TypeDescriptor)>: 1 -> result(sun.security.jca.ProviderConfig) }
InferredTransfer{ <org.springframework.core.convert.support.CollectionToObjectConverter: java.lang.Object convert(java.lang.Object,org.springframework.core.convert.TypeDescriptor,org.springframework.core.convert.TypeDescriptor)>: 2 -> result(org.springframework.core.convert.support.IntegerToEnumConverterFactory[]) }
InferredTransfer{ <org.springframework.core.convert.support.CollectionToObjectConverter: java.lang.Object convert(java.lang.Object,org.springframework.core.convert.TypeDescriptor,org.springframework.core.convert.TypeDescriptor)>: 1 -> result(org.springframework.core.convert.support.IntegerToEnumConverterFactory[]) }
InferredTransfer{ <org.springframework.core.convert.support.CollectionToObjectConverter: java.lang.Object convert(java.lang.Object,org.springframework.core.convert.TypeDescriptor,org.springframework.core.convert.TypeDescriptor)>: 2 -> result(org.springframework.core.convert.support.StringToPropertiesConverter[]) }
InferredTransfer{ <org.springframework.core.convert.support.StreamConverter: java.lang.Object convertFromStream(java.util.stream.Stream,org.springframework.core.convert.TypeDescriptor,org.springframework.core.convert.TypeDescriptor)>: base -> result(sun.security.jca.ProviderConfig) }
InferredTransfer{ <org.springframework.core.convert.support.CollectionToObjectConverter: java.lang.Object convert(java.lang.Object,org.springframework.core.convert.TypeDescriptor,org.springframework.core.convert.TypeDescriptor)>: 0 -> result(org.springframework.core.convert.support.IntegerToEnumConverterFactory[]) }
InferredTransfer{ <org.springframework.core.convert.support.StreamConverter: java.lang.Object convert(java.lang.Object,org.springframework.core.convert.TypeDescriptor,org.springframework.core.convert.TypeDescriptor)>: 0 -> result(java.lang.Character[]) }
InferredTransfer{ <org.springframework.core.convert.support.CollectionToObjectConverter: java.lang.Object convert(java.lang.Object,org.springframework.core.convert.TypeDescriptor,org.springframework.core.convert.TypeDescriptor)>: 1 -> result(org.springframework.core.convert.support.StringToPropertiesConverter[]) }
InferredTransfer{ <org.springframework.core.convert.support.CollectionToObjectConverter: java.lang.Object convert(java.lang.Object,org.springframework.core.convert.TypeDescriptor,org.springframework.core.convert.TypeDescriptor)>: base -> result(org.springframework.core.convert.support.IntegerToEnumConverterFactory[]) }
InferredTransfer{ <org.springframework.core.convert.support.CollectionToObjectConverter: java.lang.Object convert(java.lang.Object,org.springframework.core.convert.TypeDescriptor,org.springframework.core.convert.TypeDescriptor)>: 0 -> result(org.springframework.core.convert.support.StringToPropertiesConverter[]) }
InferredTransfer{ <org.springframework.core.env.MapPropertySource: java.lang.Object getProperty(java.lang.String)>: 0 -> base(org.springframework.core.env.MapPropertySource) }
InferredTransfer{ <org.springframework.core.convert.support.ByteBufferConverter: java.lang.Object convert(java.lang.Object,org.springframework.core.convert.TypeDescriptor,org.springframework.core.convert.TypeDescriptor)>: 2 -> result(java.lang.Float) }
InferredTransfer{ <org.springframework.core.convert.support.CollectionToObjectConverter: java.lang.Object convert(java.lang.Object,org.springframework.core.convert.TypeDescriptor,org.springframework.core.convert.TypeDescriptor)>: base -> result(org.springframework.core.convert.support.StringToPropertiesConverter[]) }
InferredTransfer{ <org.springframework.core.convert.support.ByteBufferConverter: java.lang.Object convert(java.lang.Object,org.springframework.core.convert.TypeDescriptor,org.springframework.core.convert.TypeDescriptor)>: 1 -> result(java.lang.Float) }
InferredTransfer{ <org.springframework.core.convert.support.CollectionToArrayConverter: java.lang.Object convert(java.lang.Object,org.springframework.core.convert.TypeDescriptor,org.springframework.core.convert.TypeDescriptor)>: 0 -> result(boolean[][]) }
InferredTransfer{ <java.util.UUID: java.util.UUID fromString(java.lang.String)>: 0 -> result(java.util.UUID) }
InferredTransfer{ <org.springframework.core.convert.support.ArrayToArrayConverter: java.lang.Object convert(java.lang.Object,org.springframework.core.convert.TypeDescriptor,org.springframework.core.convert.TypeDescriptor)>: 0 -> result(boolean[][]) }
InferredTransfer{ <org.springframework.core.convert.support.ByteBufferConverter: java.lang.Object convert(java.lang.Object,org.springframework.core.convert.TypeDescriptor,org.springframework.core.convert.TypeDescriptor)>: 0 -> result(java.lang.Float) }
InferredTransfer{ <org.springframework.core.env.SystemEnvironmentPropertySource: java.lang.String resolvePropertyName(java.lang.String)>: 0 -> result(java.lang.String) }
InferredTransfer{ <org.springframework.core.convert.support.CollectionToArrayConverter: java.lang.Object convert(java.lang.Object,org.springframework.core.convert.TypeDescriptor,org.springframework.core.convert.TypeDescriptor)>: 2 -> result(java.math.BigInteger[]) }
InferredTransfer{ <org.springframework.core.convert.support.ObjectToArrayConverter: java.lang.Object convert(java.lang.Object,org.springframework.core.convert.TypeDescriptor,org.springframework.core.convert.TypeDescriptor)>: 2 -> result(java.util.ArrayList[]) }
InferredTransfer{ <org.springframework.core.convert.support.CollectionToArrayConverter: java.lang.Object convert(java.lang.Object,org.springframework.core.convert.TypeDescriptor,org.springframework.core.convert.TypeDescriptor)>: 0 -> result(java.util.stream.Stream[]) }
InferredTransfer{ <org.springframework.core.convert.support.ArrayToArrayConverter: java.lang.Object convert(java.lang.Object,org.springframework.core.convert.TypeDescriptor,org.springframework.core.convert.TypeDescriptor)>: 2 -> result(java.math.BigInteger[]) }
InferredTransfer{ <org.springframework.core.convert.support.ByteBufferConverter: java.lang.Object convert(java.lang.Object,org.springframework.core.convert.TypeDescriptor,org.springframework.core.convert.TypeDescriptor)>: base -> result(java.lang.Float) }
InferredTransfer{ <org.springframework.core.env.SystemEnvironmentPropertySource: java.lang.String resolvePropertyName(java.lang.String)>: base -> result(java.lang.String) }
InferredTransfer{ <org.springframework.core.convert.support.ObjectToArrayConverter: java.lang.Object convert(java.lang.Object,org.springframework.core.convert.TypeDescriptor,org.springframework.core.convert.TypeDescriptor)>: 1 -> result(java.util.ArrayList[]) }
InferredTransfer{ <org.springframework.core.convert.support.ByteBufferConverter: java.lang.Object convert(java.lang.Object,org.springframework.core.convert.TypeDescriptor,org.springframework.core.convert.TypeDescriptor)>: 2 -> result(sun.security.jca.ProviderConfig[]) }
InferredTransfer{ <org.springframework.core.convert.support.CollectionToArrayConverter: java.lang.Object convert(java.lang.Object,org.springframework.core.convert.TypeDescriptor,org.springframework.core.convert.TypeDescriptor)>: 0 -> result(java.math.BigInteger[]) }
InferredTransfer{ <org.springframework.core.convert.support.ObjectToArrayConverter: java.lang.Object convert(java.lang.Object,org.springframework.core.convert.TypeDescriptor,org.springframework.core.convert.TypeDescriptor)>: 0 -> result(java.util.ArrayList[]) }
InferredTransfer{ <org.springframework.core.convert.support.ConversionUtils: java.lang.Object invokeConverter(org.springframework.core.convert.converter.GenericConverter,java.lang.Object,org.springframework.core.convert.TypeDescriptor,org.springframework.core.convert.TypeDescriptor)>: 1 -> result(int[][]) }
InferredTransfer{ <org.springframework.core.convert.support.ByteBufferConverter: java.lang.Object convert(java.lang.Object,org.springframework.core.convert.TypeDescriptor,org.springframework.core.convert.TypeDescriptor)>: 1 -> result(sun.security.jca.ProviderConfig[]) }
InferredTransfer{ <org.springframework.core.convert.support.ArrayToArrayConverter: java.lang.Object convert(java.lang.Object,org.springframework.core.convert.TypeDescriptor,org.springframework.core.convert.TypeDescriptor)>: 0 -> result(java.math.BigInteger[]) }
InferredTransfer{ <org.springframework.core.convert.support.StreamConverter: java.lang.Object convertFromStream(java.util.stream.Stream,org.springframework.core.convert.TypeDescriptor,org.springframework.core.convert.TypeDescriptor)>: base -> result(java.util.Currency) }
InferredTransfer{ <org.springframework.core.convert.support.CollectionToArrayConverter: java.lang.Object convert(java.lang.Object,org.springframework.core.convert.TypeDescriptor,org.springframework.core.convert.TypeDescriptor)>: base -> result(java.math.BigInteger[]) }
InferredTransfer{ <org.springframework.core.convert.support.ObjectToArrayConverter: java.lang.Object convert(java.lang.Object,org.springframework.core.convert.TypeDescriptor,org.springframework.core.convert.TypeDescriptor)>: base -> result(java.util.ArrayList[]) }
InferredTransfer{ <org.springframework.core.convert.support.ArrayToArrayConverter: java.lang.Object convert(java.lang.Object,org.springframework.core.convert.TypeDescriptor,org.springframework.core.convert.TypeDescriptor)>: base -> result(java.math.BigInteger[]) }
InferredTransfer{ <org.springframework.core.convert.support.ByteBufferConverter: java.lang.Object convert(java.lang.Object,org.springframework.core.convert.TypeDescriptor,org.springframework.core.convert.TypeDescriptor)>: 0 -> result(java.lang.String[]) }
InferredTransfer{ <org.springframework.core.convert.support.ByteBufferConverter: java.lang.Object convert(java.lang.Object,org.springframework.core.convert.TypeDescriptor,org.springframework.core.convert.TypeDescriptor)>: 0 -> result(sun.security.jca.ProviderConfig[]) }
InferredTransfer{ <org.springframework.core.convert.support.CollectionToArrayConverter: java.lang.Object convert(java.lang.Object,org.springframework.core.convert.TypeDescriptor,org.springframework.core.convert.TypeDescriptor)>: 0 -> result(java.lang.Error[]) }
InferredTransfer{ <org.springframework.core.convert.support.StringToArrayConverter: java.lang.Object convert(java.lang.Object,org.springframework.core.convert.TypeDescriptor,org.springframework.core.convert.TypeDescriptor)>: 2 -> result(org.springframework.core.convert.support.StringToCharsetConverter[]) }
InferredTransfer{ <org.springframework.core.convert.support.ByteBufferConverter: java.lang.Object convert(java.lang.Object,org.springframework.core.convert.TypeDescriptor,org.springframework.core.convert.TypeDescriptor)>: base -> result(sun.security.jca.ProviderConfig[]) }
InferredTransfer{ <org.springframework.core.convert.support.StringToArrayConverter: java.lang.Object convert(java.lang.Object,org.springframework.core.convert.TypeDescriptor,org.springframework.core.convert.TypeDescriptor)>: 1 -> result(org.springframework.core.convert.support.StringToCharsetConverter[]) }
InferredTransfer{ <org.springframework.core.convert.support.StringToArrayConverter: java.lang.Object convert(java.lang.Object,org.springframework.core.convert.TypeDescriptor,org.springframework.core.convert.TypeDescriptor)>: 0 -> result(org.springframework.core.convert.support.StringToCharsetConverter[]) }
InferredTransfer{ <org.springframework.core.convert.support.StringToCollectionConverter: java.lang.Object convert(java.lang.Object,org.springframework.core.convert.TypeDescriptor,org.springframework.core.convert.TypeDescriptor)>: 2 -> base(org.springframework.core.convert.support.StringToCollectionConverter) }
InferredTransfer{ <org.springframework.core.convert.support.ArrayToArrayConverter: java.lang.Object convert(java.lang.Object,org.springframework.core.convert.TypeDescriptor,org.springframework.core.convert.TypeDescriptor)>: 0 -> result(java.util.Set[]) }
InferredTransfer{ <org.springframework.core.convert.support.StringToArrayConverter: java.lang.Object convert(java.lang.Object,org.springframework.core.convert.TypeDescriptor,org.springframework.core.convert.TypeDescriptor)>: base -> result(org.springframework.core.convert.support.StringToCharsetConverter[]) }
InferredTransfer{ <org.springframework.core.convert.support.CollectionToArrayConverter: java.lang.Object convert(java.lang.Object,org.springframework.core.convert.TypeDescriptor,org.springframework.core.convert.TypeDescriptor)>: 2 -> result(java.util.HashMap[]) }
InferredTransfer{ <org.springframework.core.convert.support.ByteBufferConverter: java.lang.Object convertFromByteBuffer(java.nio.ByteBuffer,org.springframework.core.convert.TypeDescriptor)>: 1 -> result(java.util.UUID) }
InferredTransfer{ <org.springframework.core.convert.support.StringToCollectionConverter: java.lang.Object convert(java.lang.Object,org.springframework.core.convert.TypeDescriptor,org.springframework.core.convert.TypeDescriptor)>: 1 -> base(org.springframework.core.convert.support.StringToCollectionConverter) }
InferredTransfer{ <org.springframework.core.convert.support.ArrayToArrayConverter: java.lang.Object convert(java.lang.Object,org.springframework.core.convert.TypeDescriptor,org.springframework.core.convert.TypeDescriptor)>: 2 -> result(java.util.HashMap[]) }
InferredTransfer{ <org.springframework.core.convert.support.CollectionToArrayConverter: java.lang.Object convert(java.lang.Object,org.springframework.core.convert.TypeDescriptor,org.springframework.core.convert.TypeDescriptor)>: 1 -> result(java.util.HashMap[]) }
InferredTransfer{ <org.springframework.core.convert.support.ArrayToArrayConverter: java.lang.Object convert(java.lang.Object,org.springframework.core.convert.TypeDescriptor,org.springframework.core.convert.TypeDescriptor)>: 1 -> result(java.util.HashMap[]) }
InferredTransfer{ <org.springframework.core.convert.support.StringToCollectionConverter: java.lang.Object convert(java.lang.Object,org.springframework.core.convert.TypeDescriptor,org.springframework.core.convert.TypeDescriptor)>: 0 -> base(org.springframework.core.convert.support.StringToCollectionConverter) }
InferredTransfer{ <org.springframework.core.convert.support.ByteBufferConverter: java.lang.Object convertFromByteBuffer(java.nio.ByteBuffer,org.springframework.core.convert.TypeDescriptor)>: 1 -> result(sun.security.jca.ServiceId) }
InferredTransfer{ <org.springframework.core.convert.support.StringToArrayConverter: java.lang.Object convert(java.lang.Object,org.springframework.core.convert.TypeDescriptor,org.springframework.core.convert.TypeDescriptor)>: 2 -> result(java.util.HashSet[]) }
InferredTransfer{ <org.springframework.core.convert.support.StringToArrayConverter: java.lang.Object convert(java.lang.Object,org.springframework.core.convert.TypeDescriptor,org.springframework.core.convert.TypeDescriptor)>: 0 -> result(java.io.Closeable[]) }
InferredTransfer{ <org.springframework.core.convert.support.CollectionToArrayConverter: java.lang.Object convert(java.lang.Object,org.springframework.core.convert.TypeDescriptor,org.springframework.core.convert.TypeDescriptor)>: 0 -> result(java.util.HashMap[]) }
InferredTransfer{ <org.springframework.core.convert.support.ArrayToArrayConverter: java.lang.Object convert(java.lang.Object,org.springframework.core.convert.TypeDescriptor,org.springframework.core.convert.TypeDescriptor)>: 0 -> result(java.util.HashMap[]) }
InferredTransfer{ <org.springframework.core.convert.support.ByteBufferConverter: java.lang.Object convertFromByteBuffer(java.nio.ByteBuffer,org.springframework.core.convert.TypeDescriptor)>: base -> result(java.util.UUID) }
InferredTransfer{ <org.springframework.core.convert.support.StringToArrayConverter: java.lang.Object convert(java.lang.Object,org.springframework.core.convert.TypeDescriptor,org.springframework.core.convert.TypeDescriptor)>: 1 -> result(java.util.HashSet[]) }
InferredTransfer{ <org.springframework.core.convert.support.CollectionToArrayConverter: java.lang.Object convert(java.lang.Object,org.springframework.core.convert.TypeDescriptor,org.springframework.core.convert.TypeDescriptor)>: base -> result(java.util.HashMap[]) }
InferredTransfer{ <org.springframework.core.convert.support.ArrayToArrayConverter: java.lang.Object convert(java.lang.Object,org.springframework.core.convert.TypeDescriptor,org.springframework.core.convert.TypeDescriptor)>: base -> result(java.util.HashMap[]) }
InferredTransfer{ <org.springframework.core.convert.support.ByteBufferConverter: java.lang.Object convertFromByteBuffer(java.nio.ByteBuffer,org.springframework.core.convert.TypeDescriptor)>: base -> result(sun.security.jca.ServiceId) }
InferredTransfer{ <org.springframework.core.convert.support.StringToArrayConverter: java.lang.Object convert(java.lang.Object,org.springframework.core.convert.TypeDescriptor,org.springframework.core.convert.TypeDescriptor)>: 0 -> result(java.util.HashSet[]) }
InferredTransfer{ <org.springframework.core.convert.support.ArrayToObjectConverter: java.lang.Object convert(java.lang.Object,org.springframework.core.convert.TypeDescriptor,org.springframework.core.convert.TypeDescriptor)>: 2 -> result(java.math.BigDecimal[]) }
InferredTransfer{ <org.springframework.core.convert.support.CollectionToArrayConverter: java.lang.Object convert(java.lang.Object,org.springframework.core.convert.TypeDescriptor,org.springframework.core.convert.TypeDescriptor)>: 2 -> result(org.springframework.core.convert.support.StringToCharacterConverter[]) }
InferredTransfer{ <org.springframework.core.convert.support.StringToArrayConverter: java.lang.Object convert(java.lang.Object,org.springframework.core.convert.TypeDescriptor,org.springframework.core.convert.TypeDescriptor)>: base -> result(java.util.HashSet[]) }
InferredTransfer{ <org.springframework.core.convert.support.ArrayToArrayConverter: java.lang.Object convert(java.lang.Object,org.springframework.core.convert.TypeDescriptor,org.springframework.core.convert.TypeDescriptor)>: 2 -> result(org.springframework.core.convert.support.StringToCharacterConverter[]) }
InferredTransfer{ <org.springframework.core.convert.support.CollectionToArrayConverter: java.lang.Object convert(java.lang.Object,org.springframework.core.convert.TypeDescriptor,org.springframework.core.convert.TypeDescriptor)>: 1 -> result(org.springframework.core.convert.support.StringToCharacterConverter[]) }
InferredTransfer{ <org.springframework.core.convert.support.ArrayToArrayConverter: java.lang.Object convert(java.lang.Object,org.springframework.core.convert.TypeDescriptor,org.springframework.core.convert.TypeDescriptor)>: 1 -> result(org.springframework.core.convert.support.StringToCharacterConverter[]) }
InferredTransfer{ <org.springframework.core.convert.support.ByteBufferConverter: java.lang.Object convertFromByteBuffer(java.nio.ByteBuffer,org.springframework.core.convert.TypeDescriptor)>: 1 -> result(java.lang.Class) }
InferredTransfer{ <org.springframework.core.convert.support.CollectionToArrayConverter: java.lang.Object convert(java.lang.Object,org.springframework.core.convert.TypeDescriptor,org.springframework.core.convert.TypeDescriptor)>: 0 -> result(char[][]) }
InferredTransfer{ <org.springframework.core.convert.support.ArrayToObjectConverter: java.lang.Object convert(java.lang.Object,org.springframework.core.convert.TypeDescriptor,org.springframework.core.convert.TypeDescriptor)>: 0 -> result(java.math.BigDecimal[]) }
InferredTransfer{ <org.springframework.core.convert.support.ArrayToArrayConverter: java.lang.Object convert(java.lang.Object,org.springframework.core.convert.TypeDescriptor,org.springframework.core.convert.TypeDescriptor)>: 0 -> result(char[][]) }
InferredTransfer{ <org.springframework.core.convert.support.CollectionToArrayConverter: java.lang.Object convert(java.lang.Object,org.springframework.core.convert.TypeDescriptor,org.springframework.core.convert.TypeDescriptor)>: 0 -> result(org.springframework.core.convert.support.StringToCharacterConverter[]) }
InferredTransfer{ <org.springframework.core.convert.support.ArrayToArrayConverter: java.lang.Object convert(java.lang.Object,org.springframework.core.convert.TypeDescriptor,org.springframework.core.convert.TypeDescriptor)>: 0 -> result(org.springframework.core.convert.support.StringToCharacterConverter[]) }
InferredTransfer{ <org.springframework.core.convert.support.ArrayToObjectConverter: java.lang.Object convert(java.lang.Object,org.springframework.core.convert.TypeDescriptor,org.springframework.core.convert.TypeDescriptor)>: base -> result(java.math.BigDecimal[]) }
InferredTransfer{ <org.springframework.core.convert.support.ConversionUtils: java.lang.Object invokeConverter(org.springframework.core.convert.converter.GenericConverter,java.lang.Object,org.springframework.core.convert.TypeDescriptor,org.springframework.core.convert.TypeDescriptor)>: 1 -> result(long[][]) }
InferredTransfer{ <org.springframework.core.convert.support.CollectionToArrayConverter: java.lang.Object convert(java.lang.Object,org.springframework.core.convert.TypeDescriptor,org.springframework.core.convert.TypeDescriptor)>: base -> result(org.springframework.core.convert.support.StringToCharacterConverter[]) }
InferredTransfer{ <org.springframework.core.convert.support.AbstractConditionalEnumConverter: boolean matches(org.springframework.core.convert.TypeDescriptor,org.springframework.core.convert.TypeDescriptor)>: 1 -> base(org.springframework.core.convert.support.EnumToIntegerConverter) }
InferredTransfer{ <org.springframework.core.convert.support.ArrayToArrayConverter: java.lang.Object convert(java.lang.Object,org.springframework.core.convert.TypeDescriptor,org.springframework.core.convert.TypeDescriptor)>: base -> result(org.springframework.core.convert.support.StringToCharacterConverter[]) }
InferredTransfer{ <org.springframework.core.convert.support.CollectionToArrayConverter: java.lang.Object convert(java.lang.Object,org.springframework.core.convert.TypeDescriptor,org.springframework.core.convert.TypeDescriptor)>: 2 -> result(java.util.NavigableMap[]) }
InferredTransfer{ <org.springframework.core.convert.support.AbstractConditionalEnumConverter: boolean matches(org.springframework.core.convert.TypeDescriptor,org.springframework.core.convert.TypeDescriptor)>: 0 -> base(org.springframework.core.convert.support.EnumToIntegerConverter) }
InferredTransfer{ <org.springframework.core.convert.support.ArrayToArrayConverter: java.lang.Object convert(java.lang.Object,org.springframework.core.convert.TypeDescriptor,org.springframework.core.convert.TypeDescriptor)>: 0 -> result(org.springframework.core.convert.support.EnumToIntegerConverter[]) }
InferredTransfer{ <org.springframework.core.convert.support.StringToCharacterConverter: java.lang.Object convert(java.lang.Object)>: 0 -> result(java.lang.Character) }
InferredTransfer{ <org.springframework.core.convert.support.ConversionUtils: java.lang.Object invokeConverter(org.springframework.core.convert.converter.GenericConverter,java.lang.Object,org.springframework.core.convert.TypeDescriptor,org.springframework.core.convert.TypeDescriptor)>: 3 -> result(org.springframework.core.convert.support.StringToTimeZoneConverter[]) }
InferredTransfer{ <org.springframework.core.convert.support.ArrayToArrayConverter: java.lang.Object convert(java.lang.Object,org.springframework.core.convert.TypeDescriptor,org.springframework.core.convert.TypeDescriptor)>: base -> result(org.springframework.core.convert.support.EnumToIntegerConverter[]) }
InferredTransfer{ <java.lang.StringBuilder: java.lang.StringBuilder append(java.lang.Object)>: 0 -> base(java.lang.StringBuilder) }
InferredTransfer{ <org.springframework.core.convert.support.StringToArrayConverter: java.lang.Object convert(java.lang.Object,org.springframework.core.convert.TypeDescriptor,org.springframework.core.convert.TypeDescriptor)>: 2 -> result(java.util.NavigableSet[]) }
InferredTransfer{ <org.springframework.core.convert.support.StringToCharacterConverter: java.lang.Object convert(java.lang.Object)>: base -> result(java.lang.Character) }
InferredTransfer{ <org.springframework.core.convert.support.CollectionToArrayConverter: java.lang.Object convert(java.lang.Object,org.springframework.core.convert.TypeDescriptor,org.springframework.core.convert.TypeDescriptor)>: 0 -> result(java.util.NavigableMap[]) }
InferredTransfer{ <org.springframework.core.convert.support.ConversionUtils: java.lang.Object invokeConverter(org.springframework.core.convert.converter.GenericConverter,java.lang.Object,org.springframework.core.convert.TypeDescriptor,org.springframework.core.convert.TypeDescriptor)>: 2 -> result(org.springframework.core.convert.support.StringToTimeZoneConverter[]) }
InferredTransfer{ <org.springframework.core.convert.support.CollectionToArrayConverter: java.lang.Object convert(java.lang.Object,org.springframework.core.convert.TypeDescriptor,org.springframework.core.convert.TypeDescriptor)>: 0 -> result(java.lang.Byte[]) }
InferredTransfer{ <org.springframework.core.convert.support.CollectionToArrayConverter: java.lang.Object convert(java.lang.Object,org.springframework.core.convert.TypeDescriptor,org.springframework.core.convert.TypeDescriptor)>: 0 -> result(java.lang.System[]) }
InferredTransfer{ <org.springframework.core.convert.support.ArrayToArrayConverter: java.lang.Object convert(java.lang.Object,org.springframework.core.convert.TypeDescriptor,org.springframework.core.convert.TypeDescriptor)>: 0 -> result(java.lang.Byte[]) }
InferredTransfer{ <org.springframework.core.convert.support.CollectionToArrayConverter: java.lang.Object convert(java.lang.Object,org.springframework.core.convert.TypeDescriptor,org.springframework.core.convert.TypeDescriptor)>: base -> result(java.util.NavigableMap[]) }
InferredTransfer{ <org.springframework.core.convert.support.ConversionUtils: java.lang.Object invokeConverter(org.springframework.core.convert.converter.GenericConverter,java.lang.Object,org.springframework.core.convert.TypeDescriptor,org.springframework.core.convert.TypeDescriptor)>: 1 -> result(org.springframework.core.convert.support.StringToTimeZoneConverter[]) }
InferredTransfer{ <org.springframework.core.convert.support.StringToArrayConverter: java.lang.Object convert(java.lang.Object,org.springframework.core.convert.TypeDescriptor,org.springframework.core.convert.TypeDescriptor)>: 0 -> result(java.util.NavigableSet[]) }
InferredTransfer{ <org.springframework.core.convert.support.ConversionUtils: java.lang.Object invokeConverter(org.springframework.core.convert.converter.GenericConverter,java.lang.Object,org.springframework.core.convert.TypeDescriptor,org.springframework.core.convert.TypeDescriptor)>: 0 -> result(org.springframework.core.convert.support.StringToTimeZoneConverter[]) }
InferredTransfer{ <org.springframework.core.convert.support.StringToCharacterConverter: java.lang.Character convert(java.lang.String)>: 0 -> result(java.lang.Character) }
InferredTransfer{ <org.springframework.core.convert.support.StringToArrayConverter: java.lang.Object convert(java.lang.Object,org.springframework.core.convert.TypeDescriptor,org.springframework.core.convert.TypeDescriptor)>: base -> result(java.util.NavigableSet[]) }
InferredTransfer{ <org.springframework.core.convert.support.StringToCharacterConverter: java.lang.Character convert(java.lang.String)>: base -> result(java.lang.Character) }
InferredTransfer{ <org.springframework.core.convert.support.CollectionToObjectConverter: java.lang.Object convert(java.lang.Object,org.springframework.core.convert.TypeDescriptor,org.springframework.core.convert.TypeDescriptor)>: 0 -> result(double[][]) }
InferredTransfer{ <org.springframework.core.SerializableTypeWrapper: java.lang.reflect.Type unwrap(java.lang.reflect.Type)>: 0 -> result(org.springframework.core.ResolvableType$EmptyType) }
InferredTransfer{ <org.springframework.core.convert.support.ByteBufferConverter: java.lang.Object convert(java.lang.Object,org.springframework.core.convert.TypeDescriptor,org.springframework.core.convert.TypeDescriptor)>: 2 -> result(java.lang.Boolean) }
InferredTransfer{ <org.springframework.core.convert.support.GenericConversionService: java.lang.Object convert(java.lang.Object,org.springframework.core.convert.TypeDescriptor,org.springframework.core.convert.TypeDescriptor)>: 0 -> result(java.lang.Cloneable[]) }
InferredTransfer{ <org.springframework.core.convert.support.MapToMapConverter: java.lang.Object convertValue(java.lang.Object,org.springframework.core.convert.TypeDescriptor,org.springframework.core.convert.TypeDescriptor)>: 2 -> result(org.springframework.core.convert.support.EnumToStringConverter[]) }
InferredTransfer{ <org.springframework.core.convert.support.MapToMapConverter: java.lang.Object convertKey(java.lang.Object,org.springframework.core.convert.TypeDescriptor,org.springframework.core.convert.TypeDescriptor)>: 2 -> result(org.springframework.core.convert.support.NumberToNumberConverterFactory[]) }
InferredTransfer{ <java.lang.String: java.lang.String toUpperCase(java.util.Locale)>: base -> result(java.lang.String) }
InferredTransfer{ <org.springframework.core.convert.support.MapToMapConverter: java.lang.Object convertValue(java.lang.Object,org.springframework.core.convert.TypeDescriptor,org.springframework.core.convert.TypeDescriptor)>: 2 -> result(java.util.ArrayList[]) }
InferredTransfer{ <org.springframework.core.convert.support.ByteBufferConverter: java.lang.Object convert(java.lang.Object,org.springframework.core.convert.TypeDescriptor,org.springframework.core.convert.TypeDescriptor)>: 0 -> result(java.lang.Boolean) }
InferredTransfer{ <org.springframework.core.convert.support.MapToMapConverter: java.lang.Object convertValue(java.lang.Object,org.springframework.core.convert.TypeDescriptor,org.springframework.core.convert.TypeDescriptor)>: 1 -> result(org.springframework.core.convert.support.EnumToStringConverter[]) }
InferredTransfer{ <org.springframework.core.convert.support.MapToMapConverter: java.lang.Object convertKey(java.lang.Object,org.springframework.core.convert.TypeDescriptor,org.springframework.core.convert.TypeDescriptor)>: 1 -> result(org.springframework.core.convert.support.NumberToNumberConverterFactory[]) }
InferredTransfer{ <org.springframework.core.convert.support.ConversionUtils: java.lang.Object invokeConverter(org.springframework.core.convert.converter.GenericConverter,java.lang.Object,org.springframework.core.convert.TypeDescriptor,org.springframework.core.convert.TypeDescriptor)>: 3 -> result(sun.security.jca.ServiceId[]) }
InferredTransfer{ <org.springframework.core.convert.support.MapToMapConverter: java.lang.Object convertValue(java.lang.Object,org.springframework.core.convert.TypeDescriptor,org.springframework.core.convert.TypeDescriptor)>: 1 -> result(java.util.ArrayList[]) }
InferredTransfer{ <org.springframework.core.convert.support.ByteBufferConverter: java.lang.Object convert(java.lang.Object,org.springframework.core.convert.TypeDescriptor,org.springframework.core.convert.TypeDescriptor)>: base -> result(java.lang.Boolean) }
InferredTransfer{ <org.springframework.core.convert.support.ConversionUtils: java.lang.Object invokeConverter(org.springframework.core.convert.converter.GenericConverter,java.lang.Object,org.springframework.core.convert.TypeDescriptor,org.springframework.core.convert.TypeDescriptor)>: 2 -> result(sun.security.jca.ServiceId[]) }
InferredTransfer{ <org.springframework.core.convert.support.MapToMapConverter: java.lang.Object convertValue(java.lang.Object,org.springframework.core.convert.TypeDescriptor,org.springframework.core.convert.TypeDescriptor)>: base -> result(org.springframework.core.convert.support.EnumToStringConverter[]) }
InferredTransfer{ <org.springframework.core.convert.support.MapToMapConverter: java.lang.Object convertKey(java.lang.Object,org.springframework.core.convert.TypeDescriptor,org.springframework.core.convert.TypeDescriptor)>: base -> result(org.springframework.core.convert.support.NumberToNumberConverterFactory[]) }
InferredTransfer{ <org.springframework.core.convert.support.ConversionUtils: java.lang.Object invokeConverter(org.springframework.core.convert.converter.GenericConverter,java.lang.Object,org.springframework.core.convert.TypeDescriptor,org.springframework.core.convert.TypeDescriptor)>: 1 -> result(sun.security.jca.ServiceId[]) }
InferredTransfer{ <org.springframework.core.convert.support.MapToMapConverter: java.lang.Object convertValue(java.lang.Object,org.springframework.core.convert.TypeDescriptor,org.springframework.core.convert.TypeDescriptor)>: base -> result(java.util.ArrayList[]) }
InferredTransfer{ <org.springframework.core.convert.support.ConversionUtils: java.lang.Object invokeConverter(org.springframework.core.convert.converter.GenericConverter,java.lang.Object,org.springframework.core.convert.TypeDescriptor,org.springframework.core.convert.TypeDescriptor)>: 0 -> result(sun.security.jca.ServiceId[]) }
InferredTransfer{ <org.springframework.core.convert.support.CollectionToArrayConverter: java.lang.Object convert(java.lang.Object,org.springframework.core.convert.TypeDescriptor,org.springframework.core.convert.TypeDescriptor)>: 0 -> result(java.io.Serializable[]) }
InferredTransfer{ <org.springframework.core.convert.support.GenericConversionService: java.lang.Object convert(java.lang.Object,org.springframework.core.convert.TypeDescriptor,org.springframework.core.convert.TypeDescriptor)>: 0 -> result(short[][]) }
InferredTransfer{ <org.springframework.core.convert.support.ArrayToObjectConverter: java.lang.Object convert(java.lang.Object,org.springframework.core.convert.TypeDescriptor,org.springframework.core.convert.TypeDescriptor)>: 2 -> result(org.springframework.core.convert.support.NumberToNumberConverterFactory[]) }
InferredTransfer{ <org.springframework.core.SerializableTypeWrapper: java.lang.reflect.Type unwrap(java.lang.reflect.Type)>: 0 -> result(sun.reflect.generics.reflectiveObjects.WildcardTypeImpl) }
InferredTransfer{ <org.springframework.core.convert.support.ArrayToObjectConverter: java.lang.Object convert(java.lang.Object,org.springframework.core.convert.TypeDescriptor,org.springframework.core.convert.TypeDescriptor)>: 1 -> result(org.springframework.core.convert.support.NumberToNumberConverterFactory[]) }
InferredTransfer{ <org.springframework.core.convert.support.CollectionToObjectConverter: java.lang.Object convert(java.lang.Object,org.springframework.core.convert.TypeDescriptor,org.springframework.core.convert.TypeDescriptor)>: 0 -> result(sun.reflect.Reflection[]) }
InferredTransfer{ <org.springframework.util.ClassUtils: java.lang.String getQualifiedName(java.lang.Class)>: 0 -> result(java.lang.String) }
InferredTransfer{ <org.springframework.core.convert.support.StringToArrayConverter: java.lang.Object convert(java.lang.Object,org.springframework.core.convert.TypeDescriptor,org.springframework.core.convert.TypeDescriptor)>: 0 -> result(java.lang.Enum[]) }
InferredTransfer{ <org.springframework.core.convert.support.ArrayToObjectConverter: java.lang.Object convert(java.lang.Object,org.springframework.core.convert.TypeDescriptor,org.springframework.core.convert.TypeDescriptor)>: 0 -> result(org.springframework.core.convert.support.NumberToNumberConverterFactory[]) }
InferredTransfer{ <org.springframework.core.convert.support.ConversionUtils: java.lang.Object invokeConverter(org.springframework.core.convert.converter.GenericConverter,java.lang.Object,org.springframework.core.convert.TypeDescriptor,org.springframework.core.convert.TypeDescriptor)>: 1 -> result(java.nio.ByteBuffer[]) }
InferredTransfer{ <org.springframework.core.convert.support.ConversionUtils: java.lang.Object invokeConverter(org.springframework.core.convert.converter.GenericConverter,java.lang.Object,org.springframework.core.convert.TypeDescriptor,org.springframework.core.convert.TypeDescriptor)>: 1 -> result(java.lang.Object[]) }
InferredTransfer{ <org.springframework.core.convert.support.ArrayToObjectConverter: java.lang.Object convert(java.lang.Object,org.springframework.core.convert.TypeDescriptor,org.springframework.core.convert.TypeDescriptor)>: base -> result(org.springframework.core.convert.support.NumberToNumberConverterFactory[]) }
InferredTransfer{ <org.springframework.core.convert.support.ConversionUtils: java.lang.Object invokeConverter(org.springframework.core.convert.converter.GenericConverter,java.lang.Object,org.springframework.core.convert.TypeDescriptor,org.springframework.core.convert.TypeDescriptor)>: 0 -> result(java.nio.ByteBuffer[]) }
InferredTransfer{ <org.springframework.util.StringUtils: java.util.TimeZone parseTimeZoneString(java.lang.String)>: 0 -> result(sun.util.calendar.ZoneInfo) }
InferredTransfer{ <org.springframework.core.convert.support.ArrayToArrayConverter: java.lang.Object convert(java.lang.Object,org.springframework.core.convert.TypeDescriptor,org.springframework.core.convert.TypeDescriptor)>: 2 -> result(java.util.Locale) }
InferredTransfer{ <org.springframework.util.StringUtils: java.lang.String deleteAny(java.lang.String,java.lang.String)>: 0 -> result(java.lang.String) }
InferredTransfer{ <org.springframework.core.convert.support.ArrayToArrayConverter: java.lang.Object convert(java.lang.Object,org.springframework.core.convert.TypeDescriptor,org.springframework.core.convert.TypeDescriptor)>: 1 -> result(java.util.Locale) }
InferredTransfer{ <org.springframework.core.convert.support.GenericConversionService: org.springframework.core.convert.converter.GenericConverter getConverter(org.springframework.core.convert.TypeDescriptor,org.springframework.core.convert.TypeDescriptor)>: 1 -> result(org.springframework.core.convert.support.GenericConversionService$NoOpConverter) }
InferredTransfer{ <org.springframework.core.convert.support.ArrayToArrayConverter: java.lang.Object convert(java.lang.Object,org.springframework.core.convert.TypeDescriptor,org.springframework.core.convert.TypeDescriptor)>: 0 -> result(java.util.Locale) }
InferredTransfer{ <org.springframework.core.convert.support.GenericConversionService: org.springframework.core.convert.converter.GenericConverter getConverter(org.springframework.core.convert.TypeDescriptor,org.springframework.core.convert.TypeDescriptor)>: 0 -> result(org.springframework.core.convert.support.GenericConversionService$NoOpConverter) }
InferredTransfer{ <org.springframework.core.convert.support.ArrayToArrayConverter: java.lang.Object convert(java.lang.Object,org.springframework.core.convert.TypeDescriptor,org.springframework.core.convert.TypeDescriptor)>: base -> result(java.util.Locale) }
InferredTransfer{ <org.springframework.core.convert.support.GenericConversionService: org.springframework.core.convert.converter.GenericConverter getConverter(org.springframework.core.convert.TypeDescriptor,org.springframework.core.convert.TypeDescriptor)>: base -> result(org.springframework.core.convert.support.GenericConversionService$NoOpConverter) }
InferredTransfer{ <org.springframework.core.convert.support.StringToArrayConverter: java.lang.Object convert(java.lang.Object,org.springframework.core.convert.TypeDescriptor,org.springframework.core.convert.TypeDescriptor)>: 2 -> result(java.util.UUID[]) }
InferredTransfer{ <org.springframework.core.convert.support.StringToArrayConverter: java.lang.Object convert(java.lang.Object,org.springframework.core.convert.TypeDescriptor,org.springframework.core.convert.TypeDescriptor)>: 1 -> result(java.util.UUID[]) }
InferredTransfer{ <org.springframework.core.convert.support.ConversionUtils: java.lang.Object invokeConverter(org.springframework.core.convert.converter.GenericConverter,java.lang.Object,org.springframework.core.convert.TypeDescriptor,org.springframework.core.convert.TypeDescriptor)>: 1 -> result(float[][]) }
InferredTransfer{ <org.springframework.core.convert.support.CollectionToArrayConverter: java.lang.Object convert(java.lang.Object,org.springframework.core.convert.TypeDescriptor,org.springframework.core.convert.TypeDescriptor)>: 0 -> result(java.util.Locale[]) }
InferredTransfer{ <org.springframework.core.convert.support.StringToArrayConverter: java.lang.Object convert(java.lang.Object,org.springframework.core.convert.TypeDescriptor,org.springframework.core.convert.TypeDescriptor)>: 0 -> result(java.util.UUID[]) }
InferredTransfer{ <org.springframework.core.convert.support.ArrayToArrayConverter: java.lang.Object convert(java.lang.Object,org.springframework.core.convert.TypeDescriptor,org.springframework.core.convert.TypeDescriptor)>: 0 -> result(java.util.Locale[]) }
InferredTransfer{ <java.lang.Float: java.lang.Float valueOf(java.lang.String)>: 0 -> result(java.lang.Float) }
InferredTransfer{ <org.springframework.core.convert.support.ConversionUtils: java.lang.Object invokeConverter(org.springframework.core.convert.converter.GenericConverter,java.lang.Object,org.springframework.core.convert.TypeDescriptor,org.springframework.core.convert.TypeDescriptor)>: 1 -> result(sun.misc.Unsafe[]) }
InferredTransfer{ <org.springframework.core.convert.support.StringToArrayConverter: java.lang.Object convert(java.lang.Object,org.springframework.core.convert.TypeDescriptor,org.springframework.core.convert.TypeDescriptor)>: base -> result(java.util.UUID[]) }
InferredTransfer{ <org.springframework.core.convert.support.StreamConverter: java.lang.Object convert(java.lang.Object,org.springframework.core.convert.TypeDescriptor,org.springframework.core.convert.TypeDescriptor)>: 0 -> result(java.lang.Number[]) }
InferredTransfer{ <org.springframework.core.convert.support.ArrayToObjectConverter: java.lang.Object convert(java.lang.Object,org.springframework.core.convert.TypeDescriptor,org.springframework.core.convert.TypeDescriptor)>: 0 -> result(java.nio.charset.Charset[]) }
InferredTransfer{ <sun.reflect.generics.reflectiveObjects.GenericArrayTypeImpl: java.lang.reflect.Type getGenericComponentType()>: base -> result(sun.reflect.generics.reflectiveObjects.ParameterizedTypeImpl) }
InferredTransfer{ <org.springframework.core.convert.support.CollectionToArrayConverter: java.lang.Object convert(java.lang.Object,org.springframework.core.convert.TypeDescriptor,org.springframework.core.convert.TypeDescriptor)>: 0 -> result(java.lang.Long[]) }
InferredTransfer{ <org.springframework.core.convert.support.ArrayToArrayConverter: java.lang.Object convert(java.lang.Object,org.springframework.core.convert.TypeDescriptor,org.springframework.core.convert.TypeDescriptor)>: 0 -> result(java.lang.Long[]) }
InferredTransfer{ <org.springframework.core.convert.support.ByteBufferConverter: java.lang.Object convert(java.lang.Object,org.springframework.core.convert.TypeDescriptor,org.springframework.core.convert.TypeDescriptor)>: 0 -> result(byte[]) }
InferredTransfer{ <org.springframework.core.convert.support.MapToMapConverter: java.lang.Object convertKey(java.lang.Object,org.springframework.core.convert.TypeDescriptor,org.springframework.core.convert.TypeDescriptor)>: 2 -> result(java.lang.Double) }
InferredTransfer{ <java.lang.StringBuilder: java.lang.String toString()>: base -> result(java.lang.String) }
InferredTransfer{ <org.springframework.web.util.UrlPathHelper: java.lang.String removeSemicolonContent(java.lang.String)>: 0 -> base(org.springframework.web.util.UrlPathHelper) }
InferredTransfer{ <org.springframework.core.convert.support.CollectionToObjectConverter: java.lang.Object convert(java.lang.Object,org.springframework.core.convert.TypeDescriptor,org.springframework.core.convert.TypeDescriptor)>: 0 -> result(java.util.EnumMap[]) }
InferredTransfer{ <org.springframework.core.convert.support.MapToMapConverter: java.lang.Object convertKey(java.lang.Object,org.springframework.core.convert.TypeDescriptor,org.springframework.core.convert.TypeDescriptor)>: 1 -> result(java.lang.Double) }
InferredTransfer{ <org.springframework.core.convert.support.ByteBufferConverter: java.lang.Object convert(java.lang.Object,org.springframework.core.convert.TypeDescriptor,org.springframework.core.convert.TypeDescriptor)>: 2 -> result(org.springframework.core.convert.support.EnumToStringConverter[]) }
InferredTransfer{ <org.springframework.core.convert.support.MapToMapConverter: java.lang.Object convertKey(java.lang.Object,org.springframework.core.convert.TypeDescriptor,org.springframework.core.convert.TypeDescriptor)>: base -> result(java.lang.Double) }
InferredTransfer{ <org.springframework.core.convert.support.ByteBufferConverter: java.lang.Object convert(java.lang.Object,org.springframework.core.convert.TypeDescriptor,org.springframework.core.convert.TypeDescriptor)>: 2 -> result(java.util.ArrayList[]) }
InferredTransfer{ <org.springframework.core.convert.support.ByteBufferConverter: java.lang.Object convertFromByteBuffer(java.nio.ByteBuffer,org.springframework.core.convert.TypeDescriptor)>: 1 -> result(org.springframework.core.convert.support.StringToTimeZoneConverter[]) }
InferredTransfer{ <org.springframework.core.convert.support.CollectionToObjectConverter: java.lang.Object convert(java.lang.Object,org.springframework.core.convert.TypeDescriptor,org.springframework.core.convert.TypeDescriptor)>: 0 -> result(java.lang.Boolean[]) }
InferredTransfer{ <org.springframework.core.convert.support.ByteBufferConverter: java.lang.Object convert(java.lang.Object,org.springframework.core.convert.TypeDescriptor,org.springframework.core.convert.TypeDescriptor)>: 1 -> result(org.springframework.core.convert.support.EnumToStringConverter[]) }
InferredTransfer{ <org.springframework.core.convert.support.ByteBufferConverter: java.lang.Object convert(java.lang.Object,org.springframework.core.convert.TypeDescriptor,org.springframework.core.convert.TypeDescriptor)>: 1 -> result(java.util.ArrayList[]) }
InferredTransfer{ <org.springframework.core.convert.support.StringToLocaleConverter: java.lang.Object convert(java.lang.Object)>: 0 -> base(org.springframework.core.convert.support.StringToLocaleConverter) }
InferredTransfer{ <org.springframework.core.convert.support.MapToMapConverter: java.lang.Object convertValue(java.lang.Object,org.springframework.core.convert.TypeDescriptor,org.springframework.core.convert.TypeDescriptor)>: 2 -> result(java.util.UUID) }
InferredTransfer{ <org.springframework.core.convert.support.ByteBufferConverter: java.lang.Object convert(java.lang.Object,org.springframework.core.convert.TypeDescriptor,org.springframework.core.convert.TypeDescriptor)>: 0 -> result(org.springframework.core.convert.support.EnumToStringConverter[]) }
InferredTransfer{ <org.springframework.core.convert.support.ByteBufferConverter: java.lang.Object convert(java.lang.Object,org.springframework.core.convert.TypeDescriptor,org.springframework.core.convert.TypeDescriptor)>: 0 -> result(java.util.ArrayList[]) }
InferredTransfer{ <org.springframework.core.convert.support.ByteBufferConverter: java.lang.Object convertFromByteBuffer(java.nio.ByteBuffer,org.springframework.core.convert.TypeDescriptor)>: base -> result(org.springframework.core.convert.support.StringToTimeZoneConverter[]) }
InferredTransfer{ <org.springframework.core.convert.support.StringToBooleanConverter: java.lang.Object convert(java.lang.Object)>: 0 -> base(org.springframework.core.convert.support.StringToBooleanConverter) }
InferredTransfer{ <java.lang.Class: java.lang.reflect.Type getGenericSuperclass()>: base -> result(sun.reflect.generics.reflectiveObjects.ParameterizedTypeImpl) }
InferredTransfer{ <org.springframework.core.convert.support.MapToMapConverter: java.lang.Object convertValue(java.lang.Object,org.springframework.core.convert.TypeDescriptor,org.springframework.core.convert.TypeDescriptor)>: 1 -> result(java.util.UUID) }
InferredTransfer{ <org.springframework.core.env.AbstractPropertyResolver: java.lang.String doResolvePlaceholders(java.lang.String,org.springframework.util.PropertyPlaceholderHelper)>: 1 -> result(java.lang.String) }
InferredTransfer{ <org.springframework.core.convert.support.ByteBufferConverter: java.lang.Object convert(java.lang.Object,org.springframework.core.convert.TypeDescriptor,org.springframework.core.convert.TypeDescriptor)>: base -> result(org.springframework.core.convert.support.EnumToStringConverter[]) }
InferredTransfer{ <org.springframework.core.convert.support.ByteBufferConverter: java.lang.Object convert(java.lang.Object,org.springframework.core.convert.TypeDescriptor,org.springframework.core.convert.TypeDescriptor)>: base -> result(java.util.ArrayList[]) }
InferredTransfer{ <org.springframework.core.convert.support.ObjectToArrayConverter: java.lang.Object convert(java.lang.Object,org.springframework.core.convert.TypeDescriptor,org.springframework.core.convert.TypeDescriptor)>: 0 -> result(int[][]) }
InferredTransfer{ <org.springframework.core.convert.support.StreamConverter: java.lang.Object convert(java.lang.Object,org.springframework.core.convert.TypeDescriptor,org.springframework.core.convert.TypeDescriptor)>: 2 -> result(java.util.Optional) }
InferredTransfer{ <org.springframework.core.env.AbstractPropertyResolver: java.lang.String doResolvePlaceholders(java.lang.String,org.springframework.util.PropertyPlaceholderHelper)>: 0 -> result(java.lang.String) }
InferredTransfer{ <org.springframework.core.convert.support.ArrayToObjectConverter: java.lang.Object convert(java.lang.Object,org.springframework.core.convert.TypeDescriptor,org.springframework.core.convert.TypeDescriptor)>: 2 -> result(java.lang.Double) }
InferredTransfer{ <org.springframework.core.env.AbstractPropertyResolver: java.lang.String doResolvePlaceholders(java.lang.String,org.springframework.util.PropertyPlaceholderHelper)>: base -> result(java.lang.String) }
InferredTransfer{ <org.springframework.core.convert.support.MapToMapConverter: java.lang.Object convertValue(java.lang.Object,org.springframework.core.convert.TypeDescriptor,org.springframework.core.convert.TypeDescriptor)>: base -> result(java.util.UUID) }
InferredTransfer{ <org.springframework.core.convert.support.GenericConversionService: java.lang.Object convert(java.lang.Object,org.springframework.core.convert.TypeDescriptor,org.springframework.core.convert.TypeDescriptor)>: 2 -> result(org.springframework.core.convert.support.StringToCurrencyConverter[]) }
InferredTransfer{ <org.springframework.core.convert.support.ArrayToObjectConverter: java.lang.Object convert(java.lang.Object,org.springframework.core.convert.TypeDescriptor,org.springframework.core.convert.TypeDescriptor)>: 1 -> result(java.lang.Double) }
InferredTransfer{ <org.springframework.core.convert.support.StreamConverter: java.lang.Object convert(java.lang.Object,org.springframework.core.convert.TypeDescriptor,org.springframework.core.convert.TypeDescriptor)>: 0 -> result(java.util.Optional) }
InferredTransfer{ <org.springframework.core.convert.support.GenericConversionService: java.lang.Object convert(java.lang.Object,org.springframework.core.convert.TypeDescriptor,org.springframework.core.convert.TypeDescriptor)>: 1 -> result(org.springframework.core.convert.support.StringToCurrencyConverter[]) }
InferredTransfer{ <org.springframework.core.convert.support.ArrayToObjectConverter: java.lang.Object convert(java.lang.Object,org.springframework.core.convert.TypeDescriptor,org.springframework.core.convert.TypeDescriptor)>: 0 -> result(java.lang.Double) }
InferredTransfer{ <org.springframework.core.convert.support.CollectionToArrayConverter: java.lang.Object convert(java.lang.Object,org.springframework.core.convert.TypeDescriptor,org.springframework.core.convert.TypeDescriptor)>: 2 -> result(org.springframework.core.convert.support.StringToEnumConverterFactory[]) }
InferredTransfer{ <org.springframework.core.convert.support.StreamConverter: java.lang.Object convert(java.lang.Object,org.springframework.core.convert.TypeDescriptor,org.springframework.core.convert.TypeDescriptor)>: base -> result(java.util.Optional) }
InferredTransfer{ <org.springframework.core.convert.support.ArrayToArrayConverter: java.lang.Object convert(java.lang.Object,org.springframework.core.convert.TypeDescriptor,org.springframework.core.convert.TypeDescriptor)>: 2 -> result(org.springframework.core.convert.support.StringToEnumConverterFactory[]) }
InferredTransfer{ <org.springframework.core.convert.support.GenericConversionService: java.lang.Object convert(java.lang.Object,org.springframework.core.convert.TypeDescriptor,org.springframework.core.convert.TypeDescriptor)>: 0 -> result(org.springframework.core.convert.support.StringToCurrencyConverter[]) }
InferredTransfer{ <org.springframework.core.convert.support.ArrayToObjectConverter: java.lang.Object convert(java.lang.Object,org.springframework.core.convert.TypeDescriptor,org.springframework.core.convert.TypeDescriptor)>: base -> result(java.lang.Double) }
InferredTransfer{ <org.springframework.core.convert.support.MapToMapConverter: java.lang.Object convertValue(java.lang.Object,org.springframework.core.convert.TypeDescriptor,org.springframework.core.convert.TypeDescriptor)>: 2 -> result(java.lang.Class) }
InferredTransfer{ <org.springframework.core.convert.support.CollectionToArrayConverter: java.lang.Object convert(java.lang.Object,org.springframework.core.convert.TypeDescriptor,org.springframework.core.convert.TypeDescriptor)>: 1 -> result(org.springframework.core.convert.support.StringToEnumConverterFactory[]) }
InferredTransfer{ <org.springframework.core.convert.support.ArrayToArrayConverter: java.lang.Object convert(java.lang.Object,org.springframework.core.convert.TypeDescriptor,org.springframework.core.convert.TypeDescriptor)>: 1 -> result(org.springframework.core.convert.support.StringToEnumConverterFactory[]) }
InferredTransfer{ <org.springframework.core.convert.support.GenericConversionService: java.lang.Object convert(java.lang.Object,org.springframework.core.convert.TypeDescriptor,org.springframework.core.convert.TypeDescriptor)>: base -> result(org.springframework.core.convert.support.StringToCurrencyConverter[]) }
InferredTransfer{ <org.springframework.core.convert.support.MapToMapConverter: java.lang.Object convertValue(java.lang.Object,org.springframework.core.convert.TypeDescriptor,org.springframework.core.convert.TypeDescriptor)>: 1 -> result(java.lang.Class) }
InferredTransfer{ <org.springframework.core.convert.support.CollectionToArrayConverter: java.lang.Object convert(java.lang.Object,org.springframework.core.convert.TypeDescriptor,org.springframework.core.convert.TypeDescriptor)>: 0 -> result(org.springframework.core.convert.support.StringToEnumConverterFactory[]) }
InferredTransfer{ <org.springframework.core.convert.support.ArrayToArrayConverter: java.lang.Object convert(java.lang.Object,org.springframework.core.convert.TypeDescriptor,org.springframework.core.convert.TypeDescriptor)>: 0 -> result(org.springframework.core.convert.support.StringToEnumConverterFactory[]) }
InferredTransfer{ <org.springframework.core.convert.support.ByteBufferConverter: java.lang.Object convertFromByteBuffer(java.nio.ByteBuffer,org.springframework.core.convert.TypeDescriptor)>: 1 -> result(sun.security.jca.ServiceId[]) }
InferredTransfer{ <org.springframework.core.convert.support.CollectionToArrayConverter: java.lang.Object convert(java.lang.Object,org.springframework.core.convert.TypeDescriptor,org.springframework.core.convert.TypeDescriptor)>: base -> result(org.springframework.core.convert.support.StringToEnumConverterFactory[]) }
InferredTransfer{ <org.springframework.core.convert.support.ConversionUtils: java.lang.Object invokeConverter(org.springframework.core.convert.converter.GenericConverter,java.lang.Object,org.springframework.core.convert.TypeDescriptor,org.springframework.core.convert.TypeDescriptor)>: 3 -> result(sun.util.calendar.ZoneInfo) }
InferredTransfer{ <org.springframework.core.convert.support.ArrayToArrayConverter: java.lang.Object convert(java.lang.Object,org.springframework.core.convert.TypeDescriptor,org.springframework.core.convert.TypeDescriptor)>: base -> result(org.springframework.core.convert.support.StringToEnumConverterFactory[]) }
InferredTransfer{ <org.springframework.core.convert.support.CollectionToObjectConverter: java.lang.Object convert(java.lang.Object,org.springframework.core.convert.TypeDescriptor,org.springframework.core.convert.TypeDescriptor)>: 0 -> result(java.lang.Character[]) }
InferredTransfer{ <org.springframework.core.convert.support.MapToMapConverter: java.lang.Object convertValue(java.lang.Object,org.springframework.core.convert.TypeDescriptor,org.springframework.core.convert.TypeDescriptor)>: base -> result(java.lang.Class) }
InferredTransfer{ <org.springframework.core.convert.support.ConversionUtils: java.lang.Object invokeConverter(org.springframework.core.convert.converter.GenericConverter,java.lang.Object,org.springframework.core.convert.TypeDescriptor,org.springframework.core.convert.TypeDescriptor)>: 2 -> result(sun.util.calendar.ZoneInfo) }
InferredTransfer{ <org.springframework.core.convert.support.ZoneIdToTimeZoneConverter: java.lang.Object convert(java.lang.Object)>: 0 -> base(org.springframework.core.convert.support.ZoneIdToTimeZoneConverter) }
InferredTransfer{ <org.springframework.core.convert.support.ByteBufferConverter: java.lang.Object convertFromByteBuffer(java.nio.ByteBuffer,org.springframework.core.convert.TypeDescriptor)>: base -> result(sun.security.jca.ServiceId[]) }
InferredTransfer{ <org.springframework.core.convert.support.ConversionUtils: java.lang.Object invokeConverter(org.springframework.core.convert.converter.GenericConverter,java.lang.Object,org.springframework.core.convert.TypeDescriptor,org.springframework.core.convert.TypeDescriptor)>: 1 -> result(sun.util.calendar.ZoneInfo) }
InferredTransfer{ <org.springframework.core.convert.support.GenericConversionService: java.lang.Object convert(java.lang.Object,org.springframework.core.convert.TypeDescriptor,org.springframework.core.convert.TypeDescriptor)>: 0 -> result(java.lang.Short[]) }
InferredTransfer{ <java.lang.Long: java.lang.Long valueOf(java.lang.String)>: 0 -> result(java.lang.Long) }
InferredTransfer{ <org.springframework.core.convert.support.ConversionUtils: java.lang.Object invokeConverter(org.springframework.core.convert.converter.GenericConverter,java.lang.Object,org.springframework.core.convert.TypeDescriptor,org.springframework.core.convert.TypeDescriptor)>: 0 -> result(sun.util.calendar.ZoneInfo) }
InferredTransfer{ <org.springframework.core.convert.support.ConversionUtils: java.lang.Object invokeConverter(org.springframework.core.convert.converter.GenericConverter,java.lang.Object,org.springframework.core.convert.TypeDescriptor,org.springframework.core.convert.TypeDescriptor)>: 3 -> result(java.math.BigDecimal[]) }
InferredTransfer{ <org.springframework.core.convert.support.NumberToCharacterConverter: java.lang.Character convert(java.lang.Number)>: base -> result(java.lang.Character) }
InferredTransfer{ <org.springframework.core.convert.support.ConversionUtils: java.lang.Object invokeConverter(org.springframework.core.convert.converter.GenericConverter,java.lang.Object,org.springframework.core.convert.TypeDescriptor,org.springframework.core.convert.TypeDescriptor)>: 1 -> result(java.math.BigDecimal[]) }
InferredTransfer{ <java.lang.Integer: java.lang.Integer valueOf(java.lang.String)>: 0 -> result(java.lang.Integer) }
InferredTransfer{ <org.springframework.core.convert.support.ConversionUtils: java.lang.Object invokeConverter(org.springframework.core.convert.converter.GenericConverter,java.lang.Object,org.springframework.core.convert.TypeDescriptor,org.springframework.core.convert.TypeDescriptor)>: 0 -> result(java.math.BigDecimal[]) }
InferredTransfer{ <org.springframework.core.convert.support.GenericConversionService: java.lang.Object convert(java.lang.Object,org.springframework.core.convert.TypeDescriptor,org.springframework.core.convert.TypeDescriptor)>: 0 -> result(java.util.Collection[]) }
InferredTransfer{ <org.springframework.core.convert.support.ObjectToArrayConverter: java.lang.Object convert(java.lang.Object,org.springframework.core.convert.TypeDescriptor,org.springframework.core.convert.TypeDescriptor)>: 0 -> result(long[][]) }
InferredTransfer{ <org.springframework.core.convert.TypeDescriptor: org.springframework.core.convert.TypeDescriptor narrow(java.lang.Object,org.springframework.core.convert.TypeDescriptor)>: 1 -> result(org.springframework.core.convert.support.ObjectToOptionalConverter$GenericTypeDescriptor) }
InferredTransfer{ <org.springframework.core.convert.support.ByteBufferConverter: java.lang.Object convertFromByteBuffer(java.nio.ByteBuffer,org.springframework.core.convert.TypeDescriptor)>: base -> result(java.nio.ByteBuffer[]) }
InferredTransfer{ <org.springframework.core.convert.support.CollectionToArrayConverter: java.lang.Object convert(java.lang.Object,org.springframework.core.convert.TypeDescriptor,org.springframework.core.convert.TypeDescriptor)>: 2 -> result(org.springframework.core.convert.support.IntegerToEnumConverterFactory[]) }
InferredTransfer{ <org.springframework.core.convert.TypeDescriptor: org.springframework.core.convert.TypeDescriptor narrow(java.lang.Object,org.springframework.core.convert.TypeDescriptor)>: 0 -> result(org.springframework.core.convert.support.ObjectToOptionalConverter$GenericTypeDescriptor) }
InferredTransfer{ <org.springframework.core.convert.support.ArrayToArrayConverter: java.lang.Object convert(java.lang.Object,org.springframework.core.convert.TypeDescriptor,org.springframework.core.convert.TypeDescriptor)>: 2 -> result(org.springframework.core.convert.support.IntegerToEnumConverterFactory[]) }
InferredTransfer{ <org.springframework.core.convert.support.ArrayToArrayConverter: java.lang.Object convert(java.lang.Object,org.springframework.core.convert.TypeDescriptor,org.springframework.core.convert.TypeDescriptor)>: 2 -> result(java.util.NavigableSet[]) }
InferredTransfer{ <java.lang.StringBuffer: java.lang.CharSequence subSequence(int,int)>: base -> result(java.lang.CharSequence) }
InferredTransfer{ <org.springframework.core.convert.support.CollectionToArrayConverter: java.lang.Object convert(java.lang.Object,org.springframework.core.convert.TypeDescriptor,org.springframework.core.convert.TypeDescriptor)>: 1 -> result(org.springframework.core.convert.support.IntegerToEnumConverterFactory[]) }
InferredTransfer{ <org.springframework.core.convert.TypeDescriptor: org.springframework.core.convert.TypeDescriptor narrow(java.lang.Object,org.springframework.core.convert.TypeDescriptor)>: base -> result(org.springframework.core.convert.support.ObjectToOptionalConverter$GenericTypeDescriptor) }
InferredTransfer{ <org.springframework.core.convert.support.ArrayToArrayConverter: java.lang.Object convert(java.lang.Object,org.springframework.core.convert.TypeDescriptor,org.springframework.core.convert.TypeDescriptor)>: 1 -> result(org.springframework.core.convert.support.IntegerToEnumConverterFactory[]) }
InferredTransfer{ <org.springframework.core.convert.support.CollectionToArrayConverter: java.lang.Object convert(java.lang.Object,org.springframework.core.convert.TypeDescriptor,org.springframework.core.convert.TypeDescriptor)>: 2 -> result(org.springframework.core.convert.support.StringToPropertiesConverter[]) }
InferredTransfer{ <org.springframework.core.convert.support.ObjectToArrayConverter: java.lang.Object convert(java.lang.Object,org.springframework.core.convert.TypeDescriptor,org.springframework.core.convert.TypeDescriptor)>: 2 -> result(org.springframework.core.convert.support.StringToTimeZoneConverter[]) }
InferredTransfer{ <org.springframework.web.util.UrlPathHelper: java.lang.String getRequestUri(javax.servlet.http.HttpServletRequest)>: 0 -> base(org.springframework.web.util.UrlPathHelper) }
InferredTransfer{ <org.springframework.core.convert.support.ArrayToArrayConverter: java.lang.Object convert(java.lang.Object,org.springframework.core.convert.TypeDescriptor,org.springframework.core.convert.TypeDescriptor)>: 2 -> result(org.springframework.core.convert.support.StringToPropertiesConverter[]) }
InferredTransfer{ <org.springframework.core.convert.support.ArrayToArrayConverter: java.lang.Object convert(java.lang.Object,org.springframework.core.convert.TypeDescriptor,org.springframework.core.convert.TypeDescriptor)>: 0 -> result(java.util.NavigableSet[]) }
InferredTransfer{ <org.springframework.core.convert.support.CollectionToArrayConverter: java.lang.Object convert(java.lang.Object,org.springframework.core.convert.TypeDescriptor,org.springframework.core.convert.TypeDescriptor)>: 0 -> result(org.springframework.core.convert.support.IntegerToEnumConverterFactory[]) }
InferredTransfer{ <org.springframework.core.convert.support.ObjectToArrayConverter: java.lang.Object convert(java.lang.Object,org.springframework.core.convert.TypeDescriptor,org.springframework.core.convert.TypeDescriptor)>: 1 -> result(org.springframework.core.convert.support.StringToTimeZoneConverter[]) }
InferredTransfer{ <org.springframework.core.convert.support.CollectionToArrayConverter: java.lang.Object convert(java.lang.Object,org.springframework.core.convert.TypeDescriptor,org.springframework.core.convert.TypeDescriptor)>: 1 -> result(org.springframework.core.convert.support.StringToPropertiesConverter[]) }
InferredTransfer{ <org.springframework.core.convert.support.ConversionUtils: java.lang.Object invokeConverter(org.springframework.core.convert.converter.GenericConverter,java.lang.Object,org.springframework.core.convert.TypeDescriptor,org.springframework.core.convert.TypeDescriptor)>: 0 -> result(java.lang.Integer) }
InferredTransfer{ <org.springframework.core.convert.support.ArrayToArrayConverter: java.lang.Object convert(java.lang.Object,org.springframework.core.convert.TypeDescriptor,org.springframework.core.convert.TypeDescriptor)>: 1 -> result(org.springframework.core.convert.support.StringToPropertiesConverter[]) }
InferredTransfer{ <org.springframework.core.convert.support.ArrayToArrayConverter: java.lang.Object convert(java.lang.Object,org.springframework.core.convert.TypeDescriptor,org.springframework.core.convert.TypeDescriptor)>: 0 -> result(org.springframework.core.convert.support.IntegerToEnumConverterFactory[]) }
InferredTransfer{ <org.springframework.core.convert.support.CollectionToArrayConverter: java.lang.Object convert(java.lang.Object,org.springframework.core.convert.TypeDescriptor,org.springframework.core.convert.TypeDescriptor)>: base -> result(org.springframework.core.convert.support.IntegerToEnumConverterFactory[]) }
InferredTransfer{ <org.springframework.core.env.AbstractPropertyResolver: java.lang.String resolvePlaceholders(java.lang.String)>: 0 -> result(java.lang.String) }
InferredTransfer{ <org.springframework.core.convert.support.ObjectToArrayConverter: java.lang.Object convert(java.lang.Object,org.springframework.core.convert.TypeDescriptor,org.springframework.core.convert.TypeDescriptor)>: 0 -> result(org.springframework.core.convert.support.StringToTimeZoneConverter[]) }
InferredTransfer{ <org.springframework.core.convert.support.ArrayToArrayConverter: java.lang.Object convert(java.lang.Object,org.springframework.core.convert.TypeDescriptor,org.springframework.core.convert.TypeDescriptor)>: base -> result(java.util.NavigableSet[]) }
InferredTransfer{ <org.springframework.core.convert.support.ArrayToArrayConverter: java.lang.Object convert(java.lang.Object,org.springframework.core.convert.TypeDescriptor,org.springframework.core.convert.TypeDescriptor)>: base -> result(org.springframework.core.convert.support.IntegerToEnumConverterFactory[]) }
InferredTransfer{ <org.springframework.core.convert.support.ArrayToArrayConverter: java.lang.Object convert(java.lang.Object,org.springframework.core.convert.TypeDescriptor,org.springframework.core.convert.TypeDescriptor)>: 0 -> result(org.springframework.core.convert.support.StringToPropertiesConverter[]) }
InferredTransfer{ <org.springframework.core.convert.support.CollectionToArrayConverter: java.lang.Object convert(java.lang.Object,org.springframework.core.convert.TypeDescriptor,org.springframework.core.convert.TypeDescriptor)>: 0 -> result(org.springframework.core.convert.support.StringToPropertiesConverter[]) }
InferredTransfer{ <org.springframework.core.convert.support.ConversionUtils: java.lang.Object invokeConverter(org.springframework.core.convert.converter.GenericConverter,java.lang.Object,org.springframework.core.convert.TypeDescriptor,org.springframework.core.convert.TypeDescriptor)>: 1 -> result(java.lang.Integer) }
InferredTransfer{ <org.springframework.core.env.AbstractPropertyResolver: java.lang.String resolvePlaceholders(java.lang.String)>: base -> result(java.lang.String) }
InferredTransfer{ <org.springframework.core.convert.support.ObjectToArrayConverter: java.lang.Object convert(java.lang.Object,org.springframework.core.convert.TypeDescriptor,org.springframework.core.convert.TypeDescriptor)>: base -> result(org.springframework.core.convert.support.StringToTimeZoneConverter[]) }
InferredTransfer{ <org.springframework.core.convert.support.CollectionToArrayConverter: java.lang.Object convert(java.lang.Object,org.springframework.core.convert.TypeDescriptor,org.springframework.core.convert.TypeDescriptor)>: base -> result(org.springframework.core.convert.support.StringToPropertiesConverter[]) }
InferredTransfer{ <org.springframework.core.convert.support.ArrayToArrayConverter: java.lang.Object convert(java.lang.Object,org.springframework.core.convert.TypeDescriptor,org.springframework.core.convert.TypeDescriptor)>: base -> result(org.springframework.core.convert.support.StringToPropertiesConverter[]) }
InferredTransfer{ <org.springframework.core.convert.support.GenericConversionService: org.springframework.core.convert.converter.GenericConverter getConverter(org.springframework.core.convert.TypeDescriptor,org.springframework.core.convert.TypeDescriptor)>: 1 -> result(org.springframework.core.convert.support.ByteBufferConverter) }
InferredTransfer{ <org.springframework.core.convert.support.ArrayToArrayConverter: java.lang.Object convert(java.lang.Object,org.springframework.core.convert.TypeDescriptor,org.springframework.core.convert.TypeDescriptor)>: 0 -> result(java.lang.Float[]) }
InferredTransfer{ <org.springframework.core.convert.support.StreamConverter: java.lang.Object convert(java.lang.Object,org.springframework.core.convert.TypeDescriptor,org.springframework.core.convert.TypeDescriptor)>: 2 -> result(org.springframework.core.convert.support.ZonedDateTimeToCalendarConverter[]) }
InferredTransfer{ <org.springframework.core.convert.support.ArrayToCollectionConverter: java.lang.Object convert(java.lang.Object,org.springframework.core.convert.TypeDescriptor,org.springframework.core.convert.TypeDescriptor)>: 2 -> base(org.springframework.core.convert.support.ArrayToCollectionConverter) }
InferredTransfer{ <org.springframework.core.convert.support.GenericConversionService: org.springframework.core.convert.converter.GenericConverter getConverter(org.springframework.core.convert.TypeDescriptor,org.springframework.core.convert.TypeDescriptor)>: 0 -> result(org.springframework.core.convert.support.ByteBufferConverter) }
InferredTransfer{ <org.springframework.core.convert.support.StreamConverter: java.lang.Object convert(java.lang.Object,org.springframework.core.convert.TypeDescriptor,org.springframework.core.convert.TypeDescriptor)>: 2 -> result(org.springframework.core.convert.support.CharacterToNumberFactory[]) }
InferredTransfer{ <org.springframework.core.convert.support.StreamConverter: java.lang.Object convert(java.lang.Object,org.springframework.core.convert.TypeDescriptor,org.springframework.core.convert.TypeDescriptor)>: 1 -> result(org.springframework.core.convert.support.ZonedDateTimeToCalendarConverter[]) }
InferredTransfer{ <org.springframework.core.convert.support.ArrayToCollectionConverter: java.lang.Object convert(java.lang.Object,org.springframework.core.convert.TypeDescriptor,org.springframework.core.convert.TypeDescriptor)>: 1 -> base(org.springframework.core.convert.support.ArrayToCollectionConverter) }
InferredTransfer{ <org.springframework.core.convert.support.GenericConversionService: org.springframework.core.convert.converter.GenericConverter getConverter(org.springframework.core.convert.TypeDescriptor,org.springframework.core.convert.TypeDescriptor)>: base -> result(org.springframework.core.convert.support.ByteBufferConverter) }
InferredTransfer{ <org.springframework.core.convert.support.StreamConverter: java.lang.Object convert(java.lang.Object,org.springframework.core.convert.TypeDescriptor,org.springframework.core.convert.TypeDescriptor)>: 1 -> result(org.springframework.core.convert.support.CharacterToNumberFactory[]) }
InferredTransfer{ <org.springframework.core.convert.support.StreamConverter: java.lang.Object convert(java.lang.Object,org.springframework.core.convert.TypeDescriptor,org.springframework.core.convert.TypeDescriptor)>: 0 -> result(org.springframework.core.convert.support.ZonedDateTimeToCalendarConverter[]) }
InferredTransfer{ <org.springframework.core.convert.support.ByteBufferConverter: java.lang.Object convert(java.lang.Object,org.springframework.core.convert.TypeDescriptor,org.springframework.core.convert.TypeDescriptor)>: 2 -> result(java.util.UUID) }
InferredTransfer{ <org.springframework.core.convert.support.ArrayToCollectionConverter: java.lang.Object convert(java.lang.Object,org.springframework.core.convert.TypeDescriptor,org.springframework.core.convert.TypeDescriptor)>: 0 -> base(org.springframework.core.convert.support.ArrayToCollectionConverter) }
InferredTransfer{ <org.springframework.core.convert.support.ConversionUtils: java.lang.Object invokeConverter(org.springframework.core.convert.converter.GenericConverter,java.lang.Object,org.springframework.core.convert.TypeDescriptor,org.springframework.core.convert.TypeDescriptor)>: 3 -> result(org.springframework.core.convert.support.StringToUUIDConverter[]) }
InferredTransfer{ <org.springframework.core.convert.support.StreamConverter: java.lang.Object convert(java.lang.Object,org.springframework.core.convert.TypeDescriptor,org.springframework.core.convert.TypeDescriptor)>: 0 -> result(org.springframework.core.convert.support.CharacterToNumberFactory[]) }
InferredTransfer{ <org.springframework.core.convert.support.StreamConverter: java.lang.Object convert(java.lang.Object,org.springframework.core.convert.TypeDescriptor,org.springframework.core.convert.TypeDescriptor)>: base -> result(org.springframework.core.convert.support.ZonedDateTimeToCalendarConverter[]) }
InferredTransfer{ <org.springframework.core.convert.support.ByteBufferConverter: java.lang.Object convert(java.lang.Object,org.springframework.core.convert.TypeDescriptor,org.springframework.core.convert.TypeDescriptor)>: 1 -> result(java.util.UUID) }
InferredTransfer{ <org.springframework.core.convert.support.ObjectToArrayConverter: java.lang.Object convert(java.lang.Object,org.springframework.core.convert.TypeDescriptor,org.springframework.core.convert.TypeDescriptor)>: 2 -> result(sun.security.jca.ServiceId[]) }
InferredTransfer{ <org.springframework.core.convert.support.StreamConverter: java.lang.Object convert(java.lang.Object,org.springframework.core.convert.TypeDescriptor,org.springframework.core.convert.TypeDescriptor)>: base -> result(org.springframework.core.convert.support.CharacterToNumberFactory[]) }
InferredTransfer{ <org.springframework.core.convert.support.ConversionUtils: java.lang.Object invokeConverter(org.springframework.core.convert.converter.GenericConverter,java.lang.Object,org.springframework.core.convert.TypeDescriptor,org.springframework.core.convert.TypeDescriptor)>: 1 -> result(byte[][]) }
InferredTransfer{ <org.springframework.core.convert.support.ByteBufferConverter: java.lang.Object convert(java.lang.Object,org.springframework.core.convert.TypeDescriptor,org.springframework.core.convert.TypeDescriptor)>: 0 -> result(java.util.UUID) }
InferredTransfer{ <org.springframework.core.convert.support.ConversionUtils: java.lang.Object invokeConverter(org.springframework.core.convert.converter.GenericConverter,java.lang.Object,org.springframework.core.convert.TypeDescriptor,org.springframework.core.convert.TypeDescriptor)>: 2 -> result(org.springframework.core.convert.support.StringToUUIDConverter[]) }
InferredTransfer{ <org.springframework.core.convert.support.ObjectToArrayConverter: java.lang.Object convert(java.lang.Object,org.springframework.core.convert.TypeDescriptor,org.springframework.core.convert.TypeDescriptor)>: 1 -> result(sun.security.jca.ServiceId[]) }
InferredTransfer{ <org.springframework.core.convert.support.ConversionUtils: java.lang.Object invokeConverter(org.springframework.core.convert.converter.GenericConverter,java.lang.Object,org.springframework.core.convert.TypeDescriptor,org.springframework.core.convert.TypeDescriptor)>: 1 -> result(org.springframework.core.convert.support.StringToUUIDConverter[]) }
InferredTransfer{ <org.springframework.core.convert.support.ByteBufferConverter: java.lang.Object convert(java.lang.Object,org.springframework.core.convert.TypeDescriptor,org.springframework.core.convert.TypeDescriptor)>: base -> result(java.util.UUID) }
InferredTransfer{ <org.springframework.core.convert.support.ObjectToArrayConverter: java.lang.Object convert(java.lang.Object,org.springframework.core.convert.TypeDescriptor,org.springframework.core.convert.TypeDescriptor)>: 0 -> result(sun.security.jca.ServiceId[]) }
InferredTransfer{ <java.math.BigDecimal: void <init>(java.lang.String)>: 0 -> base(java.math.BigDecimal) }
InferredTransfer{ <org.springframework.core.convert.support.ConversionUtils: java.lang.Object invokeConverter(org.springframework.core.convert.converter.GenericConverter,java.lang.Object,org.springframework.core.convert.TypeDescriptor,org.springframework.core.convert.TypeDescriptor)>: 0 -> result(org.springframework.core.convert.support.StringToUUIDConverter[]) }
InferredTransfer{ <org.springframework.core.ResolvableType: org.springframework.core.ResolvableType getComponentType()>: base -> result(org.springframework.core.ResolvableType) }
InferredTransfer{ <org.springframework.util.ClassUtils: java.lang.Class resolvePrimitiveIfNecessary(java.lang.Class)>: 0 -> result(java.lang.Class) }
InferredTransfer{ <org.springframework.core.convert.support.GenericConversionService: java.lang.Object convert(java.lang.Object,org.springframework.core.convert.TypeDescriptor,org.springframework.core.convert.TypeDescriptor)>: 0 -> result(byte[]) }
InferredTransfer{ <org.springframework.core.convert.support.ByteBufferConverter: java.lang.Object convert(java.lang.Object,org.springframework.core.convert.TypeDescriptor,org.springframework.core.convert.TypeDescriptor)>: 0 -> result(java.util.List[]) }
InferredTransfer{ <org.springframework.core.convert.support.ObjectToArrayConverter: java.lang.Object convert(java.lang.Object,org.springframework.core.convert.TypeDescriptor,org.springframework.core.convert.TypeDescriptor)>: base -> result(sun.security.jca.ServiceId[]) }
InferredTransfer{ <org.springframework.core.convert.support.ByteBufferConverter: java.lang.Object convert(java.lang.Object,org.springframework.core.convert.TypeDescriptor,org.springframework.core.convert.TypeDescriptor)>: 2 -> result(java.lang.Class) }
InferredTransfer{ <org.springframework.core.convert.support.ByteBufferConverter: java.lang.Object convert(java.lang.Object,org.springframework.core.convert.TypeDescriptor,org.springframework.core.convert.TypeDescriptor)>: 1 -> result(java.lang.Class) }
InferredTransfer{ <org.springframework.core.convert.support.ArrayToArrayConverter: java.lang.Object convert(java.lang.Object,org.springframework.core.convert.TypeDescriptor,org.springframework.core.convert.TypeDescriptor)>: 0 -> result(java.lang.Enum[]) }
InferredTransfer{ <org.springframework.core.convert.TypeDescriptor: java.lang.Class getType()>: base -> result(java.lang.Class) }
InferredTransfer{ <java.lang.StringBuilder: java.lang.String substring(int,int)>: base -> result(java.lang.String) }
InferredTransfer{ <org.springframework.core.convert.support.ByteBufferConverter: java.lang.Object convert(java.lang.Object,org.springframework.core.convert.TypeDescriptor,org.springframework.core.convert.TypeDescriptor)>: 0 -> result(java.lang.Class) }
InferredTransfer{ <org.springframework.core.convert.support.MapToMapConverter: java.lang.Object convertKey(java.lang.Object,org.springframework.core.convert.TypeDescriptor,org.springframework.core.convert.TypeDescriptor)>: 2 -> result(org.springframework.core.convert.support.StringToCharsetConverter[]) }
InferredTransfer{ <org.springframework.core.convert.support.ByteBufferConverter: java.lang.Object convert(java.lang.Object,org.springframework.core.convert.TypeDescriptor,org.springframework.core.convert.TypeDescriptor)>: base -> result(java.lang.Class) }
InferredTransfer{ <org.springframework.core.convert.support.MapToMapConverter: java.lang.Object convertKey(java.lang.Object,org.springframework.core.convert.TypeDescriptor,org.springframework.core.convert.TypeDescriptor)>: 1 -> result(org.springframework.core.convert.support.StringToCharsetConverter[]) }
InferredTransfer{ <org.springframework.core.convert.support.StringToArrayConverter: java.lang.Object convert(java.lang.Object,org.springframework.core.convert.TypeDescriptor,org.springframework.core.convert.TypeDescriptor)>: 0 -> result(java.io.Externalizable[]) }
InferredTransfer{ <org.springframework.core.ResolvableType: org.springframework.core.ResolvableType forClass(java.lang.Class)>: 0 -> result(org.springframework.core.ResolvableType) }
InferredTransfer{ <org.springframework.core.convert.support.ObjectToArrayConverter: java.lang.Object convert(java.lang.Object,org.springframework.core.convert.TypeDescriptor,org.springframework.core.convert.TypeDescriptor)>: 0 -> result(java.lang.Object[]) }
InferredTransfer{ <org.springframework.core.convert.support.ObjectToArrayConverter: java.lang.Object convert(java.lang.Object,org.springframework.core.convert.TypeDescriptor,org.springframework.core.convert.TypeDescriptor)>: 0 -> result(java.nio.ByteBuffer[]) }
InferredTransfer{ <org.springframework.core.convert.support.StringToCurrencyConverter: java.lang.Object convert(java.lang.Object)>: 0 -> base(org.springframework.core.convert.support.StringToCurrencyConverter) }
InferredTransfer{ <org.springframework.core.convert.support.ObjectToArrayConverter: java.lang.Object convert(java.lang.Object,org.springframework.core.convert.TypeDescriptor,org.springframework.core.convert.TypeDescriptor)>: base -> result(java.nio.ByteBuffer[]) }
InferredTransfer{ <org.springframework.core.convert.support.MapToMapConverter: java.lang.Object convertKey(java.lang.Object,org.springframework.core.convert.TypeDescriptor,org.springframework.core.convert.TypeDescriptor)>: base -> result(org.springframework.core.convert.support.StringToCharsetConverter[]) }
InferredTransfer{ <org.springframework.core.convert.support.StringToCharsetConverter: java.nio.charset.Charset convert(java.lang.String)>: 0 -> result(sun.nio.cs.US_ASCII) }
InferredTransfer{ <org.springframework.core.convert.support.StringToCharsetConverter: java.nio.charset.Charset convert(java.lang.String)>: base -> result(sun.nio.cs.US_ASCII) }
InferredTransfer{ <org.springframework.core.convert.support.ArrayToObjectConverter: java.lang.Object convert(java.lang.Object,org.springframework.core.convert.TypeDescriptor,org.springframework.core.convert.TypeDescriptor)>: 2 -> result(org.springframework.core.convert.support.StringToCharsetConverter[]) }
InferredTransfer{ <org.springframework.core.convert.support.ArrayToArrayConverter: java.lang.Object convert(java.lang.Object,org.springframework.core.convert.TypeDescriptor,org.springframework.core.convert.TypeDescriptor)>: 2 -> result(sun.security.jca.ProviderConfig) }
InferredTransfer{ <org.springframework.core.convert.support.ObjectToArrayConverter: java.lang.Object convert(java.lang.Object,org.springframework.core.convert.TypeDescriptor,org.springframework.core.convert.TypeDescriptor)>: 0 -> result(float[][]) }
InferredTransfer{ <org.springframework.core.convert.support.ArrayToObjectConverter: java.lang.Object convert(java.lang.Object,org.springframework.core.convert.TypeDescriptor,org.springframework.core.convert.TypeDescriptor)>: 1 -> result(org.springframework.core.convert.support.StringToCharsetConverter[]) }
InferredTransfer{ <org.springframework.core.convert.support.ByteBufferConverter: java.lang.Object convertFromByteBuffer(java.nio.ByteBuffer,org.springframework.core.convert.TypeDescriptor)>: 1 -> result(sun.util.calendar.ZoneInfo) }
InferredTransfer{ <org.springframework.core.convert.support.StreamConverter: java.lang.Object convertFromStream(java.util.stream.Stream,org.springframework.core.convert.TypeDescriptor,org.springframework.core.convert.TypeDescriptor)>: 2 -> result(java.util.Optional) }
InferredTransfer{ <org.springframework.core.convert.support.ArrayToArrayConverter: java.lang.Object convert(java.lang.Object,org.springframework.core.convert.TypeDescriptor,org.springframework.core.convert.TypeDescriptor)>: 1 -> result(sun.security.jca.ProviderConfig) }
InferredTransfer{ <org.springframework.core.convert.support.ArrayToObjectConverter: java.lang.Object convert(java.lang.Object,org.springframework.core.convert.TypeDescriptor,org.springframework.core.convert.TypeDescriptor)>: 0 -> result(org.springframework.core.convert.support.StringToCharsetConverter[]) }
InferredTransfer{ <org.springframework.core.convert.support.MapToMapConverter: java.lang.Object convertValue(java.lang.Object,org.springframework.core.convert.TypeDescriptor,org.springframework.core.convert.TypeDescriptor)>: 2 -> result(org.springframework.core.convert.support.StringToTimeZoneConverter[]) }
InferredTransfer{ <org.springframework.core.convert.support.ArrayToArrayConverter: java.lang.Object convert(java.lang.Object,org.springframework.core.convert.TypeDescriptor,org.springframework.core.convert.TypeDescriptor)>: 0 -> result(sun.security.jca.ProviderConfig) }
InferredTransfer{ <org.springframework.core.convert.support.ObjectToArrayConverter: java.lang.Object convert(java.lang.Object,org.springframework.core.convert.TypeDescriptor,org.springframework.core.convert.TypeDescriptor)>: 0 -> result(sun.misc.Unsafe[]) }
InferredTransfer{ <org.springframework.core.convert.support.ByteBufferConverter: java.lang.Object convertFromByteBuffer(java.nio.ByteBuffer,org.springframework.core.convert.TypeDescriptor)>: base -> result(sun.util.calendar.ZoneInfo) }
InferredTransfer{ <org.springframework.core.convert.support.ArrayToObjectConverter: java.lang.Object convert(java.lang.Object,org.springframework.core.convert.TypeDescriptor,org.springframework.core.convert.TypeDescriptor)>: base -> result(org.springframework.core.convert.support.StringToCharsetConverter[]) }
InferredTransfer{ <org.springframework.core.convert.support.MapToMapConverter: java.lang.Object convertValue(java.lang.Object,org.springframework.core.convert.TypeDescriptor,org.springframework.core.convert.TypeDescriptor)>: 1 -> result(org.springframework.core.convert.support.StringToTimeZoneConverter[]) }
InferredTransfer{ <org.springframework.core.convert.support.ArrayToArrayConverter: java.lang.Object convert(java.lang.Object,org.springframework.core.convert.TypeDescriptor,org.springframework.core.convert.TypeDescriptor)>: base -> result(sun.security.jca.ProviderConfig) }
InferredTransfer{ <org.springframework.core.convert.support.ConversionUtils: java.lang.Object invokeConverter(org.springframework.core.convert.converter.GenericConverter,java.lang.Object,org.springframework.core.convert.TypeDescriptor,org.springframework.core.convert.TypeDescriptor)>: 1 -> result(java.nio.charset.Charset[]) }
InferredTransfer{ <org.springframework.core.convert.support.ByteBufferConverter: java.lang.Object convertFromByteBuffer(java.nio.ByteBuffer,org.springframework.core.convert.TypeDescriptor)>: 1 -> result(java.math.BigDecimal[]) }
InferredTransfer{ <org.springframework.core.convert.support.ConversionUtils: java.lang.Object invokeConverter(org.springframework.core.convert.converter.GenericConverter,java.lang.Object,org.springframework.core.convert.TypeDescriptor,org.springframework.core.convert.TypeDescriptor)>: 1 -> result(java.util.Set[]) }
InferredTransfer{ <org.springframework.core.convert.support.CollectionToArrayConverter: java.lang.Object convert(java.lang.Object,org.springframework.core.convert.TypeDescriptor,org.springframework.core.convert.TypeDescriptor)>: 0 -> result(double[][]) }
InferredTransfer{ <org.springframework.core.convert.support.ArrayToArrayConverter: java.lang.Object convert(java.lang.Object,org.springframework.core.convert.TypeDescriptor,org.springframework.core.convert.TypeDescriptor)>: 0 -> result(double[][]) }
InferredTransfer{ <org.springframework.core.convert.support.ArrayToObjectConverter: java.lang.Object convert(java.lang.Object,org.springframework.core.convert.TypeDescriptor,org.springframework.core.convert.TypeDescriptor)>: 2 -> result(java.util.HashSet[]) }
InferredTransfer{ <org.springframework.core.convert.support.MapToMapConverter: java.lang.Object convertValue(java.lang.Object,org.springframework.core.convert.TypeDescriptor,org.springframework.core.convert.TypeDescriptor)>: base -> result(org.springframework.core.convert.support.StringToTimeZoneConverter[]) }
InferredTransfer{ <org.springframework.core.convert.support.ArrayToObjectConverter: java.lang.Object convert(java.lang.Object,org.springframework.core.convert.TypeDescriptor,org.springframework.core.convert.TypeDescriptor)>: 0 -> result(java.io.Closeable[]) }
InferredTransfer{ <org.springframework.core.convert.support.ByteBufferConverter: java.lang.Object convertFromByteBuffer(java.nio.ByteBuffer,org.springframework.core.convert.TypeDescriptor)>: base -> result(java.math.BigDecimal[]) }
InferredTransfer{ <org.springframework.core.convert.support.ArrayToObjectConverter: java.lang.Object convert(java.lang.Object,org.springframework.core.convert.TypeDescriptor,org.springframework.core.convert.TypeDescriptor)>: 1 -> result(java.util.HashSet[]) }
InferredTransfer{ <org.springframework.core.convert.support.ArrayToObjectConverter: java.lang.Object convert(java.lang.Object,org.springframework.core.convert.TypeDescriptor,org.springframework.core.convert.TypeDescriptor)>: 0 -> result(java.util.HashSet[]) }
InferredTransfer{ <org.springframework.core.convert.support.ArrayToObjectConverter: java.lang.Object convert(java.lang.Object,org.springframework.core.convert.TypeDescriptor,org.springframework.core.convert.TypeDescriptor)>: base -> result(java.util.HashSet[]) }
InferredTransfer{ <org.springframework.core.convert.support.CollectionToObjectConverter: java.lang.Object convert(java.lang.Object,org.springframework.core.convert.TypeDescriptor,org.springframework.core.convert.TypeDescriptor)>: 0 -> result(java.io.Closeable[]) }
InferredTransfer{ <org.springframework.core.convert.support.StreamConverter: java.lang.Object convert(java.lang.Object,org.springframework.core.convert.TypeDescriptor,org.springframework.core.convert.TypeDescriptor)>: 2 -> result(java.math.BigDecimal) }
InferredTransfer{ <org.springframework.core.convert.support.ByteBufferConverter: java.lang.Object convertFromByteBuffer(java.nio.ByteBuffer,org.springframework.core.convert.TypeDescriptor)>: base -> result(java.lang.Integer) }
InferredTransfer{ <org.springframework.util.NumberUtils: java.lang.Number parseNumber(java.lang.String,java.lang.Class)>: 0 -> result(java.lang.Integer) }
InferredTransfer{ <org.springframework.core.convert.support.MapToMapConverter: java.lang.Object convertValue(java.lang.Object,org.springframework.core.convert.TypeDescriptor,org.springframework.core.convert.TypeDescriptor)>: 2 -> result(sun.security.jca.ServiceId[]) }
InferredTransfer{ <org.springframework.core.convert.support.StreamConverter: java.lang.Object convert(java.lang.Object,org.springframework.core.convert.TypeDescriptor,org.springframework.core.convert.TypeDescriptor)>: 0 -> result(java.math.BigDecimal) }
InferredTransfer{ <org.springframework.core.convert.support.MapToMapConverter: java.lang.Object convertValue(java.lang.Object,org.springframework.core.convert.TypeDescriptor,org.springframework.core.convert.TypeDescriptor)>: 1 -> result(sun.security.jca.ServiceId[]) }
InferredTransfer{ <org.springframework.core.convert.support.StreamConverter: java.lang.Object convert(java.lang.Object,org.springframework.core.convert.TypeDescriptor,org.springframework.core.convert.TypeDescriptor)>: base -> result(java.math.BigDecimal) }
InferredTransfer{ <org.springframework.core.convert.support.StreamConverter: java.lang.Object convert(java.lang.Object,org.springframework.core.convert.TypeDescriptor,org.springframework.core.convert.TypeDescriptor)>: 0 -> result(java.lang.Cloneable[]) }
InferredTransfer{ <org.springframework.core.convert.TypeDescriptor: org.springframework.core.convert.TypeDescriptor getElementTypeDescriptor()>: base -> result(org.springframework.core.convert.TypeDescriptor) }
InferredTransfer{ <org.springframework.web.util.UrlPathHelper: java.lang.String getPathWithinApplication(javax.servlet.http.HttpServletRequest)>: 0 -> base(org.springframework.web.util.UrlPathHelper) }
InferredTransfer{ <org.springframework.core.convert.support.ConversionUtils: java.lang.Object invokeConverter(org.springframework.core.convert.converter.GenericConverter,java.lang.Object,org.springframework.core.convert.TypeDescriptor,org.springframework.core.convert.TypeDescriptor)>: 1 -> result(org.springframework.core.convert.support.EnumToIntegerConverter[]) }
InferredTransfer{ <org.springframework.core.ResolvableType: org.springframework.core.ResolvableType resolveVariable(java.lang.reflect.TypeVariable)>: 0 -> base(org.springframework.core.ResolvableType) }
InferredTransfer{ <org.springframework.core.convert.support.MapToMapConverter: java.lang.Object convertValue(java.lang.Object,org.springframework.core.convert.TypeDescriptor,org.springframework.core.convert.TypeDescriptor)>: base -> result(sun.security.jca.ServiceId[]) }
InferredTransfer{ <org.springframework.core.convert.support.ArrayToObjectConverter: java.lang.Object convert(java.lang.Object,org.springframework.core.convert.TypeDescriptor,org.springframework.core.convert.TypeDescriptor)>: 2 -> result(java.util.stream.ReferencePipeline$Head) }
InferredTransfer{ <org.springframework.core.convert.support.ConversionUtils: java.lang.Object invokeConverter(org.springframework.core.convert.converter.GenericConverter,java.lang.Object,org.springframework.core.convert.TypeDescriptor,org.springframework.core.convert.TypeDescriptor)>: 0 -> result(org.springframework.core.convert.support.EnumToIntegerConverter[]) }
InferredTransfer{ <org.springframework.core.convert.support.ArrayToObjectConverter: java.lang.Object convert(java.lang.Object,org.springframework.core.convert.TypeDescriptor,org.springframework.core.convert.TypeDescriptor)>: 1 -> result(java.util.stream.ReferencePipeline$Head) }
InferredTransfer{ <org.springframework.core.convert.support.CollectionToArrayConverter: java.lang.Object convert(java.lang.Object,org.springframework.core.convert.TypeDescriptor,org.springframework.core.convert.TypeDescriptor)>: 0 -> result(sun.reflect.Reflection[]) }
InferredTransfer{ <org.springframework.core.convert.support.ArrayToArrayConverter: java.lang.Object convert(java.lang.Object,org.springframework.core.convert.TypeDescriptor,org.springframework.core.convert.TypeDescriptor)>: 0 -> result(sun.reflect.Reflection[]) }
InferredTransfer{ <org.springframework.web.util.UrlPathHelper: java.lang.String getContextPath(javax.servlet.http.HttpServletRequest)>: 0 -> result(java.lang.String) }
InferredTransfer{ <org.springframework.core.convert.support.ArrayToObjectConverter: java.lang.Object convert(java.lang.Object,org.springframework.core.convert.TypeDescriptor,org.springframework.core.convert.TypeDescriptor)>: 0 -> result(java.util.stream.ReferencePipeline$Head) }
InferredTransfer{ <org.springframework.core.convert.support.ArrayToObjectConverter: java.lang.Object convert(java.lang.Object,org.springframework.core.convert.TypeDescriptor,org.springframework.core.convert.TypeDescriptor)>: 0 -> result(java.lang.Class[]) }
InferredTransfer{ <org.springframework.core.convert.support.StringToArrayConverter: java.lang.Object convert(java.lang.Object,org.springframework.core.convert.TypeDescriptor,org.springframework.core.convert.TypeDescriptor)>: 2 -> result(org.springframework.core.convert.support.StringToNumberConverterFactory[]) }
InferredTransfer{ <org.springframework.web.util.UrlPathHelper: java.lang.String getContextPath(javax.servlet.http.HttpServletRequest)>: base -> result(java.lang.String) }
InferredTransfer{ <org.springframework.core.convert.support.GenericConversionService: java.lang.Object convert(java.lang.Object,org.springframework.core.convert.TypeDescriptor,org.springframework.core.convert.TypeDescriptor)>: 2 -> result(java.util.TreeSet[]) }
InferredTransfer{ <org.springframework.core.convert.support.ByteBufferConverter: java.lang.Object convertFromByteBuffer(java.nio.ByteBuffer,org.springframework.core.convert.TypeDescriptor)>: 1 -> result(org.springframework.core.convert.support.StringToUUIDConverter[]) }
InferredTransfer{ <org.springframework.core.convert.support.StringToArrayConverter: java.lang.Object convert(java.lang.Object,org.springframework.core.convert.TypeDescriptor,org.springframework.core.convert.TypeDescriptor)>: 1 -> result(org.springframework.core.convert.support.StringToNumberConverterFactory[]) }
InferredTransfer{ <java.lang.String: java.lang.String replace(java.lang.CharSequence,java.lang.CharSequence)>: base -> result(java.lang.String) }
InferredTransfer{ <org.springframework.core.convert.support.CollectionToArrayConverter: java.lang.Object convert(java.lang.Object,org.springframework.core.convert.TypeDescriptor,org.springframework.core.convert.TypeDescriptor)>: 2 -> result(org.springframework.core.convert.support.NumberToNumberConverterFactory[]) }
InferredTransfer{ <org.springframework.core.convert.support.ArrayToObjectConverter: java.lang.Object convert(java.lang.Object,org.springframework.core.convert.TypeDescriptor,org.springframework.core.convert.TypeDescriptor)>: base -> result(java.util.stream.ReferencePipeline$Head) }
InferredTransfer{ <org.springframework.core.convert.support.GenericConversionService: java.lang.Object convert(java.lang.Object,org.springframework.core.convert.TypeDescriptor,org.springframework.core.convert.TypeDescriptor)>: 1 -> result(java.util.TreeSet[]) }
InferredTransfer{ <org.springframework.core.convert.support.StringToArrayConverter: java.lang.Object convert(java.lang.Object,org.springframework.core.convert.TypeDescriptor,org.springframework.core.convert.TypeDescriptor)>: 0 -> result(org.springframework.core.convert.support.StringToNumberConverterFactory[]) }
InferredTransfer{ <org.springframework.core.convert.support.ArrayToObjectConverter: java.lang.Object convert(java.lang.Object,org.springframework.core.convert.TypeDescriptor,org.springframework.core.convert.TypeDescriptor)>: 2 -> result(java.nio.HeapByteBuffer) }
InferredTransfer{ <org.springframework.core.convert.support.CollectionToArrayConverter: java.lang.Object convert(java.lang.Object,org.springframework.core.convert.TypeDescriptor,org.springframework.core.convert.TypeDescriptor)>: 1 -> result(org.springframework.core.convert.support.NumberToNumberConverterFactory[]) }
InferredTransfer{ <org.springframework.core.convert.support.GenericConversionService: java.lang.Object convert(java.lang.Object,org.springframework.core.convert.TypeDescriptor,org.springframework.core.convert.TypeDescriptor)>: 0 -> result(java.util.TreeSet[]) }
InferredTransfer{ <org.springframework.core.convert.support.ByteBufferConverter: java.lang.Object convertFromByteBuffer(java.nio.ByteBuffer,org.springframework.core.convert.TypeDescriptor)>: base -> result(org.springframework.core.convert.support.StringToUUIDConverter[]) }
InferredTransfer{ <org.springframework.core.convert.support.StringToArrayConverter: java.lang.Object convert(java.lang.Object,org.springframework.core.convert.TypeDescriptor,org.springframework.core.convert.TypeDescriptor)>: base -> result(org.springframework.core.convert.support.StringToNumberConverterFactory[]) }
InferredTransfer{ <org.springframework.core.convert.support.ArrayToObjectConverter: java.lang.Object convert(java.lang.Object,org.springframework.core.convert.TypeDescriptor,org.springframework.core.convert.TypeDescriptor)>: 1 -> result(java.nio.HeapByteBuffer) }
InferredTransfer{ <org.springframework.core.convert.support.CollectionToArrayConverter: java.lang.Object convert(java.lang.Object,org.springframework.core.convert.TypeDescriptor,org.springframework.core.convert.TypeDescriptor)>: 0 -> result(org.springframework.core.convert.support.NumberToNumberConverterFactory[]) }
InferredTransfer{ <org.springframework.core.convert.support.CollectionToObjectConverter: java.lang.Object convert(java.lang.Object,org.springframework.core.convert.TypeDescriptor,org.springframework.core.convert.TypeDescriptor)>: 0 -> result(java.lang.Class[]) }
InferredTransfer{ <org.springframework.core.convert.support.ZonedDateTimeToCalendarConverter: java.lang.Object convert(java.lang.Object)>: 0 -> base(org.springframework.core.convert.support.ZonedDateTimeToCalendarConverter) }
InferredTransfer{ <org.springframework.core.convert.support.GenericConversionService: java.lang.Object convert(java.lang.Object,org.springframework.core.convert.TypeDescriptor,org.springframework.core.convert.TypeDescriptor)>: base -> result(java.util.TreeSet[]) }
InferredTransfer{ <java.lang.String: java.lang.String concat(java.lang.String)>: 0 -> result(java.lang.String) }
InferredTransfer{ <org.springframework.core.convert.support.StreamConverter: java.lang.Object convertFromStream(java.util.stream.Stream,org.springframework.core.convert.TypeDescriptor,org.springframework.core.convert.TypeDescriptor)>: 2 -> result(org.springframework.core.convert.support.ZonedDateTimeToCalendarConverter[]) }
InferredTransfer{ <org.springframework.core.convert.support.StreamConverter: java.lang.Object convert(java.lang.Object,org.springframework.core.convert.TypeDescriptor,org.springframework.core.convert.TypeDescriptor)>: 0 -> result(java.util.Currency[]) }
InferredTransfer{ <org.springframework.core.convert.support.ObjectToOptionalConverter: java.lang.Object convert(java.lang.Object,org.springframework.core.convert.TypeDescriptor,org.springframework.core.convert.TypeDescriptor)>: 0 -> result(byte[]) }
InferredTransfer{ <org.springframework.core.convert.support.ArrayToObjectConverter: java.lang.Object convert(java.lang.Object,org.springframework.core.convert.TypeDescriptor,org.springframework.core.convert.TypeDescriptor)>: 0 -> result(java.nio.HeapByteBuffer) }
InferredTransfer{ <org.springframework.core.convert.support.CollectionToArrayConverter: java.lang.Object convert(java.lang.Object,org.springframework.core.convert.TypeDescriptor,org.springframework.core.convert.TypeDescriptor)>: base -> result(org.springframework.core.convert.support.NumberToNumberConverterFactory[]) }
InferredTransfer{ <org.springframework.core.convert.support.StreamConverter: java.lang.Object convertFromStream(java.util.stream.Stream,org.springframework.core.convert.TypeDescriptor,org.springframework.core.convert.TypeDescriptor)>: 2 -> result(org.springframework.core.convert.support.CharacterToNumberFactory[]) }
InferredTransfer{ <org.springframework.core.convert.support.StreamConverter: java.lang.Object convertFromStream(java.util.stream.Stream,org.springframework.core.convert.TypeDescriptor,org.springframework.core.convert.TypeDescriptor)>: 1 -> result(org.springframework.core.convert.support.ZonedDateTimeToCalendarConverter[]) }
InferredTransfer{ <org.springframework.core.convert.support.ArrayToObjectConverter: java.lang.Object convert(java.lang.Object,org.springframework.core.convert.TypeDescriptor,org.springframework.core.convert.TypeDescriptor)>: base -> result(java.nio.HeapByteBuffer) }
InferredTransfer{ <org.springframework.core.convert.support.ObjectToArrayConverter: java.lang.Object convert(java.lang.Object,org.springframework.core.convert.TypeDescriptor,org.springframework.core.convert.TypeDescriptor)>: 2 -> result(java.math.BigDecimal[]) }
InferredTransfer{ <org.springframework.core.convert.support.StreamConverter: java.lang.Object convertFromStream(java.util.stream.Stream,org.springframework.core.convert.TypeDescriptor,org.springframework.core.convert.TypeDescriptor)>: 1 -> result(org.springframework.core.convert.support.CharacterToNumberFactory[]) }
InferredTransfer{ <org.springframework.core.convert.support.GenericConversionService: java.lang.Object convert(java.lang.Object,org.springframework.core.convert.TypeDescriptor,org.springframework.core.convert.TypeDescriptor)>: 0 -> result(java.util.List[]) }
InferredTransfer{ <org.springframework.core.convert.support.StreamConverter: java.lang.Object convertFromStream(java.util.stream.Stream,org.springframework.core.convert.TypeDescriptor,org.springframework.core.convert.TypeDescriptor)>: base -> result(org.springframework.core.convert.support.ZonedDateTimeToCalendarConverter[]) }
InferredTransfer{ <org.springframework.core.convert.support.ObjectToArrayConverter: java.lang.Object convert(java.lang.Object,org.springframework.core.convert.TypeDescriptor,org.springframework.core.convert.TypeDescriptor)>: 0 -> result(java.math.BigDecimal[]) }
InferredTransfer{ <org.springframework.core.convert.support.StreamConverter: java.lang.Object convertFromStream(java.util.stream.Stream,org.springframework.core.convert.TypeDescriptor,org.springframework.core.convert.TypeDescriptor)>: base -> result(org.springframework.core.convert.support.CharacterToNumberFactory[]) }
InferredTransfer{ <org.springframework.core.env.AbstractPropertyResolver: java.lang.Object convertValueIfNecessary(java.lang.Object,java.lang.Class)>: 0 -> base(org.springframework.core.env.PropertySourcesPropertyResolver) }
InferredTransfer{ <org.springframework.core.convert.support.ObjectToArrayConverter: java.lang.Object convert(java.lang.Object,org.springframework.core.convert.TypeDescriptor,org.springframework.core.convert.TypeDescriptor)>: base -> result(java.math.BigDecimal[]) }
InferredTransfer{ <org.springframework.web.util.UrlPathHelper: java.lang.String removeJsessionid(java.lang.String)>: 0 -> base(org.springframework.web.util.UrlPathHelper) }
InferredTransfer{ <org.springframework.core.convert.support.PropertiesToStringConverter: java.lang.Object convert(java.lang.Object)>: 0 -> result(java.lang.String) }
InferredTransfer{ <org.springframework.core.convert.support.ByteBufferConverter: java.lang.Object convert(java.lang.Object,org.springframework.core.convert.TypeDescriptor,org.springframework.core.convert.TypeDescriptor)>: 2 -> result(org.springframework.core.convert.support.StringToTimeZoneConverter[]) }
InferredTransfer{ <org.springframework.core.convert.support.CollectionToObjectConverter: java.lang.Object convert(java.lang.Object,org.springframework.core.convert.TypeDescriptor,org.springframework.core.convert.TypeDescriptor)>: 2 -> result(java.util.Optional) }
InferredTransfer{ <org.springframework.core.convert.support.StringToArrayConverter: java.lang.Object convert(java.lang.Object,org.springframework.core.convert.TypeDescriptor,org.springframework.core.convert.TypeDescriptor)>: 2 -> result(java.util.SortedMap[]) }
InferredTransfer{ <org.springframework.core.convert.support.PropertiesToStringConverter: java.lang.Object convert(java.lang.Object)>: base -> result(java.lang.String) }
InferredTransfer{ <org.springframework.core.convert.support.ByteBufferConverter: java.lang.Object convert(java.lang.Object,org.springframework.core.convert.TypeDescriptor,org.springframework.core.convert.TypeDescriptor)>: 1 -> result(org.springframework.core.convert.support.StringToTimeZoneConverter[]) }
InferredTransfer{ <org.springframework.core.convert.support.MapToMapConverter: java.lang.Object convertKey(java.lang.Object,org.springframework.core.convert.TypeDescriptor,org.springframework.core.convert.TypeDescriptor)>: 2 -> result(java.util.UUID[]) }
InferredTransfer{ <org.springframework.core.convert.support.ByteBufferConverter: java.lang.Object convert(java.lang.Object,org.springframework.core.convert.TypeDescriptor,org.springframework.core.convert.TypeDescriptor)>: 0 -> result(org.springframework.core.convert.support.StringToTimeZoneConverter[]) }
InferredTransfer{ <org.springframework.core.convert.support.CollectionToObjectConverter: java.lang.Object convert(java.lang.Object,org.springframework.core.convert.TypeDescriptor,org.springframework.core.convert.TypeDescriptor)>: 0 -> result(java.util.Optional) }
InferredTransfer{ <org.springframework.core.convert.support.StringToArrayConverter: java.lang.Object convert(java.lang.Object,org.springframework.core.convert.TypeDescriptor,org.springframework.core.convert.TypeDescriptor)>: 0 -> result(java.util.SortedMap[]) }
InferredTransfer{ <org.springframework.core.convert.TypeDescriptor: org.springframework.core.convert.TypeDescriptor narrow(java.lang.Object,org.springframework.core.convert.TypeDescriptor)>: 1 -> base(org.springframework.core.convert.TypeDescriptor) }
InferredTransfer{ <org.springframework.core.convert.support.MapToMapConverter: java.lang.Object convertKey(java.lang.Object,org.springframework.core.convert.TypeDescriptor,org.springframework.core.convert.TypeDescriptor)>: 1 -> result(java.util.UUID[]) }
InferredTransfer{ <org.springframework.core.convert.support.CollectionToObjectConverter: java.lang.Object convert(java.lang.Object,org.springframework.core.convert.TypeDescriptor,org.springframework.core.convert.TypeDescriptor)>: base -> result(java.util.Optional) }
InferredTransfer{ <org.springframework.core.convert.support.ByteBufferConverter: java.lang.Object convert(java.lang.Object,org.springframework.core.convert.TypeDescriptor,org.springframework.core.convert.TypeDescriptor)>: base -> result(org.springframework.core.convert.support.StringToTimeZoneConverter[]) }
InferredTransfer{ <org.springframework.core.convert.support.ArrayToObjectConverter: java.lang.Object convert(java.lang.Object,org.springframework.core.convert.TypeDescriptor,org.springframework.core.convert.TypeDescriptor)>: 2 -> result(java.lang.Long) }
InferredTransfer{ <org.springframework.core.convert.support.StringToArrayConverter: java.lang.Object convert(java.lang.Object,org.springframework.core.convert.TypeDescriptor,org.springframework.core.convert.TypeDescriptor)>: base -> result(java.util.SortedMap[]) }
InferredTransfer{ <org.springframework.core.convert.support.CollectionToArrayConverter: java.lang.Object convert(java.lang.Object,org.springframework.core.convert.TypeDescriptor,org.springframework.core.convert.TypeDescriptor)>: 0 -> result(java.util.EnumMap[]) }
InferredTransfer{ <org.springframework.core.convert.TypeDescriptor: org.springframework.core.convert.TypeDescriptor narrow(java.lang.Object,org.springframework.core.convert.TypeDescriptor)>: 0 -> base(org.springframework.core.convert.TypeDescriptor) }
InferredTransfer{ <org.springframework.core.convert.support.ArrayToArrayConverter: java.lang.Object convert(java.lang.Object,org.springframework.core.convert.TypeDescriptor,org.springframework.core.convert.TypeDescriptor)>: 0 -> result(java.util.EnumMap[]) }
InferredTransfer{ <org.springframework.core.convert.support.MapToMapConverter: java.lang.Object convertKey(java.lang.Object,org.springframework.core.convert.TypeDescriptor,org.springframework.core.convert.TypeDescriptor)>: base -> result(java.util.UUID[]) }
InferredTransfer{ <org.springframework.core.convert.support.StringToArrayConverter: java.lang.Object convert(java.lang.Object,org.springframework.core.convert.TypeDescriptor,org.springframework.core.convert.TypeDescriptor)>: 0 -> result(java.util.EnumSet[]) }
InferredTransfer{ <org.springframework.core.convert.support.ArrayToObjectConverter: java.lang.Object convert(java.lang.Object,org.springframework.core.convert.TypeDescriptor,org.springframework.core.convert.TypeDescriptor)>: 0 -> result(java.lang.Long) }
InferredTransfer{ <org.springframework.core.convert.support.MapToMapConverter: java.lang.Object convertKey(java.lang.Object,org.springframework.core.convert.TypeDescriptor,org.springframework.core.convert.TypeDescriptor)>: 2 -> result(java.lang.String) }
InferredTransfer{ <org.springframework.core.convert.support.CollectionToArrayConverter: java.lang.Object convert(java.lang.Object,org.springframework.core.convert.TypeDescriptor,org.springframework.core.convert.TypeDescriptor)>: 0 -> result(java.lang.Boolean[]) }
InferredTransfer{ <org.springframework.core.convert.support.ArrayToObjectConverter: java.lang.Object convert(java.lang.Object,org.springframework.core.convert.TypeDescriptor,org.springframework.core.convert.TypeDescriptor)>: base -> result(java.lang.Long) }
InferredTransfer{ <org.springframework.core.convert.support.ArrayToArrayConverter: java.lang.Object convert(java.lang.Object,org.springframework.core.convert.TypeDescriptor,org.springframework.core.convert.TypeDescriptor)>: 0 -> result(java.lang.Boolean[]) }
InferredTransfer{ <org.springframework.core.convert.support.ConversionUtils: java.lang.Object invokeConverter(org.springframework.core.convert.converter.GenericConverter,java.lang.Object,org.springframework.core.convert.TypeDescriptor,org.springframework.core.convert.TypeDescriptor)>: 3 -> result(java.util.Locale) }
InferredTransfer{ <org.springframework.core.convert.support.MapToMapConverter: java.lang.Object convertKey(java.lang.Object,org.springframework.core.convert.TypeDescriptor,org.springframework.core.convert.TypeDescriptor)>: 1 -> result(java.lang.String) }
InferredTransfer{ <org.springframework.core.convert.support.ConversionUtils: java.lang.Object invokeConverter(org.springframework.core.convert.converter.GenericConverter,java.lang.Object,org.springframework.core.convert.TypeDescriptor,org.springframework.core.convert.TypeDescriptor)>: 2 -> result(java.util.Locale) }
InferredTransfer{ <org.springframework.core.convert.support.ConversionUtils: java.lang.Object invokeConverter(org.springframework.core.convert.converter.GenericConverter,java.lang.Object,org.springframework.core.convert.TypeDescriptor,org.springframework.core.convert.TypeDescriptor)>: 1 -> result(java.util.Locale) }
InferredTransfer{ <org.springframework.core.convert.support.ByteBufferConverter: java.lang.Object convert(java.lang.Object,org.springframework.core.convert.TypeDescriptor,org.springframework.core.convert.TypeDescriptor)>: 2 -> result(sun.security.jca.ServiceId[]) }
InferredTransfer{ <org.springframework.core.convert.support.ArrayToObjectConverter: java.lang.Object convert(java.lang.Object,org.springframework.core.convert.TypeDescriptor,org.springframework.core.convert.TypeDescriptor)>: 2 -> result(java.util.UUID[]) }
InferredTransfer{ <org.springframework.core.convert.support.MapToMapConverter: java.lang.Object convertKey(java.lang.Object,org.springframework.core.convert.TypeDescriptor,org.springframework.core.convert.TypeDescriptor)>: base -> result(java.lang.String) }
InferredTransfer{ <org.springframework.core.convert.support.ObjectToArrayConverter: java.lang.Object convert(java.lang.Object,org.springframework.core.convert.TypeDescriptor,org.springframework.core.convert.TypeDescriptor)>: 2 -> result(org.springframework.core.convert.support.StringToUUIDConverter[]) }
InferredTransfer{ <org.springframework.core.convert.support.MapToMapConverter: java.lang.Object convertKey(java.lang.Object,org.springframework.core.convert.TypeDescriptor,org.springframework.core.convert.TypeDescriptor)>: 2 -> result(org.springframework.core.convert.support.ZonedDateTimeToCalendarConverter[]) }
InferredTransfer{ <org.springframework.core.convert.support.ArrayToObjectConverter: java.lang.Object convert(java.lang.Object,org.springframework.core.convert.TypeDescriptor,org.springframework.core.convert.TypeDescriptor)>: 1 -> result(java.util.UUID[]) }
InferredTransfer{ <org.springframework.web.util.UrlPathHelper: java.lang.String getRemainingPath(java.lang.String,java.lang.String,boolean)>: 1 -> base(org.springframework.web.util.UrlPathHelper) }
InferredTransfer{ <org.springframework.core.convert.support.ByteBufferConverter: java.lang.Object convert(java.lang.Object,org.springframework.core.convert.TypeDescriptor,org.springframework.core.convert.TypeDescriptor)>: 1 -> result(sun.security.jca.ServiceId[]) }
InferredTransfer{ <org.springframework.core.convert.support.ConversionUtils: java.lang.Object invokeConverter(org.springframework.core.convert.converter.GenericConverter,java.lang.Object,org.springframework.core.convert.TypeDescriptor,org.springframework.core.convert.TypeDescriptor)>: 0 -> result(java.util.Locale) }
InferredTransfer{ <org.springframework.core.convert.support.MapToMapConverter: java.lang.Object convertKey(java.lang.Object,org.springframework.core.convert.TypeDescriptor,org.springframework.core.convert.TypeDescriptor)>: 2 -> result(org.springframework.core.convert.support.CharacterToNumberFactory[]) }
InferredTransfer{ <org.springframework.core.convert.support.ObjectToArrayConverter: java.lang.Object convert(java.lang.Object,org.springframework.core.convert.TypeDescriptor,org.springframework.core.convert.TypeDescriptor)>: 1 -> result(org.springframework.core.convert.support.StringToUUIDConverter[]) }
InferredTransfer{ <org.springframework.core.convert.support.ObjectToArrayConverter: java.lang.Object convert(java.lang.Object,org.springframework.core.convert.TypeDescriptor,org.springframework.core.convert.TypeDescriptor)>: 0 -> result(byte[][]) }
InferredTransfer{ <org.springframework.core.SerializableTypeWrapper: java.lang.reflect.Type unwrap(java.lang.reflect.Type)>: 0 -> result(java.lang.Class) }
InferredTransfer{ <org.springframework.web.util.UrlPathHelper: java.lang.String getRemainingPath(java.lang.String,java.lang.String,boolean)>: 0 -> base(org.springframework.web.util.UrlPathHelper) }
InferredTransfer{ <org.springframework.core.convert.support.ZonedDateTimeToCalendarConverter: java.util.Calendar convert(java.time.ZonedDateTime)>: base -> result(java.util.GregorianCalendar) }
InferredTransfer{ <org.springframework.core.convert.support.ByteBufferConverter: java.lang.Object convert(java.lang.Object,org.springframework.core.convert.TypeDescriptor,org.springframework.core.convert.TypeDescriptor)>: 0 -> result(sun.security.jca.ServiceId[]) }
InferredTransfer{ <org.springframework.core.convert.support.MapToMapConverter: java.lang.Object convertKey(java.lang.Object,org.springframework.core.convert.TypeDescriptor,org.springframework.core.convert.TypeDescriptor)>: 1 -> result(org.springframework.core.convert.support.CharacterToNumberFactory[]) }
InferredTransfer{ <org.springframework.core.convert.support.ObjectToArrayConverter: java.lang.Object convert(java.lang.Object,org.springframework.core.convert.TypeDescriptor,org.springframework.core.convert.TypeDescriptor)>: 0 -> result(org.springframework.core.convert.support.StringToUUIDConverter[]) }
InferredTransfer{ <org.springframework.core.convert.support.MapToMapConverter: java.lang.Object convertKey(java.lang.Object,org.springframework.core.convert.TypeDescriptor,org.springframework.core.convert.TypeDescriptor)>: 1 -> result(org.springframework.core.convert.support.ZonedDateTimeToCalendarConverter[]) }
InferredTransfer{ <org.springframework.core.convert.support.ArrayToObjectConverter: java.lang.Object convert(java.lang.Object,org.springframework.core.convert.TypeDescriptor,org.springframework.core.convert.TypeDescriptor)>: base -> result(java.util.UUID[]) }
InferredTransfer{ <org.springframework.core.convert.support.ByteBufferConverter: java.lang.Object convert(java.lang.Object,org.springframework.core.convert.TypeDescriptor,org.springframework.core.convert.TypeDescriptor)>: base -> result(sun.security.jca.ServiceId[]) }
InferredTransfer{ <org.springframework.core.convert.support.ArrayToObjectConverter: java.lang.Object convert(java.lang.Object,org.springframework.core.convert.TypeDescriptor,org.springframework.core.convert.TypeDescriptor)>: 0 -> result(java.util.UUID[]) }
InferredTransfer{ <org.springframework.core.convert.support.ObjectToArrayConverter: java.lang.Object convert(java.lang.Object,org.springframework.core.convert.TypeDescriptor,org.springframework.core.convert.TypeDescriptor)>: base -> result(org.springframework.core.convert.support.StringToUUIDConverter[]) }
InferredTransfer{ <org.springframework.core.convert.support.MapToMapConverter: java.lang.Object convertKey(java.lang.Object,org.springframework.core.convert.TypeDescriptor,org.springframework.core.convert.TypeDescriptor)>: base -> result(org.springframework.core.convert.support.ZonedDateTimeToCalendarConverter[]) }
InferredTransfer{ <org.springframework.core.convert.support.ArrayToObjectConverter: java.lang.Object convert(java.lang.Object,org.springframework.core.convert.TypeDescriptor,org.springframework.core.convert.TypeDescriptor)>: 2 -> result(java.lang.String) }
InferredTransfer{ <org.springframework.core.convert.support.MapToMapConverter: java.lang.Object convertKey(java.lang.Object,org.springframework.core.convert.TypeDescriptor,org.springframework.core.convert.TypeDescriptor)>: base -> result(org.springframework.core.convert.support.CharacterToNumberFactory[]) }
InferredTransfer{ <org.springframework.core.convert.support.ArrayToObjectConverter: java.lang.Object convert(java.lang.Object,org.springframework.core.convert.TypeDescriptor,org.springframework.core.convert.TypeDescriptor)>: 1 -> result(java.lang.String) }
InferredTransfer{ <org.springframework.core.convert.support.StringToUUIDConverter: java.lang.Object convert(java.lang.Object)>: 0 -> result(java.util.UUID) }
InferredTransfer{ <org.springframework.core.convert.support.GenericConversionService: org.springframework.core.convert.converter.GenericConverter getConverter(org.springframework.core.convert.TypeDescriptor,org.springframework.core.convert.TypeDescriptor)>: 1 -> base(org.springframework.core.convert.support.DefaultConversionService) }
InferredTransfer{ <org.springframework.core.convert.support.StreamConverter: java.lang.Object convertToStream(java.lang.Object,org.springframework.core.convert.TypeDescriptor,org.springframework.core.convert.TypeDescriptor)>: 2 -> result(java.util.stream.ReferencePipeline$Head) }
InferredTransfer{ <org.springframework.core.convert.support.GenericConversionService: org.springframework.core.convert.converter.GenericConverter getConverter(org.springframework.core.convert.TypeDescriptor,org.springframework.core.convert.TypeDescriptor)>: 0 -> base(org.springframework.core.convert.support.DefaultConversionService) }
InferredTransfer{ <org.springframework.core.convert.support.StringToUUIDConverter: java.lang.Object convert(java.lang.Object)>: base -> result(java.util.UUID) }
InferredTransfer{ <org.springframework.core.convert.support.ArrayToObjectConverter: java.lang.Object convert(java.lang.Object,org.springframework.core.convert.TypeDescriptor,org.springframework.core.convert.TypeDescriptor)>: 0 -> result(java.lang.String) }
InferredTransfer{ <org.springframework.core.convert.support.CollectionToArrayConverter: java.lang.Object convert(java.lang.Object,org.springframework.core.convert.TypeDescriptor,org.springframework.core.convert.TypeDescriptor)>: 0 -> result(java.lang.Character[]) }
InferredTransfer{ <org.springframework.core.convert.support.ObjectToArrayConverter: java.lang.Object convert(java.lang.Object,org.springframework.core.convert.TypeDescriptor,org.springframework.core.convert.TypeDescriptor)>: 2 -> result(org.springframework.core.convert.support.NumberToNumberConverterFactory[]) }
InferredTransfer{ <org.springframework.core.convert.support.ArrayToObjectConverter: java.lang.Object convert(java.lang.Object,org.springframework.core.convert.TypeDescriptor,org.springframework.core.convert.TypeDescriptor)>: base -> result(java.lang.String) }
InferredTransfer{ <org.springframework.core.convert.support.ArrayToArrayConverter: java.lang.Object convert(java.lang.Object,org.springframework.core.convert.TypeDescriptor,org.springframework.core.convert.TypeDescriptor)>: 0 -> result(java.lang.Character[]) }
InferredTransfer{ <org.springframework.core.convert.support.StreamConverter: java.lang.Object convertToStream(java.lang.Object,org.springframework.core.convert.TypeDescriptor,org.springframework.core.convert.TypeDescriptor)>: 2 -> base(org.springframework.core.convert.support.StreamConverter) }
InferredTransfer{ <java.util.Optional: java.util.Optional of(java.lang.Object)>: 0 -> result(java.util.Optional) }
InferredTransfer{ <org.springframework.core.convert.support.StreamConverter: java.lang.Object convertToStream(java.lang.Object,org.springframework.core.convert.TypeDescriptor,org.springframework.core.convert.TypeDescriptor)>: 1 -> result(java.util.stream.ReferencePipeline$Head) }
InferredTransfer{ <org.springframework.core.convert.support.ByteBufferConverter: java.lang.Object convert(java.lang.Object,org.springframework.core.convert.TypeDescriptor,org.springframework.core.convert.TypeDescriptor)>: 0 -> result(java.nio.ByteBuffer[]) }
InferredTransfer{ <org.springframework.core.convert.support.StreamConverter: java.lang.Object convert(java.lang.Object,org.springframework.core.convert.TypeDescriptor,org.springframework.core.convert.TypeDescriptor)>: 2 -> result(org.springframework.core.convert.support.StringToCurrencyConverter[]) }
InferredTransfer{ <org.springframework.core.convert.support.StreamConverter: java.lang.Object convertToStream(java.lang.Object,org.springframework.core.convert.TypeDescriptor,org.springframework.core.convert.TypeDescriptor)>: 0 -> result(java.util.stream.ReferencePipeline$Head) }
InferredTransfer{ <org.springframework.core.convert.support.ObjectToArrayConverter: java.lang.Object convert(java.lang.Object,org.springframework.core.convert.TypeDescriptor,org.springframework.core.convert.TypeDescriptor)>: 1 -> result(org.springframework.core.convert.support.NumberToNumberConverterFactory[]) }
InferredTransfer{ <org.springframework.core.convert.support.StreamConverter: java.lang.Object convertToStream(java.lang.Object,org.springframework.core.convert.TypeDescriptor,org.springframework.core.convert.TypeDescriptor)>: 1 -> base(org.springframework.core.convert.support.StreamConverter) }
InferredTransfer{ <org.springframework.core.convert.support.MapToMapConverter: java.lang.Object convertValue(java.lang.Object,org.springframework.core.convert.TypeDescriptor,org.springframework.core.convert.TypeDescriptor)>: 2 -> result(sun.util.calendar.ZoneInfo) }
InferredTransfer{ <org.springframework.core.convert.support.ByteBufferConverter: java.lang.Object convert(java.lang.Object,org.springframework.core.convert.TypeDescriptor,org.springframework.core.convert.TypeDescriptor)>: base -> result(java.nio.ByteBuffer[]) }
InferredTransfer{ <org.springframework.core.convert.support.StreamConverter: java.lang.Object convert(java.lang.Object,org.springframework.core.convert.TypeDescriptor,org.springframework.core.convert.TypeDescriptor)>: 1 -> result(org.springframework.core.convert.support.StringToCurrencyConverter[]) }
InferredTransfer{ <org.springframework.core.convert.support.StreamConverter: java.lang.Object convertToStream(java.lang.Object,org.springframework.core.convert.TypeDescriptor,org.springframework.core.convert.TypeDescriptor)>: base -> result(java.util.stream.ReferencePipeline$Head) }
InferredTransfer{ <org.springframework.core.convert.support.ObjectToArrayConverter: java.lang.Object convert(java.lang.Object,org.springframework.core.convert.TypeDescriptor,org.springframework.core.convert.TypeDescriptor)>: 0 -> result(org.springframework.core.convert.support.NumberToNumberConverterFactory[]) }
InferredTransfer{ <org.springframework.core.convert.support.StreamConverter: java.lang.Object convertToStream(java.lang.Object,org.springframework.core.convert.TypeDescriptor,org.springframework.core.convert.TypeDescriptor)>: 0 -> base(org.springframework.core.convert.support.StreamConverter) }
InferredTransfer{ <org.springframework.core.convert.support.MapToMapConverter: java.lang.Object convertValue(java.lang.Object,org.springframework.core.convert.TypeDescriptor,org.springframework.core.convert.TypeDescriptor)>: 1 -> result(sun.util.calendar.ZoneInfo) }
InferredTransfer{ <org.springframework.core.convert.support.StreamConverter: java.lang.Object convert(java.lang.Object,org.springframework.core.convert.TypeDescriptor,org.springframework.core.convert.TypeDescriptor)>: 0 -> result(org.springframework.core.convert.support.StringToCurrencyConverter[]) }
InferredTransfer{ <org.springframework.core.convert.support.ObjectToArrayConverter: java.lang.Object convert(java.lang.Object,org.springframework.core.convert.TypeDescriptor,org.springframework.core.convert.TypeDescriptor)>: base -> result(org.springframework.core.convert.support.NumberToNumberConverterFactory[]) }
InferredTransfer{ <org.springframework.core.convert.support.ByteBufferConverter: java.lang.Object convertFromByteBuffer(java.nio.ByteBuffer,org.springframework.core.convert.TypeDescriptor)>: base -> result(org.springframework.core.convert.support.EnumToIntegerConverter[]) }
InferredTransfer{ <org.springframework.core.convert.support.ByteBufferConverter: java.lang.Object convert(java.lang.Object,org.springframework.core.convert.TypeDescriptor,org.springframework.core.convert.TypeDescriptor)>: 0 -> result(java.lang.Double[]) }
InferredTransfer{ <org.springframework.core.convert.support.StreamConverter: java.lang.Object convert(java.lang.Object,org.springframework.core.convert.TypeDescriptor,org.springframework.core.convert.TypeDescriptor)>: base -> result(org.springframework.core.convert.support.StringToCurrencyConverter[]) }
InferredTransfer{ <org.springframework.core.convert.support.CollectionToObjectConverter: java.lang.Object convert(java.lang.Object,org.springframework.core.convert.TypeDescriptor,org.springframework.core.convert.TypeDescriptor)>: 2 -> result(org.springframework.core.convert.support.ZonedDateTimeToCalendarConverter[]) }
InferredTransfer{ <org.springframework.core.convert.support.MapToMapConverter: java.lang.Object convertValue(java.lang.Object,org.springframework.core.convert.TypeDescriptor,org.springframework.core.convert.TypeDescriptor)>: base -> result(sun.util.calendar.ZoneInfo) }
InferredTransfer{ <org.springframework.core.convert.support.CollectionToObjectConverter: java.lang.Object convert(java.lang.Object,org.springframework.core.convert.TypeDescriptor,org.springframework.core.convert.TypeDescriptor)>: 2 -> result(org.springframework.core.convert.support.CharacterToNumberFactory[]) }
InferredTransfer{ <org.springframework.core.convert.support.CollectionToObjectConverter: java.lang.Object convert(java.lang.Object,org.springframework.core.convert.TypeDescriptor,org.springframework.core.convert.TypeDescriptor)>: 1 -> result(org.springframework.core.convert.support.ZonedDateTimeToCalendarConverter[]) }
InferredTransfer{ <org.springframework.core.convert.support.StreamConverter: java.lang.Object convertFromStream(java.util.stream.Stream,org.springframework.core.convert.TypeDescriptor,org.springframework.core.convert.TypeDescriptor)>: 2 -> result(java.math.BigDecimal) }
InferredTransfer{ <org.springframework.core.convert.support.CollectionToObjectConverter: java.lang.Object convert(java.lang.Object,org.springframework.core.convert.TypeDescriptor,org.springframework.core.convert.TypeDescriptor)>: 1 -> result(org.springframework.core.convert.support.CharacterToNumberFactory[]) }
InferredTransfer{ <org.springframework.core.convert.support.CollectionToObjectConverter: java.lang.Object convert(java.lang.Object,org.springframework.core.convert.TypeDescriptor,org.springframework.core.convert.TypeDescriptor)>: 0 -> result(org.springframework.core.convert.support.ZonedDateTimeToCalendarConverter[]) }
InferredTransfer{ <org.springframework.core.convert.support.CollectionToObjectConverter: java.lang.Object convert(java.lang.Object,org.springframework.core.convert.TypeDescriptor,org.springframework.core.convert.TypeDescriptor)>: 0 -> result(org.springframework.core.convert.support.CharacterToNumberFactory[]) }
InferredTransfer{ <org.springframework.core.convert.support.CollectionToObjectConverter: java.lang.Object convert(java.lang.Object,org.springframework.core.convert.TypeDescriptor,org.springframework.core.convert.TypeDescriptor)>: base -> result(org.springframework.core.convert.support.ZonedDateTimeToCalendarConverter[]) }
InferredTransfer{ <org.springframework.core.convert.support.ByteBufferConverter: java.lang.Object convert(java.lang.Object,org.springframework.core.convert.TypeDescriptor,org.springframework.core.convert.TypeDescriptor)>: 0 -> result(float[][]) }
InferredTransfer{ <org.springframework.core.convert.support.FallbackObjectToStringConverter: java.lang.Object convert(java.lang.Object,org.springframework.core.convert.TypeDescriptor,org.springframework.core.convert.TypeDescriptor)>: 2 -> base(org.springframework.core.convert.support.FallbackObjectToStringConverter) }
InferredTransfer{ <org.springframework.core.convert.support.CollectionToObjectConverter: java.lang.Object convert(java.lang.Object,org.springframework.core.convert.TypeDescriptor,org.springframework.core.convert.TypeDescriptor)>: base -> result(org.springframework.core.convert.support.CharacterToNumberFactory[]) }
InferredTransfer{ <org.springframework.core.convert.support.FallbackObjectToStringConverter: java.lang.Object convert(java.lang.Object,org.springframework.core.convert.TypeDescriptor,org.springframework.core.convert.TypeDescriptor)>: 1 -> base(org.springframework.core.convert.support.FallbackObjectToStringConverter) }
InferredTransfer{ <org.springframework.core.convert.support.ByteBufferConverter: java.lang.Object convert(java.lang.Object,org.springframework.core.convert.TypeDescriptor,org.springframework.core.convert.TypeDescriptor)>: 0 -> result(sun.misc.Unsafe[]) }
InferredTransfer{ <org.springframework.core.convert.support.FallbackObjectToStringConverter: java.lang.Object convert(java.lang.Object,org.springframework.core.convert.TypeDescriptor,org.springframework.core.convert.TypeDescriptor)>: 0 -> base(org.springframework.core.convert.support.FallbackObjectToStringConverter) }
InferredTransfer{ <org.springframework.core.convert.support.StringToArrayConverter: java.lang.Object convert(java.lang.Object,org.springframework.core.convert.TypeDescriptor,org.springframework.core.convert.TypeDescriptor)>: 2 -> result(org.springframework.core.convert.support.ZoneIdToTimeZoneConverter[]) }
InferredTransfer{ <org.springframework.core.convert.support.ArrayToObjectConverter: java.lang.Object convert(java.lang.Object,org.springframework.core.convert.TypeDescriptor,org.springframework.core.convert.TypeDescriptor)>: 2 -> result(java.util.GregorianCalendar) }
InferredTransfer{ <org.springframework.core.convert.support.ObjectToStringConverter: java.lang.Object convert(java.lang.Object)>: 0 -> base(org.springframework.core.convert.support.ObjectToStringConverter) }
InferredTransfer{ <org.springframework.core.convert.support.ArrayToObjectConverter: java.lang.Object convert(java.lang.Object,org.springframework.core.convert.TypeDescriptor,org.springframework.core.convert.TypeDescriptor)>: 1 -> result(java.util.GregorianCalendar) }
InferredTransfer{ <org.springframework.core.convert.support.StringToArrayConverter: java.lang.Object convert(java.lang.Object,org.springframework.core.convert.TypeDescriptor,org.springframework.core.convert.TypeDescriptor)>: 1 -> result(org.springframework.core.convert.support.ZoneIdToTimeZoneConverter[]) }
InferredTransfer{ <org.springframework.core.convert.support.StreamConverter: java.lang.Object convert(java.lang.Object,org.springframework.core.convert.TypeDescriptor,org.springframework.core.convert.TypeDescriptor)>: 0 -> result(java.util.Collection[]) }
InferredTransfer{ <org.springframework.core.convert.support.ObjectToArrayConverter: java.lang.Object convert(java.lang.Object,org.springframework.core.convert.TypeDescriptor,org.springframework.core.convert.TypeDescriptor)>: 0 -> result(java.nio.charset.Charset[]) }
InferredTransfer{ <org.springframework.core.convert.support.StringToArrayConverter: java.lang.Object convert(java.lang.Object,org.springframework.core.convert.TypeDescriptor,org.springframework.core.convert.TypeDescriptor)>: 0 -> result(org.springframework.core.convert.support.ZoneIdToTimeZoneConverter[]) }
InferredTransfer{ <org.springframework.core.convert.support.GenericConversionService: java.lang.Object convert(java.lang.Object,org.springframework.core.convert.TypeDescriptor,org.springframework.core.convert.TypeDescriptor)>: 2 -> result(java.util.LinkedHashSet[]) }
InferredTransfer{ <org.springframework.core.convert.support.ArrayToObjectConverter: java.lang.Object convert(java.lang.Object,org.springframework.core.convert.TypeDescriptor,org.springframework.core.convert.TypeDescriptor)>: 0 -> result(java.util.GregorianCalendar) }
InferredTransfer{ <org.springframework.core.convert.support.ConversionUtils: java.lang.Object invokeConverter(org.springframework.core.convert.converter.GenericConverter,java.lang.Object,org.springframework.core.convert.TypeDescriptor,org.springframework.core.convert.TypeDescriptor)>: 3 -> result(java.util.HashSet[]) }
InferredTransfer{ <org.springframework.core.convert.support.StringToArrayConverter: java.lang.Object convert(java.lang.Object,org.springframework.core.convert.TypeDescriptor,org.springframework.core.convert.TypeDescriptor)>: base -> result(org.springframework.core.convert.support.ZoneIdToTimeZoneConverter[]) }
InferredTransfer{ <org.springframework.core.convert.support.ArrayToObjectConverter: java.lang.Object convert(java.lang.Object,org.springframework.core.convert.TypeDescriptor,org.springframework.core.convert.TypeDescriptor)>: base -> result(java.util.GregorianCalendar) }
InferredTransfer{ <org.springframework.core.convert.support.GenericConversionService: java.lang.Object convert(java.lang.Object,org.springframework.core.convert.TypeDescriptor,org.springframework.core.convert.TypeDescriptor)>: 1 -> result(java.util.LinkedHashSet[]) }
InferredTransfer{ <org.springframework.core.convert.support.IdToEntityConverter: java.lang.String getEntityName(java.lang.Class)>: 0 -> result(java.lang.String) }
InferredTransfer{ <org.springframework.core.convert.support.ConversionUtils: java.lang.Object invokeConverter(org.springframework.core.convert.converter.GenericConverter,java.lang.Object,org.springframework.core.convert.TypeDescriptor,org.springframework.core.convert.TypeDescriptor)>: 2 -> result(java.util.HashSet[]) }
InferredTransfer{ <java.lang.StringBuilder: void <init>(java.lang.String)>: 0 -> base(java.lang.StringBuilder) }
InferredTransfer{ <org.springframework.core.convert.support.GenericConversionService: java.lang.Object convert(java.lang.Object,org.springframework.core.convert.TypeDescriptor,org.springframework.core.convert.TypeDescriptor)>: 0 -> result(java.util.LinkedHashSet[]) }
InferredTransfer{ <org.springframework.core.convert.support.ObjectToOptionalConverter: java.lang.Object convert(java.lang.Object,org.springframework.core.convert.TypeDescriptor,org.springframework.core.convert.TypeDescriptor)>: 2 -> result(java.lang.Class) }
InferredTransfer{ <org.springframework.core.convert.support.IdToEntityConverter: java.lang.String getEntityName(java.lang.Class)>: base -> result(java.lang.String) }
InferredTransfer{ <org.springframework.core.convert.support.ConversionUtils: java.lang.Object invokeConverter(org.springframework.core.convert.converter.GenericConverter,java.lang.Object,org.springframework.core.convert.TypeDescriptor,org.springframework.core.convert.TypeDescriptor)>: 1 -> result(java.util.HashSet[]) }
InferredTransfer{ <org.springframework.core.convert.support.StringToTimeZoneConverter: java.lang.Object convert(java.lang.Object)>: 0 -> base(org.springframework.core.convert.support.StringToTimeZoneConverter) }
InferredTransfer{ <org.springframework.core.convert.support.GenericConversionService: java.lang.Object convert(java.lang.Object,org.springframework.core.convert.TypeDescriptor,org.springframework.core.convert.TypeDescriptor)>: base -> result(java.util.LinkedHashSet[]) }
InferredTransfer{ <org.springframework.core.convert.support.ObjectToOptionalConverter: java.lang.Object convert(java.lang.Object,org.springframework.core.convert.TypeDescriptor,org.springframework.core.convert.TypeDescriptor)>: 1 -> result(java.lang.Class) }
InferredTransfer{ <org.springframework.core.convert.support.ConversionUtils: java.lang.Object invokeConverter(org.springframework.core.convert.converter.GenericConverter,java.lang.Object,org.springframework.core.convert.TypeDescriptor,org.springframework.core.convert.TypeDescriptor)>: 0 -> result(java.util.HashSet[]) }
InferredTransfer{ <org.springframework.core.convert.support.ObjectToOptionalConverter: java.lang.Object convert(java.lang.Object,org.springframework.core.convert.TypeDescriptor,org.springframework.core.convert.TypeDescriptor)>: 0 -> result(java.lang.Class) }
InferredTransfer{ <org.springframework.core.convert.support.StringToArrayConverter: java.lang.Object convert(java.lang.Object,org.springframework.core.convert.TypeDescriptor,org.springframework.core.convert.TypeDescriptor)>: 0 -> result(java.lang.RuntimeException[]) }
InferredTransfer{ <org.springframework.core.convert.support.ObjectToOptionalConverter: java.lang.Object convert(java.lang.Object,org.springframework.core.convert.TypeDescriptor,org.springframework.core.convert.TypeDescriptor)>: base -> result(java.lang.Class) }
InferredTransfer{ <org.springframework.core.convert.support.MapToMapConverter: java.lang.Object convertValue(java.lang.Object,org.springframework.core.convert.TypeDescriptor,org.springframework.core.convert.TypeDescriptor)>: 2 -> result(org.springframework.core.convert.support.StringToUUIDConverter[]) }
InferredTransfer{ <org.springframework.core.convert.support.MapToMapConverter: java.lang.Object convertValue(java.lang.Object,org.springframework.core.convert.TypeDescriptor,org.springframework.core.convert.TypeDescriptor)>: 1 -> result(org.springframework.core.convert.support.StringToUUIDConverter[]) }
InferredTransfer{ <org.springframework.core.convert.support.StreamConverter: java.lang.Object convert(java.lang.Object,org.springframework.core.convert.TypeDescriptor,org.springframework.core.convert.TypeDescriptor)>: 0 -> result(java.lang.Comparable[]) }
InferredTransfer{ <org.springframework.core.convert.support.ConversionUtils: java.lang.Object invokeConverter(org.springframework.core.convert.converter.GenericConverter,java.lang.Object,org.springframework.core.convert.TypeDescriptor,org.springframework.core.convert.TypeDescriptor)>: 3 -> result(java.util.NavigableSet[]) }
InferredTransfer{ <org.springframework.core.convert.support.MapToMapConverter: java.lang.Object convertValue(java.lang.Object,org.springframework.core.convert.TypeDescriptor,org.springframework.core.convert.TypeDescriptor)>: base -> result(org.springframework.core.convert.support.StringToUUIDConverter[]) }
InferredTransfer{ <org.springframework.core.convert.support.ConversionUtils: java.lang.Object invokeConverter(org.springframework.core.convert.converter.GenericConverter,java.lang.Object,org.springframework.core.convert.TypeDescriptor,org.springframework.core.convert.TypeDescriptor)>: 3 -> result(org.springframework.core.convert.support.IntegerToEnumConverterFactory[]) }
InferredTransfer{ <org.springframework.core.convert.support.ObjectToArrayConverter: java.lang.Object convert(java.lang.Object,org.springframework.core.convert.TypeDescriptor,org.springframework.core.convert.TypeDescriptor)>: 0 -> result(org.springframework.core.convert.support.EnumToIntegerConverter[]) }
InferredTransfer{ <java.lang.StringBuilder: java.lang.StringBuilder append(java.lang.CharSequence,int,int)>: 0 -> base(java.lang.StringBuilder) }
InferredTransfer{ <org.springframework.core.convert.support.ConversionUtils: java.lang.Object invokeConverter(org.springframework.core.convert.converter.GenericConverter,java.lang.Object,org.springframework.core.convert.TypeDescriptor,org.springframework.core.convert.TypeDescriptor)>: 3 -> result(java.util.stream.ReferencePipeline$Head) }
InferredTransfer{ <org.springframework.core.convert.support.ObjectToArrayConverter: java.lang.Object convert(java.lang.Object,org.springframework.core.convert.TypeDescriptor,org.springframework.core.convert.TypeDescriptor)>: base -> result(org.springframework.core.convert.support.EnumToIntegerConverter[]) }
InferredTransfer{ <org.springframework.core.convert.support.ConversionUtils: java.lang.Object invokeConverter(org.springframework.core.convert.converter.GenericConverter,java.lang.Object,org.springframework.core.convert.TypeDescriptor,org.springframework.core.convert.TypeDescriptor)>: 2 -> result(org.springframework.core.convert.support.IntegerToEnumConverterFactory[]) }
InferredTransfer{ <org.springframework.core.convert.support.StringToCurrencyConverter: java.lang.Object convert(java.lang.Object)>: 0 -> result(java.util.Currency) }
InferredTransfer{ <org.springframework.core.convert.support.ByteBufferConverter: java.lang.Object convertFromByteBuffer(java.nio.ByteBuffer,org.springframework.core.convert.TypeDescriptor)>: 1 -> result(java.util.Locale) }
InferredTransfer{ <org.springframework.core.convert.support.ConversionUtils: java.lang.Object invokeConverter(org.springframework.core.convert.converter.GenericConverter,java.lang.Object,org.springframework.core.convert.TypeDescriptor,org.springframework.core.convert.TypeDescriptor)>: 1 -> result(java.util.NavigableSet[]) }
InferredTransfer{ <org.springframework.core.convert.support.ConversionUtils: java.lang.Object invokeConverter(org.springframework.core.convert.converter.GenericConverter,java.lang.Object,org.springframework.core.convert.TypeDescriptor,org.springframework.core.convert.TypeDescriptor)>: 1 -> result(org.springframework.core.convert.support.IntegerToEnumConverterFactory[]) }
InferredTransfer{ <org.springframework.core.convert.support.ConversionUtils: java.lang.Object invokeConverter(org.springframework.core.convert.converter.GenericConverter,java.lang.Object,org.springframework.core.convert.TypeDescriptor,org.springframework.core.convert.TypeDescriptor)>: 2 -> result(java.util.stream.ReferencePipeline$Head) }
InferredTransfer{ <org.springframework.core.convert.support.StringToCurrencyConverter: java.lang.Object convert(java.lang.Object)>: base -> result(java.util.Currency) }
InferredTransfer{ <org.springframework.core.convert.support.GenericConversionService: org.springframework.core.convert.converter.GenericConverter getConverter(org.springframework.core.convert.TypeDescriptor,org.springframework.core.convert.TypeDescriptor)>: 1 -> result(org.springframework.core.convert.support.CollectionToStringConverter) }
InferredTransfer{ <org.springframework.core.convert.support.ConversionUtils: java.lang.Object invokeConverter(org.springframework.core.convert.converter.GenericConverter,java.lang.Object,org.springframework.core.convert.TypeDescriptor,org.springframework.core.convert.TypeDescriptor)>: 0 -> result(java.util.NavigableSet[]) }
InferredTransfer{ <org.springframework.core.convert.support.GenericConversionService: java.lang.Object convert(java.lang.Object,org.springframework.core.convert.TypeDescriptor,org.springframework.core.convert.TypeDescriptor)>: 2 -> result(java.util.LinkedList[]) }
InferredTransfer{ <org.springframework.core.convert.support.ConversionUtils: java.lang.Object invokeConverter(org.springframework.core.convert.converter.GenericConverter,java.lang.Object,org.springframework.core.convert.TypeDescriptor,org.springframework.core.convert.TypeDescriptor)>: 0 -> result(org.springframework.core.convert.support.IntegerToEnumConverterFactory[]) }
InferredTransfer{ <org.springframework.core.convert.support.ConversionUtils: java.lang.Object invokeConverter(org.springframework.core.convert.converter.GenericConverter,java.lang.Object,org.springframework.core.convert.TypeDescriptor,org.springframework.core.convert.TypeDescriptor)>: 1 -> result(java.util.stream.ReferencePipeline$Head) }
InferredTransfer{ <org.springframework.core.convert.support.CollectionToArrayConverter: boolean matches(org.springframework.core.convert.TypeDescriptor,org.springframework.core.convert.TypeDescriptor)>: 1 -> base(org.springframework.core.convert.support.CollectionToArrayConverter) }
InferredTransfer{ <org.springframework.core.convert.support.GenericConversionService: org.springframework.core.convert.converter.GenericConverter getConverter(org.springframework.core.convert.TypeDescriptor,org.springframework.core.convert.TypeDescriptor)>: 0 -> result(org.springframework.core.convert.support.CollectionToStringConverter) }
InferredTransfer{ <org.springframework.core.convert.support.ByteBufferConverter: java.lang.Object convertFromByteBuffer(java.nio.ByteBuffer,org.springframework.core.convert.TypeDescriptor)>: base -> result(java.util.Locale) }
InferredTransfer{ <org.springframework.core.convert.support.GenericConversionService: java.lang.Object convert(java.lang.Object,org.springframework.core.convert.TypeDescriptor,org.springframework.core.convert.TypeDescriptor)>: 2 -> result(sun.nio.cs.US_ASCII) }
InferredTransfer{ <org.springframework.core.convert.support.GenericConversionService: java.lang.Object convert(java.lang.Object,org.springframework.core.convert.TypeDescriptor,org.springframework.core.convert.TypeDescriptor)>: 1 -> result(sun.nio.cs.US_ASCII) }
InferredTransfer{ <org.springframework.core.convert.support.ByteBufferConverter: java.lang.Object convert(java.lang.Object,org.springframework.core.convert.TypeDescriptor,org.springframework.core.convert.TypeDescriptor)>: 2 -> result(sun.util.calendar.ZoneInfo) }
InferredTransfer{ <org.springframework.core.convert.support.ConversionUtils: java.lang.Object invokeConverter(org.springframework.core.convert.converter.GenericConverter,java.lang.Object,org.springframework.core.convert.TypeDescriptor,org.springframework.core.convert.TypeDescriptor)>: 0 -> result(java.util.stream.ReferencePipeline$Head) }
InferredTransfer{ <org.springframework.core.convert.support.CollectionToArrayConverter: boolean matches(org.springframework.core.convert.TypeDescriptor,org.springframework.core.convert.TypeDescriptor)>: 0 -> base(org.springframework.core.convert.support.CollectionToArrayConverter) }
InferredTransfer{ <org.springframework.core.convert.support.GenericConversionService: org.springframework.core.convert.converter.GenericConverter getConverter(org.springframework.core.convert.TypeDescriptor,org.springframework.core.convert.TypeDescriptor)>: base -> result(org.springframework.core.convert.support.CollectionToStringConverter) }
InferredTransfer{ <java.lang.StringBuffer: void <init>(java.lang.String)>: 0 -> base(java.lang.StringBuffer) }
InferredTransfer{ <org.springframework.core.convert.support.GenericConversionService: java.lang.Object convert(java.lang.Object,org.springframework.core.convert.TypeDescriptor,org.springframework.core.convert.TypeDescriptor)>: 0 -> result(sun.nio.cs.US_ASCII) }
InferredTransfer{ <org.springframework.core.convert.support.GenericConversionService: java.lang.Object convert(java.lang.Object,org.springframework.core.convert.TypeDescriptor,org.springframework.core.convert.TypeDescriptor)>: 2 -> result(org.springframework.core.convert.support.StringToBooleanConverter[]) }
InferredTransfer{ <sun.security.jca.ProviderConfig: java.lang.String toString()>: base -> result(java.lang.String) }
InferredTransfer{ <org.springframework.core.convert.support.ByteBufferConverter: java.lang.Object convert(java.lang.Object,org.springframework.core.convert.TypeDescriptor,org.springframework.core.convert.TypeDescriptor)>: 1 -> result(sun.util.calendar.ZoneInfo) }
InferredTransfer{ <org.springframework.core.convert.support.ConversionUtils: java.lang.Object invokeConverter(org.springframework.core.convert.converter.GenericConverter,java.lang.Object,org.springframework.core.convert.TypeDescriptor,org.springframework.core.convert.TypeDescriptor)>: 3 -> result(java.nio.HeapByteBuffer) }
InferredTransfer{ <org.springframework.core.convert.support.GenericConversionService: java.lang.Object convert(java.lang.Object,org.springframework.core.convert.TypeDescriptor,org.springframework.core.convert.TypeDescriptor)>: 0 -> result(java.util.LinkedList[]) }
InferredTransfer{ <java.lang.StringBuilder: java.lang.StringBuilder append(char[],int,int)>: 0 -> base(java.lang.StringBuilder) }
InferredTransfer{ <org.springframework.core.convert.support.GenericConversionService: java.lang.Object convert(java.lang.Object,org.springframework.core.convert.TypeDescriptor,org.springframework.core.convert.TypeDescriptor)>: base -> result(java.util.LinkedList[]) }
InferredTransfer{ <org.springframework.core.convert.support.ConversionUtils: java.lang.Object invokeConverter(org.springframework.core.convert.converter.GenericConverter,java.lang.Object,org.springframework.core.convert.TypeDescriptor,org.springframework.core.convert.TypeDescriptor)>: 1 -> result(java.lang.Float[]) }
InferredTransfer{ <org.springframework.core.convert.support.GenericConversionService: java.lang.Object convert(java.lang.Object,org.springframework.core.convert.TypeDescriptor,org.springframework.core.convert.TypeDescriptor)>: 1 -> result(org.springframework.core.convert.support.StringToBooleanConverter[]) }
InferredTransfer{ <org.springframework.core.convert.support.GenericConversionService: java.lang.Object convert(java.lang.Object,org.springframework.core.convert.TypeDescriptor,org.springframework.core.convert.TypeDescriptor)>: base -> result(sun.nio.cs.US_ASCII) }
InferredTransfer{ <org.springframework.core.convert.support.ConversionUtils: java.lang.Object invokeConverter(org.springframework.core.convert.converter.GenericConverter,java.lang.Object,org.springframework.core.convert.TypeDescriptor,org.springframework.core.convert.TypeDescriptor)>: 2 -> result(java.nio.HeapByteBuffer) }
InferredTransfer{ <org.springframework.core.convert.support.ByteBufferConverter: java.lang.Object convert(java.lang.Object,org.springframework.core.convert.TypeDescriptor,org.springframework.core.convert.TypeDescriptor)>: 0 -> result(sun.util.calendar.ZoneInfo) }
InferredTransfer{ <org.springframework.core.convert.support.GenericConversionService: java.lang.Object convert(java.lang.Object,org.springframework.core.convert.TypeDescriptor,org.springframework.core.convert.TypeDescriptor)>: 0 -> result(org.springframework.core.convert.support.StringToBooleanConverter[]) }
InferredTransfer{ <org.springframework.core.convert.support.ByteBufferConverter: java.lang.Object convert(java.lang.Object,org.springframework.core.convert.TypeDescriptor,org.springframework.core.convert.TypeDescriptor)>: base -> result(sun.util.calendar.ZoneInfo) }
InferredTransfer{ <org.springframework.core.convert.support.ByteBufferConverter: java.lang.Object convert(java.lang.Object,org.springframework.core.convert.TypeDescriptor,org.springframework.core.convert.TypeDescriptor)>: 2 -> result(java.math.BigDecimal[]) }
InferredTransfer{ <org.springframework.core.convert.support.ConversionUtils: java.lang.Object invokeConverter(org.springframework.core.convert.converter.GenericConverter,java.lang.Object,org.springframework.core.convert.TypeDescriptor,org.springframework.core.convert.TypeDescriptor)>: 1 -> result(java.nio.HeapByteBuffer) }
InferredTransfer{ <org.springframework.core.convert.support.ConversionUtils: java.lang.Object invokeConverter(org.springframework.core.convert.converter.GenericConverter,java.lang.Object,org.springframework.core.convert.TypeDescriptor,org.springframework.core.convert.TypeDescriptor)>: 3 -> result(java.lang.Character) }
InferredTransfer{ <org.springframework.core.convert.support.GenericConversionService: java.lang.Object convert(java.lang.Object,org.springframework.core.convert.TypeDescriptor,org.springframework.core.convert.TypeDescriptor)>: base -> result(org.springframework.core.convert.support.StringToBooleanConverter[]) }
InferredTransfer{ <org.springframework.core.convert.support.ConversionUtils: java.lang.Object invokeConverter(org.springframework.core.convert.converter.GenericConverter,java.lang.Object,org.springframework.core.convert.TypeDescriptor,org.springframework.core.convert.TypeDescriptor)>: 0 -> result(java.nio.HeapByteBuffer) }
InferredTransfer{ <org.springframework.core.convert.support.ConversionUtils: java.lang.Object invokeConverter(org.springframework.core.convert.converter.GenericConverter,java.lang.Object,org.springframework.core.convert.TypeDescriptor,org.springframework.core.convert.TypeDescriptor)>: 2 -> result(java.lang.Character) }
InferredTransfer{ <org.springframework.core.convert.support.CollectionToObjectConverter: java.lang.Object convert(java.lang.Object,org.springframework.core.convert.TypeDescriptor,org.springframework.core.convert.TypeDescriptor)>: 2 -> result(java.math.BigDecimal) }
InferredTransfer{ <org.springframework.core.convert.support.ByteBufferConverter: java.lang.Object convert(java.lang.Object,org.springframework.core.convert.TypeDescriptor,org.springframework.core.convert.TypeDescriptor)>: 0 -> result(java.math.BigDecimal[]) }
InferredTransfer{ <org.springframework.core.convert.support.ConversionUtils: java.lang.Object invokeConverter(org.springframework.core.convert.converter.GenericConverter,java.lang.Object,org.springframework.core.convert.TypeDescriptor,org.springframework.core.convert.TypeDescriptor)>: 1 -> result(java.lang.Character) }
InferredTransfer{ <java.lang.String: void getChars(int,int,char[],int)>: base -> 2(char[]) }
InferredTransfer{ <org.springframework.core.convert.support.ByteBufferConverter: java.lang.Object convert(java.lang.Object,org.springframework.core.convert.TypeDescriptor,org.springframework.core.convert.TypeDescriptor)>: base -> result(java.math.BigDecimal[]) }
InferredTransfer{ <org.springframework.core.ResolvableType: java.lang.reflect.Type getType()>: base -> result(org.springframework.core.ResolvableType$EmptyType) }
InferredTransfer{ <org.springframework.core.convert.support.ConversionUtils: java.lang.Object invokeConverter(org.springframework.core.convert.converter.GenericConverter,java.lang.Object,org.springframework.core.convert.TypeDescriptor,org.springframework.core.convert.TypeDescriptor)>: 0 -> result(java.lang.Character) }
InferredTransfer{ <org.springframework.core.convert.support.CollectionToObjectConverter: java.lang.Object convert(java.lang.Object,org.springframework.core.convert.TypeDescriptor,org.springframework.core.convert.TypeDescriptor)>: 0 -> result(java.math.BigDecimal) }
InferredTransfer{ <org.springframework.core.convert.support.CollectionToObjectConverter: java.lang.Object convert(java.lang.Object,org.springframework.core.convert.TypeDescriptor,org.springframework.core.convert.TypeDescriptor)>: base -> result(java.math.BigDecimal) }
InferredTransfer{ <org.springframework.core.convert.support.CollectionToObjectConverter: java.lang.Object convert(java.lang.Object,org.springframework.core.convert.TypeDescriptor,org.springframework.core.convert.TypeDescriptor)>: 0 -> result(java.lang.Cloneable[]) }
InferredTransfer{ <org.springframework.core.convert.support.ByteBufferConverter: java.lang.Object convert(java.lang.Object,org.springframework.core.convert.TypeDescriptor,org.springframework.core.convert.TypeDescriptor)>: 0 -> result(java.lang.Integer) }
InferredTransfer{ <org.springframework.core.convert.support.ByteBufferConverter: java.lang.Object convert(java.lang.Object,org.springframework.core.convert.TypeDescriptor,org.springframework.core.convert.TypeDescriptor)>: base -> result(java.lang.Integer) }
InferredTransfer{ <org.springframework.core.convert.support.ConversionUtils: java.lang.Object invokeConverter(org.springframework.core.convert.converter.GenericConverter,java.lang.Object,org.springframework.core.convert.TypeDescriptor,org.springframework.core.convert.TypeDescriptor)>: 1 -> result(java.lang.Enum[]) }
InferredTransfer{ <org.springframework.core.convert.support.ConversionUtils: java.lang.Object invokeConverter(org.springframework.core.convert.converter.GenericConverter,java.lang.Object,org.springframework.core.convert.TypeDescriptor,org.springframework.core.convert.TypeDescriptor)>: 3 -> result(java.lang.Long) }
InferredTransfer{ <org.springframework.core.convert.support.ArrayToObjectConverter: java.lang.Object convert(java.lang.Object,org.springframework.core.convert.TypeDescriptor,org.springframework.core.convert.TypeDescriptor)>: 0 -> result(java.io.Externalizable[]) }
InferredTransfer{ <org.springframework.core.convert.support.GenericConversionService: java.lang.Object convert(java.lang.Object,org.springframework.core.convert.TypeDescriptor,org.springframework.core.convert.TypeDescriptor)>: 0 -> result(java.lang.Double[]) }
InferredTransfer{ <org.springframework.core.convert.support.ConversionUtils: java.lang.Object invokeConverter(org.springframework.core.convert.converter.GenericConverter,java.lang.Object,org.springframework.core.convert.TypeDescriptor,org.springframework.core.convert.TypeDescriptor)>: 1 -> result(java.lang.Long) }
InferredTransfer{ <org.springframework.core.convert.support.CollectionToArrayConverter: java.lang.Object convert(java.lang.Object,org.springframework.core.convert.TypeDescriptor,org.springframework.core.convert.TypeDescriptor)>: 0 -> result(java.io.Closeable[]) }
InferredTransfer{ <org.springframework.core.convert.support.ConversionUtils: java.lang.Object invokeConverter(org.springframework.core.convert.converter.GenericConverter,java.lang.Object,org.springframework.core.convert.TypeDescriptor,org.springframework.core.convert.TypeDescriptor)>: 0 -> result(java.lang.Long) }
InferredTransfer{ <org.springframework.core.convert.support.GenericConversionService: org.springframework.core.convert.converter.GenericConverter getConverter(org.springframework.core.convert.TypeDescriptor,org.springframework.core.convert.TypeDescriptor)>: 1 -> result(org.springframework.core.convert.support.ArrayToArrayConverter) }
InferredTransfer{ <org.springframework.core.convert.support.StreamConverter: java.lang.Object convert(java.lang.Object,org.springframework.core.convert.TypeDescriptor,org.springframework.core.convert.TypeDescriptor)>: 2 -> result(java.util.LinkedHashMap[]) }
InferredTransfer{ <org.springframework.core.convert.support.GenericConversionService: org.springframework.core.convert.converter.GenericConverter getConverter(org.springframework.core.convert.TypeDescriptor,org.springframework.core.convert.TypeDescriptor)>: 0 -> result(org.springframework.core.convert.support.ArrayToArrayConverter) }
InferredTransfer{ <org.springframework.core.convert.support.ByteBufferConverter: java.lang.Object convert(java.lang.Object,org.springframework.core.convert.TypeDescriptor,org.springframework.core.convert.TypeDescriptor)>: 2 -> result(org.springframework.core.convert.support.StringToUUIDConverter[]) }
InferredTransfer{ <org.springframework.core.convert.support.StreamConverter: java.lang.Object convert(java.lang.Object,org.springframework.core.convert.TypeDescriptor,org.springframework.core.convert.TypeDescriptor)>: 1 -> result(java.util.LinkedHashMap[]) }
InferredTransfer{ <org.springframework.core.convert.support.CollectionToObjectConverter: java.lang.Object convert(java.lang.Object,org.springframework.core.convert.TypeDescriptor,org.springframework.core.convert.TypeDescriptor)>: 0 -> result(java.util.Currency[]) }
InferredTransfer{ <org.springframework.core.convert.support.GenericConversionService: org.springframework.core.convert.converter.GenericConverter getConverter(org.springframework.core.convert.TypeDescriptor,org.springframework.core.convert.TypeDescriptor)>: base -> result(org.springframework.core.convert.support.ArrayToArrayConverter) }
InferredTransfer{ <org.springframework.core.convert.support.ByteBufferConverter: java.lang.Object convertFromByteBuffer(java.nio.ByteBuffer,org.springframework.core.convert.TypeDescriptor)>: 1 -> result(org.springframework.core.convert.support.StringToEnumConverterFactory[]) }
InferredTransfer{ <org.springframework.core.convert.support.ByteBufferConverter: java.lang.Object convert(java.lang.Object,org.springframework.core.convert.TypeDescriptor,org.springframework.core.convert.TypeDescriptor)>: 1 -> result(org.springframework.core.convert.support.StringToUUIDConverter[]) }
InferredTransfer{ <org.springframework.core.convert.support.ByteBufferConverter: java.lang.Object convert(java.lang.Object,org.springframework.core.convert.TypeDescriptor,org.springframework.core.convert.TypeDescriptor)>: 0 -> result(byte[][]) }
InferredTransfer{ <org.springframework.core.convert.support.StreamConverter: java.lang.Object convert(java.lang.Object,org.springframework.core.convert.TypeDescriptor,org.springframework.core.convert.TypeDescriptor)>: 0 -> result(java.util.LinkedHashMap[]) }
InferredTransfer{ <java.lang.Object: java.lang.String toString()>: base -> result(java.lang.String) }
InferredTransfer{ <org.springframework.core.convert.support.ByteBufferConverter: java.lang.Object convert(java.lang.Object,org.springframework.core.convert.TypeDescriptor,org.springframework.core.convert.TypeDescriptor)>: 0 -> result(org.springframework.core.convert.support.StringToUUIDConverter[]) }
InferredTransfer{ <org.springframework.core.convert.support.StreamConverter: java.lang.Object convert(java.lang.Object,org.springframework.core.convert.TypeDescriptor,org.springframework.core.convert.TypeDescriptor)>: base -> result(java.util.LinkedHashMap[]) }
InferredTransfer{ <org.springframework.core.convert.TypeDescriptor: org.springframework.core.ResolvableType getResolvableType()>: base -> result(org.springframework.core.ResolvableType) }
InferredTransfer{ <org.springframework.core.convert.support.ByteBufferConverter: java.lang.Object convertFromByteBuffer(java.nio.ByteBuffer,org.springframework.core.convert.TypeDescriptor)>: 1 -> result(java.util.HashSet[]) }
InferredTransfer{ <org.springframework.core.convert.support.ByteBufferConverter: java.lang.Object convertFromByteBuffer(java.nio.ByteBuffer,org.springframework.core.convert.TypeDescriptor)>: base -> result(org.springframework.core.convert.support.StringToEnumConverterFactory[]) }
InferredTransfer{ <org.springframework.core.convert.support.ConversionUtils: java.lang.Object invokeConverter(org.springframework.core.convert.converter.GenericConverter,java.lang.Object,org.springframework.core.convert.TypeDescriptor,org.springframework.core.convert.TypeDescriptor)>: 3 -> result(sun.security.jca.ProviderConfig) }
InferredTransfer{ <org.springframework.core.convert.support.GenericConversionService: java.lang.Object convert(java.lang.Object,org.springframework.core.convert.TypeDescriptor,org.springframework.core.convert.TypeDescriptor)>: 0 -> result(java.util.Map[]) }
InferredTransfer{ <org.springframework.core.convert.support.ByteBufferConverter: java.lang.Object convert(java.lang.Object,org.springframework.core.convert.TypeDescriptor,org.springframework.core.convert.TypeDescriptor)>: base -> result(org.springframework.core.convert.support.StringToUUIDConverter[]) }
InferredTransfer{ <org.springframework.core.convert.support.ConversionUtils: java.lang.Object invokeConverter(org.springframework.core.convert.converter.GenericConverter,java.lang.Object,org.springframework.core.convert.TypeDescriptor,org.springframework.core.convert.TypeDescriptor)>: 2 -> result(sun.security.jca.ProviderConfig) }
InferredTransfer{ <org.springframework.core.convert.support.StreamConverter: java.lang.Object convert(java.lang.Object,org.springframework.core.convert.TypeDescriptor,org.springframework.core.convert.TypeDescriptor)>: 2 -> result(java.math.BigInteger) }
InferredTransfer{ <org.springframework.core.convert.support.ConversionUtils: java.lang.Object invokeConverter(org.springframework.core.convert.converter.GenericConverter,java.lang.Object,org.springframework.core.convert.TypeDescriptor,org.springframework.core.convert.TypeDescriptor)>: 3 -> result(java.lang.String) }
InferredTransfer{ <java.lang.String: int codePointAt(int)>: base -> result(int) }
InferredTransfer{ <org.springframework.core.convert.support.ConversionUtils: java.lang.Object invokeConverter(org.springframework.core.convert.converter.GenericConverter,java.lang.Object,org.springframework.core.convert.TypeDescriptor,org.springframework.core.convert.TypeDescriptor)>: 1 -> result(sun.security.jca.ProviderConfig) }
InferredTransfer{ <org.springframework.core.convert.support.ConversionUtils: java.lang.Object invokeConverter(org.springframework.core.convert.converter.GenericConverter,java.lang.Object,org.springframework.core.convert.TypeDescriptor,org.springframework.core.convert.TypeDescriptor)>: 2 -> result(java.lang.String) }
InferredTransfer{ <org.springframework.core.convert.support.ArrayToArrayConverter: java.lang.Object convert(java.lang.Object,org.springframework.core.convert.TypeDescriptor,org.springframework.core.convert.TypeDescriptor)>: 0 -> result(java.lang.Number[]) }
InferredTransfer{ <org.springframework.core.convert.support.ConversionUtils: java.lang.Object invokeConverter(org.springframework.core.convert.converter.GenericConverter,java.lang.Object,org.springframework.core.convert.TypeDescriptor,org.springframework.core.convert.TypeDescriptor)>: 0 -> result(sun.security.jca.ProviderConfig) }
InferredTransfer{ <org.springframework.core.convert.support.StringToUUIDConverter: java.util.UUID convert(java.lang.String)>: 0 -> base(org.springframework.core.convert.support.StringToUUIDConverter) }
InferredTransfer{ <org.springframework.core.convert.support.StreamConverter: java.lang.Object convert(java.lang.Object,org.springframework.core.convert.TypeDescriptor,org.springframework.core.convert.TypeDescriptor)>: 0 -> result(java.math.BigInteger) }
InferredTransfer{ <org.springframework.core.convert.support.ConversionUtils: java.lang.Object invokeConverter(org.springframework.core.convert.converter.GenericConverter,java.lang.Object,org.springframework.core.convert.TypeDescriptor,org.springframework.core.convert.TypeDescriptor)>: 1 -> result(java.lang.String) }
InferredTransfer{ <org.springframework.core.convert.support.StreamConverter: java.lang.Object convert(java.lang.Object,org.springframework.core.convert.TypeDescriptor,org.springframework.core.convert.TypeDescriptor)>: base -> result(java.math.BigInteger) }
InferredTransfer{ <org.springframework.core.convert.support.ConversionUtils: java.lang.Object invokeConverter(org.springframework.core.convert.converter.GenericConverter,java.lang.Object,org.springframework.core.convert.TypeDescriptor,org.springframework.core.convert.TypeDescriptor)>: 0 -> result(java.lang.String) }
InferredTransfer{ <org.springframework.core.convert.support.CollectionToArrayConverter: java.lang.Object convert(java.lang.Object,org.springframework.core.convert.TypeDescriptor,org.springframework.core.convert.TypeDescriptor)>: 0 -> result(java.lang.Class[]) }
InferredTransfer{ <org.springframework.core.convert.support.ArrayToArrayConverter: java.lang.Object convert(java.lang.Object,org.springframework.core.convert.TypeDescriptor,org.springframework.core.convert.TypeDescriptor)>: 0 -> result(java.lang.Class[]) }
InferredTransfer{ <org.springframework.core.convert.support.ArrayToObjectConverter: java.lang.Object convert(java.lang.Object,org.springframework.core.convert.TypeDescriptor,org.springframework.core.convert.TypeDescriptor)>: 0 -> result(java.lang.Byte) }
InferredTransfer{ <java.lang.String: java.lang.String replace(char,char)>: base -> result(java.lang.String) }
InferredTransfer{ <org.springframework.core.convert.support.ArrayToObjectConverter: java.lang.Object convert(java.lang.Object,org.springframework.core.convert.TypeDescriptor,org.springframework.core.convert.TypeDescriptor)>: base -> result(java.lang.Byte) }
InferredTransfer{ <org.springframework.core.convert.support.ByteBufferConverter: java.lang.Object convert(java.lang.Object,org.springframework.core.convert.TypeDescriptor,org.springframework.core.convert.TypeDescriptor)>: 0 -> result(boolean[][]) }
InferredTransfer{ <org.springframework.core.convert.support.ByteBufferConverter: java.lang.Object convertFromByteBuffer(java.nio.ByteBuffer,org.springframework.core.convert.TypeDescriptor)>: 1 -> result(java.util.NavigableSet[]) }
InferredTransfer{ <org.springframework.core.convert.support.ByteBufferConverter: java.lang.Object convertFromByteBuffer(java.nio.ByteBuffer,org.springframework.core.convert.TypeDescriptor)>: 1 -> result(org.springframework.core.convert.support.IntegerToEnumConverterFactory[]) }
InferredTransfer{ <org.springframework.core.convert.support.StreamConverter: java.lang.Object convert(java.lang.Object,org.springframework.core.convert.TypeDescriptor,org.springframework.core.convert.TypeDescriptor)>: 2 -> result(java.util.TreeSet[]) }
InferredTransfer{ <org.springframework.core.convert.support.ByteBufferConverter: java.lang.Object convertFromByteBuffer(java.nio.ByteBuffer,org.springframework.core.convert.TypeDescriptor)>: 1 -> result(java.util.stream.ReferencePipeline$Head) }
InferredTransfer{ <org.springframework.core.convert.support.ConversionUtils: java.lang.Object invokeConverter(org.springframework.core.convert.converter.GenericConverter,java.lang.Object,org.springframework.core.convert.TypeDescriptor,org.springframework.core.convert.TypeDescriptor)>: 1 -> result(java.util.Currency) }
InferredTransfer{ <org.springframework.core.convert.support.StreamConverter: java.lang.Object convert(java.lang.Object,org.springframework.core.convert.TypeDescriptor,org.springframework.core.convert.TypeDescriptor)>: 1 -> result(java.util.TreeSet[]) }
InferredTransfer{ <org.springframework.core.convert.support.ByteBufferConverter: java.lang.Object convertFromByteBuffer(java.nio.ByteBuffer,org.springframework.core.convert.TypeDescriptor)>: base -> result(java.util.NavigableSet[]) }
InferredTransfer{ <org.springframework.core.convert.support.ByteBufferConverter: java.lang.Object convertFromByteBuffer(java.nio.ByteBuffer,org.springframework.core.convert.TypeDescriptor)>: base -> result(org.springframework.core.convert.support.IntegerToEnumConverterFactory[]) }
InferredTransfer{ <org.springframework.web.util.UriUtils: java.lang.String decode(java.lang.String,java.lang.String)>: 1 -> result(java.lang.String) }
InferredTransfer{ <org.springframework.core.convert.support.StreamConverter: java.lang.Object convert(java.lang.Object,org.springframework.core.convert.TypeDescriptor,org.springframework.core.convert.TypeDescriptor)>: 0 -> result(java.util.TreeSet[]) }
InferredTransfer{ <org.springframework.core.convert.support.ConversionUtils: java.lang.Object invokeConverter(org.springframework.core.convert.converter.GenericConverter,java.lang.Object,org.springframework.core.convert.TypeDescriptor,org.springframework.core.convert.TypeDescriptor)>: 0 -> result(java.util.Currency) }
InferredTransfer{ <org.springframework.core.convert.support.ByteBufferConverter: java.lang.Object convertFromByteBuffer(java.nio.ByteBuffer,org.springframework.core.convert.TypeDescriptor)>: base -> result(java.util.stream.ReferencePipeline$Head) }
InferredTransfer{ <org.springframework.web.util.UriUtils: java.lang.String decode(java.lang.String,java.lang.String)>: 0 -> result(java.lang.String) }
InferredTransfer{ <org.springframework.core.convert.support.StreamConverter: java.lang.Object convert(java.lang.Object,org.springframework.core.convert.TypeDescriptor,org.springframework.core.convert.TypeDescriptor)>: base -> result(java.util.TreeSet[]) }
InferredTransfer{ <org.springframework.core.convert.support.MapToMapConverter: java.lang.Object convertKey(java.lang.Object,org.springframework.core.convert.TypeDescriptor,org.springframework.core.convert.TypeDescriptor)>: 2 -> result(java.util.TreeMap[]) }
InferredTransfer{ <org.springframework.core.convert.support.ObjectToArrayConverter: java.lang.Object convert(java.lang.Object,org.springframework.core.convert.TypeDescriptor,org.springframework.core.convert.TypeDescriptor)>: 2 -> result(org.springframework.core.convert.support.StringToCharsetConverter[]) }
InferredTransfer{ <org.springframework.core.convert.support.MapToMapConverter: java.lang.Object convertKey(java.lang.Object,org.springframework.core.convert.TypeDescriptor,org.springframework.core.convert.TypeDescriptor)>: 1 -> result(java.util.TreeMap[]) }
InferredTransfer{ <org.springframework.core.convert.support.ObjectToArrayConverter: java.lang.Object convert(java.lang.Object,org.springframework.core.convert.TypeDescriptor,org.springframework.core.convert.TypeDescriptor)>: 1 -> result(org.springframework.core.convert.support.StringToCharsetConverter[]) }
InferredTransfer{ <org.springframework.core.convert.support.ByteBufferConverter: java.lang.Object convertFromByteBuffer(java.nio.ByteBuffer,org.springframework.core.convert.TypeDescriptor)>: 1 -> result(java.nio.HeapByteBuffer) }
InferredTransfer{ <org.springframework.core.convert.support.StreamConverter: java.lang.Object convert(java.lang.Object,org.springframework.core.convert.TypeDescriptor,org.springframework.core.convert.TypeDescriptor)>: 2 -> result(org.springframework.core.convert.support.NumberToCharacterConverter[]) }
InferredTransfer{ <org.springframework.core.convert.support.ObjectToArrayConverter: java.lang.Object convert(java.lang.Object,org.springframework.core.convert.TypeDescriptor,org.springframework.core.convert.TypeDescriptor)>: 0 -> result(org.springframework.core.convert.support.StringToCharsetConverter[]) }
InferredTransfer{ <org.springframework.core.convert.TypeDescriptor: org.springframework.core.convert.TypeDescriptor narrow(java.lang.Object)>: 0 -> result(org.springframework.core.convert.TypeDescriptor) }
InferredTransfer{ <org.springframework.core.convert.support.StreamConverter: java.lang.Object convert(java.lang.Object,org.springframework.core.convert.TypeDescriptor,org.springframework.core.convert.TypeDescriptor)>: 2 -> result(java.util.SortedSet[]) }
InferredTransfer{ <org.springframework.core.convert.support.ConversionUtils: java.lang.Object invokeConverter(org.springframework.core.convert.converter.GenericConverter,java.lang.Object,org.springframework.core.convert.TypeDescriptor,org.springframework.core.convert.TypeDescriptor)>: 3 -> result(java.util.GregorianCalendar) }
InferredTransfer{ <org.springframework.core.convert.support.ArrayToObjectConverter: java.lang.Object convert(java.lang.Object,org.springframework.core.convert.TypeDescriptor,org.springframework.core.convert.TypeDescriptor)>: 2 -> result(org.springframework.core.convert.support.StringToNumberConverterFactory[]) }
InferredTransfer{ <org.springframework.core.convert.support.MapToMapConverter: java.lang.Object convertKey(java.lang.Object,org.springframework.core.convert.TypeDescriptor,org.springframework.core.convert.TypeDescriptor)>: base -> result(java.util.TreeMap[]) }
InferredTransfer{ <org.springframework.core.convert.support.StreamConverter: java.lang.Object convert(java.lang.Object,org.springframework.core.convert.TypeDescriptor,org.springframework.core.convert.TypeDescriptor)>: 1 -> result(org.springframework.core.convert.support.NumberToCharacterConverter[]) }
InferredTransfer{ <org.springframework.core.convert.TypeDescriptor: org.springframework.core.convert.TypeDescriptor narrow(java.lang.Object)>: base -> result(org.springframework.core.convert.TypeDescriptor) }
InferredTransfer{ <org.springframework.core.convert.support.ByteBufferConverter: java.lang.Object convert(java.lang.Object,org.springframework.core.convert.TypeDescriptor,org.springframework.core.convert.TypeDescriptor)>: 0 -> result(java.nio.charset.Charset[]) }
InferredTransfer{ <org.springframework.core.convert.support.MapToMapConverter: java.lang.Object convertKey(java.lang.Object,org.springframework.core.convert.TypeDescriptor,org.springframework.core.convert.TypeDescriptor)>: 1 -> result(java.lang.AutoCloseable[]) }
InferredTransfer{ <org.springframework.core.convert.support.ConversionUtils: java.lang.Object invokeConverter(org.springframework.core.convert.converter.GenericConverter,java.lang.Object,org.springframework.core.convert.TypeDescriptor,org.springframework.core.convert.TypeDescriptor)>: 2 -> result(java.util.GregorianCalendar) }
InferredTransfer{ <org.springframework.core.convert.support.ArrayToObjectConverter: java.lang.Object convert(java.lang.Object,org.springframework.core.convert.TypeDescriptor,org.springframework.core.convert.TypeDescriptor)>: 1 -> result(org.springframework.core.convert.support.StringToNumberConverterFactory[]) }
InferredTransfer{ <org.springframework.core.convert.support.ByteBufferConverter: java.lang.Object convertFromByteBuffer(java.nio.ByteBuffer,org.springframework.core.convert.TypeDescriptor)>: base -> result(java.nio.HeapByteBuffer) }
InferredTransfer{ <org.springframework.core.convert.support.StreamConverter: java.lang.Object convert(java.lang.Object,org.springframework.core.convert.TypeDescriptor,org.springframework.core.convert.TypeDescriptor)>: 0 -> result(java.util.SortedSet[]) }
InferredTransfer{ <org.springframework.core.convert.support.StreamConverter: java.lang.Object convert(java.lang.Object,org.springframework.core.convert.TypeDescriptor,org.springframework.core.convert.TypeDescriptor)>: 0 -> result(org.springframework.core.convert.support.NumberToCharacterConverter[]) }
InferredTransfer{ <org.springframework.core.convert.support.ObjectToArrayConverter: java.lang.Object convert(java.lang.Object,org.springframework.core.convert.TypeDescriptor,org.springframework.core.convert.TypeDescriptor)>: base -> result(org.springframework.core.convert.support.StringToCharsetConverter[]) }
InferredTransfer{ <java.lang.String: java.lang.CharSequence subSequence(int,int)>: base -> result(java.lang.CharSequence) }
InferredTransfer{ <org.springframework.core.convert.support.ConversionUtils: java.lang.Object invokeConverter(org.springframework.core.convert.converter.GenericConverter,java.lang.Object,org.springframework.core.convert.TypeDescriptor,org.springframework.core.convert.TypeDescriptor)>: 1 -> result(java.util.GregorianCalendar) }
InferredTransfer{ <org.springframework.core.convert.support.MapToMapConverter: java.lang.Object convertKey(java.lang.Object,org.springframework.core.convert.TypeDescriptor,org.springframework.core.convert.TypeDescriptor)>: 2 -> result(java.lang.AutoCloseable[]) }
InferredTransfer{ <org.springframework.core.convert.support.ArrayToObjectConverter: java.lang.Object convert(java.lang.Object,org.springframework.core.convert.TypeDescriptor,org.springframework.core.convert.TypeDescriptor)>: 0 -> result(org.springframework.core.convert.support.StringToNumberConverterFactory[]) }
InferredTransfer{ <org.springframework.core.convert.support.StreamConverter: java.lang.Object convert(java.lang.Object,org.springframework.core.convert.TypeDescriptor,org.springframework.core.convert.TypeDescriptor)>: base -> result(java.util.SortedSet[]) }
InferredTransfer{ <org.springframework.core.convert.support.ByteBufferConverter: java.lang.Object convertFromByteBuffer(java.nio.ByteBuffer,org.springframework.core.convert.TypeDescriptor)>: 1 -> result(java.lang.Character) }
InferredTransfer{ <org.springframework.core.convert.support.ObjectToArrayConverter: java.lang.Object convert(java.lang.Object,org.springframework.core.convert.TypeDescriptor,org.springframework.core.convert.TypeDescriptor)>: 2 -> result(java.util.HashSet[]) }
InferredTransfer{ <org.springframework.core.convert.support.MapToMapConverter: java.lang.Object convertKey(java.lang.Object,org.springframework.core.convert.TypeDescriptor,org.springframework.core.convert.TypeDescriptor)>: base -> result(java.lang.AutoCloseable[]) }
InferredTransfer{ <org.springframework.core.convert.support.ArrayToObjectConverter: java.lang.Object convert(java.lang.Object,org.springframework.core.convert.TypeDescriptor,org.springframework.core.convert.TypeDescriptor)>: base -> result(org.springframework.core.convert.support.StringToNumberConverterFactory[]) }
InferredTransfer{ <org.springframework.core.convert.support.ByteBufferConverter: java.lang.Object convertFromByteBuffer(java.nio.ByteBuffer,org.springframework.core.convert.TypeDescriptor)>: base -> result(java.lang.Character) }
InferredTransfer{ <org.springframework.core.convert.support.ConversionUtils: java.lang.Object invokeConverter(org.springframework.core.convert.converter.GenericConverter,java.lang.Object,org.springframework.core.convert.TypeDescriptor,org.springframework.core.convert.TypeDescriptor)>: 0 -> result(java.util.GregorianCalendar) }
InferredTransfer{ <org.springframework.core.convert.support.ByteBufferConverter: java.lang.Object convert(java.lang.Object,org.springframework.core.convert.TypeDescriptor,org.springframework.core.convert.TypeDescriptor)>: 0 -> result(java.util.Set[]) }
InferredTransfer{ <org.springframework.core.convert.support.StreamConverter: java.lang.Object convert(java.lang.Object,org.springframework.core.convert.TypeDescriptor,org.springframework.core.convert.TypeDescriptor)>: base -> result(org.springframework.core.convert.support.NumberToCharacterConverter[]) }
InferredTransfer{ <org.springframework.core.convert.support.ObjectToArrayConverter: java.lang.Object convert(java.lang.Object,org.springframework.core.convert.TypeDescriptor,org.springframework.core.convert.TypeDescriptor)>: 1 -> result(java.util.HashSet[]) }
InferredTransfer{ <org.springframework.core.convert.support.ArrayToObjectConverter: java.lang.Object convert(java.lang.Object,org.springframework.core.convert.TypeDescriptor,org.springframework.core.convert.TypeDescriptor)>: 2 -> result(java.util.TreeMap[]) }
InferredTransfer{ <org.springframework.core.convert.support.ObjectToArrayConverter: java.lang.Object convert(java.lang.Object,org.springframework.core.convert.TypeDescriptor,org.springframework.core.convert.TypeDescriptor)>: 0 -> result(java.util.HashSet[]) }
InferredTransfer{ <org.springframework.core.convert.support.ArrayToObjectConverter: java.lang.Object convert(java.lang.Object,org.springframework.core.convert.TypeDescriptor,org.springframework.core.convert.TypeDescriptor)>: 1 -> result(java.util.TreeMap[]) }
InferredTransfer{ <org.springframework.core.convert.support.MapToMapConverter: java.lang.Object convertValue(java.lang.Object,org.springframework.core.convert.TypeDescriptor,org.springframework.core.convert.TypeDescriptor)>: 2 -> result(java.util.Locale) }
InferredTransfer{ <org.springframework.core.convert.support.StringToArrayConverter: java.lang.Object convert(java.lang.Object,org.springframework.core.convert.TypeDescriptor,org.springframework.core.convert.TypeDescriptor)>: 0 -> result(short[][]) }
InferredTransfer{ <org.springframework.core.convert.support.ObjectToArrayConverter: java.lang.Object convert(java.lang.Object,org.springframework.core.convert.TypeDescriptor,org.springframework.core.convert.TypeDescriptor)>: base -> result(java.util.HashSet[]) }
InferredTransfer{ <org.springframework.core.convert.support.ArrayToObjectConverter: java.lang.Object convert(java.lang.Object,org.springframework.core.convert.TypeDescriptor,org.springframework.core.convert.TypeDescriptor)>: 0 -> result(java.util.TreeMap[]) }
InferredTransfer{ <org.springframework.core.convert.support.MapToMapConverter: java.lang.Object convertValue(java.lang.Object,org.springframework.core.convert.TypeDescriptor,org.springframework.core.convert.TypeDescriptor)>: 1 -> result(java.util.Locale) }
InferredTransfer{ <org.springframework.core.convert.support.ArrayToObjectConverter: java.lang.Object convert(java.lang.Object,org.springframework.core.convert.TypeDescriptor,org.springframework.core.convert.TypeDescriptor)>: 2 -> result(java.lang.AutoCloseable[]) }
InferredTransfer{ <org.springframework.core.convert.support.ArrayToObjectConverter: java.lang.Object convert(java.lang.Object,org.springframework.core.convert.TypeDescriptor,org.springframework.core.convert.TypeDescriptor)>: base -> result(java.util.TreeMap[]) }
InferredTransfer{ <org.springframework.core.convert.support.CollectionToObjectConverter: java.lang.Object convert(java.lang.Object,org.springframework.core.convert.TypeDescriptor,org.springframework.core.convert.TypeDescriptor)>: 2 -> result(java.util.TreeMap[]) }
InferredTransfer{ <org.springframework.core.convert.support.ArrayToObjectConverter: java.lang.Object convert(java.lang.Object,org.springframework.core.convert.TypeDescriptor,org.springframework.core.convert.TypeDescriptor)>: 1 -> result(java.lang.AutoCloseable[]) }
InferredTransfer{ <org.springframework.core.convert.support.CollectionToObjectConverter: java.lang.Object convert(java.lang.Object,org.springframework.core.convert.TypeDescriptor,org.springframework.core.convert.TypeDescriptor)>: 1 -> result(java.util.TreeMap[]) }
InferredTransfer{ <org.springframework.core.convert.support.ArrayToObjectConverter: java.lang.Object convert(java.lang.Object,org.springframework.core.convert.TypeDescriptor,org.springframework.core.convert.TypeDescriptor)>: 0 -> result(java.lang.AutoCloseable[]) }
InferredTransfer{ <org.springframework.core.convert.support.CollectionToArrayConverter: java.lang.Object convert(java.lang.Object,org.springframework.core.convert.TypeDescriptor,org.springframework.core.convert.TypeDescriptor)>: 2 -> result(java.util.UUID[]) }
InferredTransfer{ <org.springframework.core.convert.support.ByteBufferConverter: java.lang.Object convertFromByteBuffer(java.nio.ByteBuffer,org.springframework.core.convert.TypeDescriptor)>: 1 -> result(java.lang.Long) }
InferredTransfer{ <org.springframework.core.convert.support.CollectionToObjectConverter: java.lang.Object convert(java.lang.Object,org.springframework.core.convert.TypeDescriptor,org.springframework.core.convert.TypeDescriptor)>: 0 -> result(java.util.TreeMap[]) }
InferredTransfer{ <org.springframework.core.convert.support.ArrayToObjectConverter: java.lang.Object convert(java.lang.Object,org.springframework.core.convert.TypeDescriptor,org.springframework.core.convert.TypeDescriptor)>: 2 -> result(java.util.SortedMap[]) }
InferredTransfer{ <org.springframework.core.convert.support.ByteBufferConverter: java.lang.Object convert(java.lang.Object,org.springframework.core.convert.TypeDescriptor,org.springframework.core.convert.TypeDescriptor)>: 0 -> result(org.springframework.core.convert.support.EnumToIntegerConverter[]) }
InferredTransfer{ <org.springframework.core.convert.support.CollectionToArrayConverter: java.lang.Object convert(java.lang.Object,org.springframework.core.convert.TypeDescriptor,org.springframework.core.convert.TypeDescriptor)>: 1 -> result(java.util.UUID[]) }
InferredTransfer{ <org.springframework.core.convert.support.CollectionToObjectConverter: java.lang.Object convert(java.lang.Object,org.springframework.core.convert.TypeDescriptor,org.springframework.core.convert.TypeDescriptor)>: 2 -> result(java.lang.AutoCloseable[]) }
InferredTransfer{ <org.springframework.core.convert.support.ArrayToObjectConverter: java.lang.Object convert(java.lang.Object,org.springframework.core.convert.TypeDescriptor,org.springframework.core.convert.TypeDescriptor)>: base -> result(java.lang.AutoCloseable[]) }
InferredTransfer{ <org.springframework.core.convert.support.CollectionToObjectConverter: java.lang.Object convert(java.lang.Object,org.springframework.core.convert.TypeDescriptor,org.springframework.core.convert.TypeDescriptor)>: base -> result(java.util.TreeMap[]) }
InferredTransfer{ <org.springframework.core.convert.support.CollectionToArrayConverter: java.lang.Object convert(java.lang.Object,org.springframework.core.convert.TypeDescriptor,org.springframework.core.convert.TypeDescriptor)>: 0 -> result(java.util.UUID[]) }
InferredTransfer{ <org.springframework.core.convert.support.ByteBufferConverter: java.lang.Object convert(java.lang.Object,org.springframework.core.convert.TypeDescriptor,org.springframework.core.convert.TypeDescriptor)>: base -> result(org.springframework.core.convert.support.EnumToIntegerConverter[]) }
InferredTransfer{ <org.springframework.core.convert.support.ObjectToArrayConverter: java.lang.Object convert(java.lang.Object,org.springframework.core.convert.TypeDescriptor,org.springframework.core.convert.TypeDescriptor)>: 2 -> result(java.util.NavigableSet[]) }
InferredTransfer{ <org.springframework.core.convert.support.ByteBufferConverter: java.lang.Object convertFromByteBuffer(java.nio.ByteBuffer,org.springframework.core.convert.TypeDescriptor)>: base -> result(java.lang.Long) }
InferredTransfer{ <org.springframework.core.convert.support.CollectionToObjectConverter: java.lang.Object convert(java.lang.Object,org.springframework.core.convert.TypeDescriptor,org.springframework.core.convert.TypeDescriptor)>: 1 -> result(java.lang.AutoCloseable[]) }
InferredTransfer{ <org.springframework.web.util.UrlPathHelper: java.lang.String getSanitizedPath(java.lang.String)>: 0 -> base(org.springframework.web.util.UrlPathHelper) }
InferredTransfer{ <org.springframework.core.convert.support.ArrayToObjectConverter: java.lang.Object convert(java.lang.Object,org.springframework.core.convert.TypeDescriptor,org.springframework.core.convert.TypeDescriptor)>: 0 -> result(java.util.SortedMap[]) }
InferredTransfer{ <org.springframework.core.convert.support.CollectionToArrayConverter: java.lang.Object convert(java.lang.Object,org.springframework.core.convert.TypeDescriptor,org.springframework.core.convert.TypeDescriptor)>: base -> result(java.util.UUID[]) }
InferredTransfer{ <org.springframework.core.convert.support.ByteBufferConverter: java.lang.Object convert(java.lang.Object,org.springframework.core.convert.TypeDescriptor,org.springframework.core.convert.TypeDescriptor)>: 0 -> result(java.lang.Byte[]) }
InferredTransfer{ <org.springframework.core.convert.support.CollectionToObjectConverter: java.lang.Object convert(java.lang.Object,org.springframework.core.convert.TypeDescriptor,org.springframework.core.convert.TypeDescriptor)>: 0 -> result(java.lang.AutoCloseable[]) }
InferredTransfer{ <org.springframework.util.NumberUtils: java.lang.Number parseNumber(java.lang.String,java.lang.Class)>: 0 -> result(java.lang.Long) }
InferredTransfer{ <org.springframework.core.convert.support.ArrayToObjectConverter: java.lang.Object convert(java.lang.Object,org.springframework.core.convert.TypeDescriptor,org.springframework.core.convert.TypeDescriptor)>: base -> result(java.util.SortedMap[]) }
InferredTransfer{ <org.springframework.core.convert.support.ObjectToArrayConverter: java.lang.Object convert(java.lang.Object,org.springframework.core.convert.TypeDescriptor,org.springframework.core.convert.TypeDescriptor)>: 0 -> result(java.util.NavigableSet[]) }
InferredTransfer{ <org.springframework.core.convert.support.CollectionToObjectConverter: java.lang.Object convert(java.lang.Object,org.springframework.core.convert.TypeDescriptor,org.springframework.core.convert.TypeDescriptor)>: base -> result(java.lang.AutoCloseable[]) }
InferredTransfer{ <org.springframework.core.env.AbstractPropertyResolver: java.lang.String resolveNestedPlaceholders(java.lang.String)>: 0 -> result(java.lang.String) }
InferredTransfer{ <org.springframework.core.convert.TypeDescriptor: org.springframework.core.convert.TypeDescriptor collection(java.lang.Class,org.springframework.core.convert.TypeDescriptor)>: 1 -> result(org.springframework.core.convert.TypeDescriptor) }
InferredTransfer{ <org.springframework.core.convert.support.ObjectToArrayConverter: java.lang.Object convert(java.lang.Object,org.springframework.core.convert.TypeDescriptor,org.springframework.core.convert.TypeDescriptor)>: base -> result(java.util.NavigableSet[]) }
InferredTransfer{ <org.springframework.core.env.AbstractPropertyResolver: java.lang.String resolveNestedPlaceholders(java.lang.String)>: base -> result(java.lang.String) }
InferredTransfer{ <org.springframework.core.convert.support.ArrayToObjectConverter: java.lang.Object convert(java.lang.Object,org.springframework.core.convert.TypeDescriptor,org.springframework.core.convert.TypeDescriptor)>: 0 -> result(java.util.EnumSet[]) }
InferredTransfer{ <java.net.URLDecoder: java.lang.String decode(java.lang.String)>: 0 -> result(java.lang.String) }
InferredTransfer{ <org.springframework.core.convert.support.CollectionToArrayConverter: java.lang.Object convert(java.lang.Object,org.springframework.core.convert.TypeDescriptor,org.springframework.core.convert.TypeDescriptor)>: 2 -> result(org.springframework.core.convert.support.ZonedDateTimeToCalendarConverter[]) }
InferredTransfer{ <org.springframework.core.convert.support.ArrayToArrayConverter: java.lang.Object convert(java.lang.Object,org.springframework.core.convert.TypeDescriptor,org.springframework.core.convert.TypeDescriptor)>: 2 -> result(org.springframework.core.convert.support.ZonedDateTimeToCalendarConverter[]) }
InferredTransfer{ <org.springframework.core.convert.support.ByteBufferConverter: java.lang.Object convertFromByteBuffer(java.nio.ByteBuffer,org.springframework.core.convert.TypeDescriptor)>: 1 -> result(sun.security.jca.ProviderConfig) }
InferredTransfer{ <org.springframework.core.convert.support.ObjectToArrayConverter: java.lang.Object convert(java.lang.Object,org.springframework.core.convert.TypeDescriptor,org.springframework.core.convert.TypeDescriptor)>: 0 -> result(java.lang.Float[]) }
InferredTransfer{ <org.springframework.core.convert.support.CollectionToArrayConverter: java.lang.Object convert(java.lang.Object,org.springframework.core.convert.TypeDescriptor,org.springframework.core.convert.TypeDescriptor)>: 2 -> result(org.springframework.core.convert.support.CharacterToNumberFactory[]) }
InferredTransfer{ <org.springframework.core.convert.support.CollectionToArrayConverter: java.lang.Object convert(java.lang.Object,org.springframework.core.convert.TypeDescriptor,org.springframework.core.convert.TypeDescriptor)>: 1 -> result(org.springframework.core.convert.support.ZonedDateTimeToCalendarConverter[]) }
InferredTransfer{ <org.springframework.core.convert.support.ArrayToArrayConverter: java.lang.Object convert(java.lang.Object,org.springframework.core.convert.TypeDescriptor,org.springframework.core.convert.TypeDescriptor)>: 2 -> result(org.springframework.core.convert.support.CharacterToNumberFactory[]) }
InferredTransfer{ <org.springframework.core.convert.support.ArrayToArrayConverter: java.lang.Object convert(java.lang.Object,org.springframework.core.convert.TypeDescriptor,org.springframework.core.convert.TypeDescriptor)>: 1 -> result(org.springframework.core.convert.support.ZonedDateTimeToCalendarConverter[]) }
InferredTransfer{ <org.springframework.core.convert.support.CollectionToArrayConverter: java.lang.Object convert(java.lang.Object,org.springframework.core.convert.TypeDescriptor,org.springframework.core.convert.TypeDescriptor)>: 1 -> result(org.springframework.core.convert.support.CharacterToNumberFactory[]) }
InferredTransfer{ <org.springframework.core.convert.support.CollectionToArrayConverter: java.lang.Object convert(java.lang.Object,org.springframework.core.convert.TypeDescriptor,org.springframework.core.convert.TypeDescriptor)>: 0 -> result(org.springframework.core.convert.support.ZonedDateTimeToCalendarConverter[]) }
InferredTransfer{ <org.springframework.core.convert.support.ArrayToArrayConverter: java.lang.Object convert(java.lang.Object,org.springframework.core.convert.TypeDescriptor,org.springframework.core.convert.TypeDescriptor)>: 1 -> result(org.springframework.core.convert.support.CharacterToNumberFactory[]) }
InferredTransfer{ <org.springframework.core.convert.support.ArrayToArrayConverter: java.lang.Object convert(java.lang.Object,org.springframework.core.convert.TypeDescriptor,org.springframework.core.convert.TypeDescriptor)>: 0 -> result(org.springframework.core.convert.support.ZonedDateTimeToCalendarConverter[]) }
InferredTransfer{ <java.lang.String: void <init>(char[])>: 0 -> base(java.lang.String) }
InferredTransfer{ <org.springframework.core.convert.support.ByteBufferConverter: java.lang.Object convertFromByteBuffer(java.nio.ByteBuffer,org.springframework.core.convert.TypeDescriptor)>: base -> result(sun.security.jca.ProviderConfig) }
InferredTransfer{ <org.springframework.core.convert.support.StreamConverter: java.lang.Object convertFromStream(java.util.stream.Stream,org.springframework.core.convert.TypeDescriptor,org.springframework.core.convert.TypeDescriptor)>: 2 -> result(java.util.LinkedHashMap[]) }
InferredTransfer{ <org.springframework.core.convert.support.CollectionToArrayConverter: java.lang.Object convert(java.lang.Object,org.springframework.core.convert.TypeDescriptor,org.springframework.core.convert.TypeDescriptor)>: 0 -> result(org.springframework.core.convert.support.CharacterToNumberFactory[]) }
InferredTransfer{ <org.springframework.core.convert.support.CollectionToArrayConverter: java.lang.Object convert(java.lang.Object,org.springframework.core.convert.TypeDescriptor,org.springframework.core.convert.TypeDescriptor)>: base -> result(org.springframework.core.convert.support.ZonedDateTimeToCalendarConverter[]) }
InferredTransfer{ <org.springframework.core.convert.support.ArrayToArrayConverter: java.lang.Object convert(java.lang.Object,org.springframework.core.convert.TypeDescriptor,org.springframework.core.convert.TypeDescriptor)>: 0 -> result(org.springframework.core.convert.support.CharacterToNumberFactory[]) }
InferredTransfer{ <org.springframework.core.convert.support.ArrayToArrayConverter: java.lang.Object convert(java.lang.Object,org.springframework.core.convert.TypeDescriptor,org.springframework.core.convert.TypeDescriptor)>: base -> result(org.springframework.core.convert.support.ZonedDateTimeToCalendarConverter[]) }
InferredTransfer{ <org.springframework.core.env.PropertySourcesPropertyResolver: java.lang.Object getProperty(java.lang.String,java.lang.Class,boolean)>: 0 -> result(java.lang.String) }
InferredTransfer{ <org.springframework.core.convert.support.StreamConverter: java.lang.Object convertFromStream(java.util.stream.Stream,org.springframework.core.convert.TypeDescriptor,org.springframework.core.convert.TypeDescriptor)>: 1 -> result(java.util.LinkedHashMap[]) }
InferredTransfer{ <org.springframework.core.convert.support.CollectionToArrayConverter: java.lang.Object convert(java.lang.Object,org.springframework.core.convert.TypeDescriptor,org.springframework.core.convert.TypeDescriptor)>: base -> result(org.springframework.core.convert.support.CharacterToNumberFactory[]) }
InferredTransfer{ <org.springframework.core.env.PropertySourcesPropertyResolver: java.lang.Object getProperty(java.lang.String,java.lang.Class,boolean)>: base -> result(java.lang.String) }
InferredTransfer{ <org.springframework.core.convert.support.ArrayToArrayConverter: java.lang.Object convert(java.lang.Object,org.springframework.core.convert.TypeDescriptor,org.springframework.core.convert.TypeDescriptor)>: base -> result(org.springframework.core.convert.support.CharacterToNumberFactory[]) }
InferredTransfer{ <org.springframework.core.env.AbstractPropertyResolver: java.lang.Object convertValueIfNecessary(java.lang.Object,java.lang.Class)>: 0 -> result(java.lang.String) }
InferredTransfer{ <org.springframework.core.convert.support.GenericConversionService: org.springframework.core.convert.converter.GenericConverter getConverter(org.springframework.core.convert.TypeDescriptor,org.springframework.core.convert.TypeDescriptor)>: 1 -> result(org.springframework.core.convert.support.ArrayToStringConverter) }
InferredTransfer{ <org.springframework.core.env.AbstractPropertyResolver: java.lang.Object convertValueIfNecessary(java.lang.Object,java.lang.Class)>: base -> result(java.lang.String) }
InferredTransfer{ <org.springframework.core.convert.support.GenericConversionService: org.springframework.core.convert.converter.GenericConverter getConverter(org.springframework.core.convert.TypeDescriptor,org.springframework.core.convert.TypeDescriptor)>: 0 -> result(org.springframework.core.convert.support.ArrayToStringConverter) }
InferredTransfer{ <sun.reflect.generics.reflectiveObjects.GenericArrayTypeImpl: java.lang.reflect.Type getGenericComponentType()>: base -> result(sun.reflect.generics.reflectiveObjects.WildcardTypeImpl) }
InferredTransfer{ <org.springframework.core.convert.support.CollectionToObjectConverter: java.lang.Object convert(java.lang.Object,org.springframework.core.convert.TypeDescriptor,org.springframework.core.convert.TypeDescriptor)>: 0 -> result(java.lang.Comparable[]) }
InferredTransfer{ <org.springframework.core.convert.support.GenericConversionService: org.springframework.core.convert.converter.GenericConverter getConverter(org.springframework.core.convert.TypeDescriptor,org.springframework.core.convert.TypeDescriptor)>: base -> result(org.springframework.core.convert.support.ArrayToStringConverter) }
InferredTransfer{ <org.springframework.core.convert.support.StreamConverter: java.lang.Object convertFromStream(java.util.stream.Stream,org.springframework.core.convert.TypeDescriptor,org.springframework.core.convert.TypeDescriptor)>: 2 -> result(java.math.BigInteger) }
InferredTransfer{ <org.springframework.core.convert.support.MapToMapConverter: java.lang.Object convertValue(java.lang.Object,org.springframework.core.convert.TypeDescriptor,org.springframework.core.convert.TypeDescriptor)>: 2 -> result(org.springframework.core.convert.support.StringToEnumConverterFactory[]) }
InferredTransfer{ <java.lang.Class: java.lang.String getSimpleName()>: base -> result(java.lang.String) }
InferredTransfer{ <org.springframework.core.convert.support.MapToMapConverter: java.lang.Object convertValue(java.lang.Object,org.springframework.core.convert.TypeDescriptor,org.springframework.core.convert.TypeDescriptor)>: 1 -> result(org.springframework.core.convert.support.StringToEnumConverterFactory[]) }
InferredTransfer{ <org.springframework.core.convert.support.ObjectToArrayConverter: java.lang.Object convert(java.lang.Object,org.springframework.core.convert.TypeDescriptor,org.springframework.core.convert.TypeDescriptor)>: 0 -> result(java.lang.Enum[]) }
InferredTransfer{ <org.springframework.core.convert.support.GenericConversionService: java.lang.Object convert(java.lang.Object,org.springframework.core.convert.TypeDescriptor,org.springframework.core.convert.TypeDescriptor)>: 0 -> result(boolean[][]) }
InferredTransfer{ <org.springframework.core.convert.support.ByteBufferConverter: java.lang.Object convertFromByteBuffer(java.nio.ByteBuffer,org.springframework.core.convert.TypeDescriptor)>: base -> result(java.util.Currency) }
InferredTransfer{ <org.springframework.core.convert.support.MapToMapConverter: java.lang.Object convertValue(java.lang.Object,org.springframework.core.convert.TypeDescriptor,org.springframework.core.convert.TypeDescriptor)>: 2 -> result(java.util.HashSet[]) }
InferredTransfer{ <org.springframework.core.convert.support.GenericConversionService: java.lang.Object convert(java.lang.Object,org.springframework.core.convert.TypeDescriptor,org.springframework.core.convert.TypeDescriptor)>: 2 -> result(java.math.BigInteger[]) }
InferredTransfer{ <org.springframework.core.convert.support.MapToMapConverter: java.lang.Object convertValue(java.lang.Object,org.springframework.core.convert.TypeDescriptor,org.springframework.core.convert.TypeDescriptor)>: base -> result(org.springframework.core.convert.support.StringToEnumConverterFactory[]) }
InferredTransfer{ <org.springframework.core.convert.support.GenericConversionService: java.lang.Object convert(java.lang.Object,org.springframework.core.convert.TypeDescriptor,org.springframework.core.convert.TypeDescriptor)>: 0 -> result(java.util.stream.Stream[]) }
InferredTransfer{ <org.springframework.core.convert.support.MapToMapConverter: java.lang.Object convertValue(java.lang.Object,org.springframework.core.convert.TypeDescriptor,org.springframework.core.convert.TypeDescriptor)>: 1 -> result(java.util.HashSet[]) }
InferredTransfer{ <org.springframework.core.convert.support.StringToArrayConverter: java.lang.Object convert(java.lang.Object,org.springframework.core.convert.TypeDescriptor,org.springframework.core.convert.TypeDescriptor)>: 2 -> result(org.springframework.core.convert.support.StringToCurrencyConverter[]) }
InferredTransfer{ <org.springframework.core.convert.support.ByteBufferConverter: java.lang.Object convert(java.lang.Object,org.springframework.core.convert.TypeDescriptor,org.springframework.core.convert.TypeDescriptor)>: 2 -> result(java.util.Locale) }
InferredTransfer{ <org.springframework.core.convert.support.StringToArrayConverter: java.lang.Object convert(java.lang.Object,org.springframework.core.convert.TypeDescriptor,org.springframework.core.convert.TypeDescriptor)>: 1 -> result(org.springframework.core.convert.support.StringToCurrencyConverter[]) }
InferredTransfer{ <org.springframework.core.convert.support.GenericConversionService: java.lang.Object convert(java.lang.Object,org.springframework.core.convert.TypeDescriptor,org.springframework.core.convert.TypeDescriptor)>: 0 -> result(java.math.BigInteger[]) }
InferredTransfer{ <org.springframework.core.convert.support.ByteBufferConverter: java.lang.Object convert(java.lang.Object,org.springframework.core.convert.TypeDescriptor,org.springframework.core.convert.TypeDescriptor)>: 1 -> result(java.util.Locale) }
InferredTransfer{ <java.lang.Class: java.lang.reflect.Type getGenericSuperclass()>: base -> result(sun.reflect.generics.reflectiveObjects.WildcardTypeImpl) }
InferredTransfer{ <org.springframework.core.convert.support.StringToArrayConverter: java.lang.Object convert(java.lang.Object,org.springframework.core.convert.TypeDescriptor,org.springframework.core.convert.TypeDescriptor)>: 0 -> result(org.springframework.core.convert.support.StringToCurrencyConverter[]) }
InferredTransfer{ <org.springframework.core.convert.support.GenericConversionService: java.lang.Object convert(java.lang.Object,org.springframework.core.convert.TypeDescriptor,org.springframework.core.convert.TypeDescriptor)>: base -> result(java.math.BigInteger[]) }
InferredTransfer{ <org.springframework.core.convert.support.ByteBufferConverter: java.lang.Object convert(java.lang.Object,org.springframework.core.convert.TypeDescriptor,org.springframework.core.convert.TypeDescriptor)>: 0 -> result(java.util.Locale) }
InferredTransfer{ <org.springframework.core.convert.support.GenericConversionService: java.lang.Object convert(java.lang.Object,org.springframework.core.convert.TypeDescriptor,org.springframework.core.convert.TypeDescriptor)>: 0 -> result(java.lang.Error[]) }
InferredTransfer{ <org.springframework.core.convert.support.StringToArrayConverter: java.lang.Object convert(java.lang.Object,org.springframework.core.convert.TypeDescriptor,org.springframework.core.convert.TypeDescriptor)>: base -> result(org.springframework.core.convert.support.StringToCurrencyConverter[]) }
InferredTransfer{ <org.springframework.core.convert.TypeDescriptor: org.springframework.core.convert.TypeDescriptor narrow(java.lang.Object)>: 0 -> base(org.springframework.core.convert.support.ObjectToOptionalConverter$GenericTypeDescriptor) }
InferredTransfer{ <org.springframework.core.convert.support.StreamConverter: java.lang.Object convertFromStream(java.util.stream.Stream,org.springframework.core.convert.TypeDescriptor,org.springframework.core.convert.TypeDescriptor)>: 2 -> result(java.util.TreeSet[]) }
InferredTransfer{ <org.springframework.core.convert.support.ByteBufferConverter: java.lang.Object convertFromByteBuffer(java.nio.ByteBuffer,org.springframework.core.convert.TypeDescriptor)>: 1 -> result(java.util.GregorianCalendar) }
InferredTransfer{ <org.springframework.core.convert.support.ByteBufferConverter: java.lang.Object convert(java.lang.Object,org.springframework.core.convert.TypeDescriptor,org.springframework.core.convert.TypeDescriptor)>: base -> result(java.util.Locale) }
InferredTransfer{ <org.springframework.core.convert.support.StreamConverter: java.lang.Object convertFromStream(java.util.stream.Stream,org.springframework.core.convert.TypeDescriptor,org.springframework.core.convert.TypeDescriptor)>: 1 -> result(java.util.TreeSet[]) }
InferredTransfer{ <org.springframework.core.convert.support.MapToMapConverter: java.lang.Object convertKey(java.lang.Object,org.springframework.core.convert.TypeDescriptor,org.springframework.core.convert.TypeDescriptor)>: 2 -> result(java.util.LinkedHashMap[]) }
InferredTransfer{ <org.springframework.core.convert.support.ByteBufferConverter: java.lang.Object convertFromByteBuffer(java.nio.ByteBuffer,org.springframework.core.convert.TypeDescriptor)>: base -> result(java.util.GregorianCalendar) }
InferredTransfer{ <org.springframework.mock.web.MockHttpServletRequest: java.lang.String getRequestURI()>: base -> result(java.lang.String) }
InferredTransfer{ <org.springframework.core.convert.support.StreamConverter: java.lang.Object convertFromStream(java.util.stream.Stream,org.springframework.core.convert.TypeDescriptor,org.springframework.core.convert.TypeDescriptor)>: base -> result(java.util.TreeSet[]) }
InferredTransfer{ <org.springframework.core.convert.support.MapToMapConverter: java.lang.Object convertKey(java.lang.Object,org.springframework.core.convert.TypeDescriptor,org.springframework.core.convert.TypeDescriptor)>: 1 -> result(java.util.LinkedHashMap[]) }
InferredTransfer{ <org.springframework.core.convert.support.ArrayToObjectConverter: java.lang.Object convert(java.lang.Object,org.springframework.core.convert.TypeDescriptor,org.springframework.core.convert.TypeDescriptor)>: 2 -> result(org.springframework.core.convert.support.ZoneIdToTimeZoneConverter[]) }
InferredTransfer{ <org.springframework.core.convert.support.StringToArrayConverter: java.lang.Object convert(java.lang.Object,org.springframework.core.convert.TypeDescriptor,org.springframework.core.convert.TypeDescriptor)>: 0 -> result(java.lang.Short[]) }
InferredTransfer{ <org.springframework.core.convert.support.GenericConversionService: java.lang.Object convert(java.lang.Object,org.springframework.core.convert.TypeDescriptor,org.springframework.core.convert.TypeDescriptor)>: 2 -> result(java.util.HashMap[]) }
InferredTransfer{ <org.springframework.core.convert.support.MapToMapConverter: java.lang.Object convertValue(java.lang.Object,org.springframework.core.convert.TypeDescriptor,org.springframework.core.convert.TypeDescriptor)>: 2 -> result(org.springframework.core.convert.support.IntegerToEnumConverterFactory[]) }
InferredTransfer{ <org.springframework.core.convert.support.ArrayToObjectConverter: java.lang.Object convert(java.lang.Object,org.springframework.core.convert.TypeDescriptor,org.springframework.core.convert.TypeDescriptor)>: 1 -> result(org.springframework.core.convert.support.ZoneIdToTimeZoneConverter[]) }
InferredTransfer{ <org.springframework.core.convert.support.GenericConversionService: java.lang.Object convert(java.lang.Object,org.springframework.core.convert.TypeDescriptor,org.springframework.core.convert.TypeDescriptor)>: 1 -> result(java.util.HashMap[]) }
InferredTransfer{ <org.springframework.core.convert.support.MapToMapConverter: java.lang.Object convertValue(java.lang.Object,org.springframework.core.convert.TypeDescriptor,org.springframework.core.convert.TypeDescriptor)>: 2 -> result(java.util.stream.ReferencePipeline$Head) }
InferredTransfer{ <org.springframework.core.convert.support.MapToMapConverter: java.lang.Object convertValue(java.lang.Object,org.springframework.core.convert.TypeDescriptor,org.springframework.core.convert.TypeDescriptor)>: 1 -> result(org.springframework.core.convert.support.IntegerToEnumConverterFactory[]) }
InferredTransfer{ <org.springframework.core.convert.support.ArrayToObjectConverter: java.lang.Object convert(java.lang.Object,org.springframework.core.convert.TypeDescriptor,org.springframework.core.convert.TypeDescriptor)>: 0 -> result(org.springframework.core.convert.support.ZoneIdToTimeZoneConverter[]) }
InferredTransfer{ <org.springframework.core.convert.support.StreamConverter: java.lang.Object convertFromStream(java.util.stream.Stream,org.springframework.core.convert.TypeDescriptor,org.springframework.core.convert.TypeDescriptor)>: 2 -> result(java.util.SortedSet[]) }
InferredTransfer{ <org.springframework.core.convert.support.ObjectToStringConverter: java.lang.String convert(java.lang.Object)>: 0 -> result(java.lang.String) }
InferredTransfer{ <org.springframework.core.convert.support.GenericConversionService: java.lang.Object convert(java.lang.Object,org.springframework.core.convert.TypeDescriptor,org.springframework.core.convert.TypeDescriptor)>: 0 -> result(java.util.HashMap[]) }
InferredTransfer{ <org.springframework.core.convert.support.MapToMapConverter: java.lang.Object convertValue(java.lang.Object,org.springframework.core.convert.TypeDescriptor,org.springframework.core.convert.TypeDescriptor)>: 1 -> result(java.util.stream.ReferencePipeline$Head) }
InferredTransfer{ <org.springframework.core.convert.support.StreamConverter: java.lang.Object convertFromStream(java.util.stream.Stream,org.springframework.core.convert.TypeDescriptor,org.springframework.core.convert.TypeDescriptor)>: 2 -> result(org.springframework.core.convert.support.NumberToCharacterConverter[]) }
InferredTransfer{ <org.springframework.core.convert.support.StreamConverter: java.lang.Object convert(java.lang.Object,org.springframework.core.convert.TypeDescriptor,org.springframework.core.convert.TypeDescriptor)>: 0 -> result(java.lang.String[]) }
InferredTransfer{ <org.springframework.core.convert.support.ArrayToObjectConverter: java.lang.Object convert(java.lang.Object,org.springframework.core.convert.TypeDescriptor,org.springframework.core.convert.TypeDescriptor)>: base -> result(org.springframework.core.convert.support.ZoneIdToTimeZoneConverter[]) }
InferredTransfer{ <org.springframework.core.convert.support.StreamConverter: java.lang.Object convertFromStream(java.util.stream.Stream,org.springframework.core.convert.TypeDescriptor,org.springframework.core.convert.TypeDescriptor)>: 1 -> result(org.springframework.core.convert.support.NumberToCharacterConverter[]) }
InferredTransfer{ <org.springframework.core.convert.support.GenericConversionService: java.lang.Object convert(java.lang.Object,org.springframework.core.convert.TypeDescriptor,org.springframework.core.convert.TypeDescriptor)>: base -> result(java.util.HashMap[]) }
InferredTransfer{ <org.springframework.core.convert.support.ObjectToStringConverter: java.lang.String convert(java.lang.Object)>: base -> result(java.lang.String) }
InferredTransfer{ <org.springframework.core.convert.support.MapToMapConverter: java.lang.Object convertValue(java.lang.Object,org.springframework.core.convert.TypeDescriptor,org.springframework.core.convert.TypeDescriptor)>: base -> result(org.springframework.core.convert.support.IntegerToEnumConverterFactory[]) }
InferredTransfer{ <org.springframework.core.convert.support.ByteBufferConverter: java.lang.Object convert(java.lang.Object,org.springframework.core.convert.TypeDescriptor,org.springframework.core.convert.TypeDescriptor)>: 0 -> result(java.lang.Long[]) }
InferredTransfer{ <org.springframework.core.convert.support.MapToMapConverter: java.lang.Object convertValue(java.lang.Object,org.springframework.core.convert.TypeDescriptor,org.springframework.core.convert.TypeDescriptor)>: base -> result(java.util.stream.ReferencePipeline$Head) }
InferredTransfer{ <org.springframework.core.convert.support.GenericConversionService: java.lang.Object convert(java.lang.Object,org.springframework.core.convert.TypeDescriptor,org.springframework.core.convert.TypeDescriptor)>: 2 -> result(org.springframework.core.convert.support.StringToCharacterConverter[]) }
InferredTransfer{ <org.springframework.core.convert.support.StreamConverter: java.lang.Object convertFromStream(java.util.stream.Stream,org.springframework.core.convert.TypeDescriptor,org.springframework.core.convert.TypeDescriptor)>: base -> result(org.springframework.core.convert.support.NumberToCharacterConverter[]) }
InferredTransfer{ <org.springframework.core.convert.support.GenericConversionService: java.lang.Object convert(java.lang.Object,org.springframework.core.convert.TypeDescriptor,org.springframework.core.convert.TypeDescriptor)>: 1 -> result(org.springframework.core.convert.support.StringToCharacterConverter[]) }
InferredTransfer{ <org.springframework.core.convert.support.MapToMapConverter: java.lang.Object convertValue(java.lang.Object,org.springframework.core.convert.TypeDescriptor,org.springframework.core.convert.TypeDescriptor)>: 2 -> result(java.nio.HeapByteBuffer) }
InferredTransfer{ <org.springframework.core.convert.support.ConversionUtils: java.lang.Object invokeConverter(org.springframework.core.convert.converter.GenericConverter,java.lang.Object,org.springframework.core.convert.TypeDescriptor,org.springframework.core.convert.TypeDescriptor)>: 1 -> result(java.lang.Byte) }
InferredTransfer{ <org.springframework.core.convert.support.GenericConversionService: java.lang.Object convert(java.lang.Object,org.springframework.core.convert.TypeDescriptor,org.springframework.core.convert.TypeDescriptor)>: 0 -> result(char[][]) }
InferredTransfer{ <org.springframework.core.convert.support.ArrayToObjectConverter: java.lang.Object convert(java.lang.Object,org.springframework.core.convert.TypeDescriptor,org.springframework.core.convert.TypeDescriptor)>: 0 -> result(java.lang.RuntimeException[]) }
InferredTransfer{ <org.springframework.core.convert.support.GenericConversionService: java.lang.Object convert(java.lang.Object,org.springframework.core.convert.TypeDescriptor,org.springframework.core.convert.TypeDescriptor)>: 0 -> result(org.springframework.core.convert.support.StringToCharacterConverter[]) }
InferredTransfer{ <org.springframework.core.convert.support.ConversionUtils: java.lang.Object invokeConverter(org.springframework.core.convert.converter.GenericConverter,java.lang.Object,org.springframework.core.convert.TypeDescriptor,org.springframework.core.convert.TypeDescriptor)>: 0 -> result(java.lang.Byte) }
InferredTransfer{ <org.springframework.core.convert.support.MapToMapConverter: java.lang.Object convertValue(java.lang.Object,org.springframework.core.convert.TypeDescriptor,org.springframework.core.convert.TypeDescriptor)>: 1 -> result(java.nio.HeapByteBuffer) }
InferredTransfer{ <org.springframework.core.convert.support.StreamConverter: java.lang.Object convert(java.lang.Object,org.springframework.core.convert.TypeDescriptor,org.springframework.core.convert.TypeDescriptor)>: 2 -> result(sun.nio.cs.US_ASCII) }
InferredTransfer{ <org.springframework.core.convert.support.StreamConverter: java.lang.Object convert(java.lang.Object,org.springframework.core.convert.TypeDescriptor,org.springframework.core.convert.TypeDescriptor)>: 2 -> result(java.util.LinkedList[]) }
InferredTransfer{ <org.springframework.core.convert.support.GenericConversionService: java.lang.Object convert(java.lang.Object,org.springframework.core.convert.TypeDescriptor,org.springframework.core.convert.TypeDescriptor)>: base -> result(org.springframework.core.convert.support.StringToCharacterConverter[]) }
InferredTransfer{ <org.springframework.core.convert.support.MapToMapConverter: java.lang.Object convertValue(java.lang.Object,org.springframework.core.convert.TypeDescriptor,org.springframework.core.convert.TypeDescriptor)>: 2 -> result(java.lang.Character) }
InferredTransfer{ <org.springframework.core.convert.support.GenericConversionService: java.lang.Object convert(java.lang.Object,org.springframework.core.convert.TypeDescriptor,org.springframework.core.convert.TypeDescriptor)>: 2 -> result(java.util.NavigableMap[]) }
InferredTransfer{ <org.springframework.core.convert.support.StreamConverter: java.lang.Object convert(java.lang.Object,org.springframework.core.convert.TypeDescriptor,org.springframework.core.convert.TypeDescriptor)>: 1 -> result(sun.nio.cs.US_ASCII) }
InferredTransfer{ <org.springframework.core.convert.support.MapToMapConverter: java.lang.Object convertValue(java.lang.Object,org.springframework.core.convert.TypeDescriptor,org.springframework.core.convert.TypeDescriptor)>: base -> result(java.nio.HeapByteBuffer) }
InferredTransfer{ <org.springframework.core.convert.support.CollectionToObjectConverter: java.lang.Object convert(java.lang.Object,org.springframework.core.convert.TypeDescriptor,org.springframework.core.convert.TypeDescriptor)>: 2 -> result(java.util.LinkedHashMap[]) }
InferredTransfer{ <org.springframework.core.convert.support.StreamConverter: java.lang.Object convert(java.lang.Object,org.springframework.core.convert.TypeDescriptor,org.springframework.core.convert.TypeDescriptor)>: 0 -> result(sun.nio.cs.US_ASCII) }
InferredTransfer{ <org.springframework.core.convert.support.MapToMapConverter: java.lang.Object convertValue(java.lang.Object,org.springframework.core.convert.TypeDescriptor,org.springframework.core.convert.TypeDescriptor)>: 1 -> result(java.lang.Character) }
InferredTransfer{ <org.springframework.core.convert.support.StreamConverter: java.lang.Object convert(java.lang.Object,org.springframework.core.convert.TypeDescriptor,org.springframework.core.convert.TypeDescriptor)>: 2 -> result(org.springframework.core.convert.support.StringToBooleanConverter[]) }
InferredTransfer{ <org.springframework.core.convert.support.StreamConverter: java.lang.Object convert(java.lang.Object,org.springframework.core.convert.TypeDescriptor,org.springframework.core.convert.TypeDescriptor)>: 0 -> result(java.util.LinkedList[]) }
InferredTransfer{ <org.springframework.core.convert.support.CollectionToObjectConverter: java.lang.Object convert(java.lang.Object,org.springframework.core.convert.TypeDescriptor,org.springframework.core.convert.TypeDescriptor)>: 1 -> result(java.util.LinkedHashMap[]) }
InferredTransfer{ <org.springframework.core.convert.support.StreamConverter: java.lang.Object convert(java.lang.Object,org.springframework.core.convert.TypeDescriptor,org.springframework.core.convert.TypeDescriptor)>: base -> result(sun.nio.cs.US_ASCII) }
InferredTransfer{ <org.springframework.core.convert.support.StreamConverter: java.lang.Object convert(java.lang.Object,org.springframework.core.convert.TypeDescriptor,org.springframework.core.convert.TypeDescriptor)>: 1 -> result(org.springframework.core.convert.support.StringToBooleanConverter[]) }
InferredTransfer{ <org.springframework.core.convert.support.StreamConverter: java.lang.Object convert(java.lang.Object,org.springframework.core.convert.TypeDescriptor,org.springframework.core.convert.TypeDescriptor)>: base -> result(java.util.LinkedList[]) }
InferredTransfer{ <org.springframework.core.convert.support.GenericConversionService: java.lang.Object convert(java.lang.Object,org.springframework.core.convert.TypeDescriptor,org.springframework.core.convert.TypeDescriptor)>: 0 -> result(java.lang.Byte[]) }
InferredTransfer{ <org.springframework.core.convert.support.GenericConversionService: java.lang.Object convert(java.lang.Object,org.springframework.core.convert.TypeDescriptor,org.springframework.core.convert.TypeDescriptor)>: 0 -> result(java.util.NavigableMap[]) }
InferredTransfer{ <org.springframework.core.convert.support.GenericConversionService: java.lang.Object convert(java.lang.Object,org.springframework.core.convert.TypeDescriptor,org.springframework.core.convert.TypeDescriptor)>: 0 -> result(java.lang.System[]) }
InferredTransfer{ <org.springframework.core.convert.support.CollectionToObjectConverter: java.lang.Object convert(java.lang.Object,org.springframework.core.convert.TypeDescriptor,org.springframework.core.convert.TypeDescriptor)>: 0 -> result(java.util.LinkedHashMap[]) }
InferredTransfer{ <org.springframework.core.convert.support.MapToMapConverter: java.lang.Object convertValue(java.lang.Object,org.springframework.core.convert.TypeDescriptor,org.springframework.core.convert.TypeDescriptor)>: base -> result(java.lang.Character) }
InferredTransfer{ <org.springframework.core.convert.support.GenericConversionService: java.lang.Object convert(java.lang.Object,org.springframework.core.convert.TypeDescriptor,org.springframework.core.convert.TypeDescriptor)>: base -> result(java.util.NavigableMap[]) }
InferredTransfer{ <org.springframework.core.convert.support.StreamConverter: java.lang.Object convert(java.lang.Object,org.springframework.core.convert.TypeDescriptor,org.springframework.core.convert.TypeDescriptor)>: 0 -> result(org.springframework.core.convert.support.StringToBooleanConverter[]) }
InferredTransfer{ <org.springframework.core.convert.support.ArrayToArrayConverter: java.lang.Object convert(java.lang.Object,org.springframework.core.convert.TypeDescriptor,org.springframework.core.convert.TypeDescriptor)>: 0 -> result(java.lang.Cloneable[]) }
InferredTransfer{ <org.springframework.core.convert.support.CollectionToArrayConverter: java.lang.Object convert(java.lang.Object,org.springframework.core.convert.TypeDescriptor,org.springframework.core.convert.TypeDescriptor)>: 0 -> result(java.lang.Cloneable[]) }
InferredTransfer{ <org.springframework.core.convert.support.CollectionToObjectConverter: java.lang.Object convert(java.lang.Object,org.springframework.core.convert.TypeDescriptor,org.springframework.core.convert.TypeDescriptor)>: base -> result(java.util.LinkedHashMap[]) }
InferredTransfer{ <org.springframework.core.convert.support.StreamConverter: java.lang.Object convert(java.lang.Object,org.springframework.core.convert.TypeDescriptor,org.springframework.core.convert.TypeDescriptor)>: base -> result(org.springframework.core.convert.support.StringToBooleanConverter[]) }
InferredTransfer{ <org.springframework.core.convert.support.ByteBufferConverter: java.lang.Object convert(java.lang.Object,org.springframework.core.convert.TypeDescriptor,org.springframework.core.convert.TypeDescriptor)>: 2 -> result(org.springframework.core.convert.support.StringToEnumConverterFactory[]) }
InferredTransfer{ <org.springframework.web.util.UrlPathHelper: java.lang.String determineEncoding(javax.servlet.http.HttpServletRequest)>: 0 -> base(org.springframework.web.util.UrlPathHelper) }
InferredTransfer{ <org.springframework.core.ResolvableType: void <init>(java.lang.reflect.Type,org.springframework.core.SerializableTypeWrapper$TypeProvider,org.springframework.core.ResolvableType$VariableResolver,org.springframework.core.ResolvableType)>: 2 -> base(org.springframework.core.ResolvableType) }
InferredTransfer{ <org.springframework.core.convert.support.CollectionToObjectConverter: java.lang.Object convert(java.lang.Object,org.springframework.core.convert.TypeDescriptor,org.springframework.core.convert.TypeDescriptor)>: 2 -> result(java.math.BigInteger) }
InferredTransfer{ <org.springframework.core.convert.support.ConversionUtils: java.lang.Object invokeConverter(org.springframework.core.convert.converter.GenericConverter,java.lang.Object,org.springframework.core.convert.TypeDescriptor,org.springframework.core.convert.TypeDescriptor)>: 3 -> result(org.springframework.core.convert.support.StringToNumberConverterFactory[]) }
InferredTransfer{ <org.springframework.core.convert.support.MapToMapConverter: java.lang.Object convertKey(java.lang.Object,org.springframework.core.convert.TypeDescriptor,org.springframework.core.convert.TypeDescriptor)>: 2 -> base(org.springframework.core.convert.support.MapToMapConverter) }
InferredTransfer{ <org.springframework.core.convert.support.ByteBufferConverter: java.lang.Object convert(java.lang.Object,org.springframework.core.convert.TypeDescriptor,org.springframework.core.convert.TypeDescriptor)>: 1 -> result(org.springframework.core.convert.support.StringToEnumConverterFactory[]) }
InferredTransfer{ <org.springframework.core.convert.support.MapToMapConverter: java.lang.Object convertKey(java.lang.Object,org.springframework.core.convert.TypeDescriptor,org.springframework.core.convert.TypeDescriptor)>: 2 -> result(java.lang.Short) }
InferredTransfer{ <org.springframework.core.convert.support.ConversionUtils: java.lang.Object invokeConverter(org.springframework.core.convert.converter.GenericConverter,java.lang.Object,org.springframework.core.convert.TypeDescriptor,org.springframework.core.convert.TypeDescriptor)>: 2 -> result(org.springframework.core.convert.support.StringToNumberConverterFactory[]) }
InferredTransfer{ <org.springframework.core.convert.support.MapToMapConverter: java.lang.Object convertKey(java.lang.Object,org.springframework.core.convert.TypeDescriptor,org.springframework.core.convert.TypeDescriptor)>: 1 -> base(org.springframework.core.convert.support.MapToMapConverter) }
InferredTransfer{ <org.springframework.core.convert.support.ByteBufferConverter: java.lang.Object convert(java.lang.Object,org.springframework.core.convert.TypeDescriptor,org.springframework.core.convert.TypeDescriptor)>: 2 -> result(java.util.HashSet[]) }
InferredTransfer{ <org.springframework.core.ResolvableType: void <init>(java.lang.reflect.Type,org.springframework.core.SerializableTypeWrapper$TypeProvider,org.springframework.core.ResolvableType$VariableResolver,org.springframework.core.ResolvableType)>: 0 -> base(org.springframework.core.ResolvableType) }
InferredTransfer{ <org.springframework.core.convert.support.MapToMapConverter: java.lang.Object convertKey(java.lang.Object,org.springframework.core.convert.TypeDescriptor,org.springframework.core.convert.TypeDescriptor)>: 1 -> result(java.lang.Short) }
InferredTransfer{ <org.springframework.core.convert.support.ByteBufferConverter: java.lang.Object convert(java.lang.Object,org.springframework.core.convert.TypeDescriptor,org.springframework.core.convert.TypeDescriptor)>: 0 -> result(org.springframework.core.convert.support.StringToEnumConverterFactory[]) }
InferredTransfer{ <org.springframework.core.convert.support.ConversionUtils: java.lang.Object invokeConverter(org.springframework.core.convert.converter.GenericConverter,java.lang.Object,org.springframework.core.convert.TypeDescriptor,org.springframework.core.convert.TypeDescriptor)>: 1 -> result(org.springframework.core.convert.support.StringToNumberConverterFactory[]) }
InferredTransfer{ <org.springframework.core.convert.support.CollectionToObjectConverter: java.lang.Object convert(java.lang.Object,org.springframework.core.convert.TypeDescriptor,org.springframework.core.convert.TypeDescriptor)>: 0 -> result(java.math.BigInteger) }
InferredTransfer{ <org.springframework.core.convert.support.MapToMapConverter: java.lang.Object convertKey(java.lang.Object,org.springframework.core.convert.TypeDescriptor,org.springframework.core.convert.TypeDescriptor)>: 2 -> result(org.springframework.core.convert.support.NumberToCharacterConverter[]) }
InferredTransfer{ <org.springframework.core.convert.support.ByteBufferConverter: java.lang.Object convert(java.lang.Object,org.springframework.core.convert.TypeDescriptor,org.springframework.core.convert.TypeDescriptor)>: base -> result(org.springframework.core.convert.support.StringToEnumConverterFactory[]) }
InferredTransfer{ <org.springframework.core.convert.support.ByteBufferConverter: java.lang.Object convert(java.lang.Object,org.springframework.core.convert.TypeDescriptor,org.springframework.core.convert.TypeDescriptor)>: 1 -> result(java.util.HashSet[]) }
InferredTransfer{ <org.springframework.core.convert.support.ConversionUtils: java.lang.Object invokeConverter(org.springframework.core.convert.converter.GenericConverter,java.lang.Object,org.springframework.core.convert.TypeDescriptor,org.springframework.core.convert.TypeDescriptor)>: 0 -> result(org.springframework.core.convert.support.StringToNumberConverterFactory[]) }
InferredTransfer{ <org.springframework.core.convert.support.ConversionUtils: java.lang.Class getEnumType(java.lang.Class)>: 0 -> result(java.lang.Class) }
InferredTransfer{ <org.springframework.core.convert.support.CollectionToObjectConverter: java.lang.Object convert(java.lang.Object,org.springframework.core.convert.TypeDescriptor,org.springframework.core.convert.TypeDescriptor)>: base -> result(java.math.BigInteger) }
InferredTransfer{ <org.springframework.core.convert.support.MapToMapConverter: java.lang.Object convertKey(java.lang.Object,org.springframework.core.convert.TypeDescriptor,org.springframework.core.convert.TypeDescriptor)>: 1 -> result(org.springframework.core.convert.support.NumberToCharacterConverter[]) }
InferredTransfer{ <org.springframework.core.convert.support.ByteBufferConverter: java.lang.Object convert(java.lang.Object,org.springframework.core.convert.TypeDescriptor,org.springframework.core.convert.TypeDescriptor)>: 0 -> result(java.util.HashSet[]) }
InferredTransfer{ <org.springframework.core.convert.support.MapToMapConverter: java.lang.Object convertKey(java.lang.Object,org.springframework.core.convert.TypeDescriptor,org.springframework.core.convert.TypeDescriptor)>: base -> result(java.lang.Short) }
InferredTransfer{ <org.springframework.core.convert.support.ByteBufferConverter: java.lang.Object convert(java.lang.Object,org.springframework.core.convert.TypeDescriptor,org.springframework.core.convert.TypeDescriptor)>: base -> result(java.util.HashSet[]) }
InferredTransfer{ <org.springframework.core.convert.support.CollectionToArrayConverter: java.lang.Object convert(java.lang.Object,org.springframework.core.convert.TypeDescriptor,org.springframework.core.convert.TypeDescriptor)>: 0 -> result(java.util.Currency[]) }
InferredTransfer{ <org.springframework.core.convert.support.ArrayToArrayConverter: java.lang.Object convert(java.lang.Object,org.springframework.core.convert.TypeDescriptor,org.springframework.core.convert.TypeDescriptor)>: 0 -> result(java.util.Currency[]) }
InferredTransfer{ <org.springframework.core.convert.support.MapToMapConverter: java.lang.Object convertKey(java.lang.Object,org.springframework.core.convert.TypeDescriptor,org.springframework.core.convert.TypeDescriptor)>: base -> result(org.springframework.core.convert.support.NumberToCharacterConverter[]) }
InferredTransfer{ <org.springframework.core.env.SystemEnvironmentPropertySource: java.lang.Object getProperty(java.lang.String)>: 0 -> result(java.lang.String) }
InferredTransfer{ <org.springframework.core.env.SystemEnvironmentPropertySource: java.lang.Object getProperty(java.lang.String)>: base -> result(java.lang.String) }
InferredTransfer{ <org.springframework.core.convert.support.StringToArrayConverter: java.lang.Object convert(java.lang.Object,org.springframework.core.convert.TypeDescriptor,org.springframework.core.convert.TypeDescriptor)>: 2 -> result(org.springframework.core.convert.support.EnumToStringConverter[]) }
InferredTransfer{ <org.springframework.core.convert.support.ArrayToObjectConverter: java.lang.Object convert(java.lang.Object,org.springframework.core.convert.TypeDescriptor,org.springframework.core.convert.TypeDescriptor)>: 2 -> result(java.lang.Short) }
InferredTransfer{ <org.springframework.core.convert.support.GenericConversionService: java.lang.Object convert(java.lang.Object,org.springframework.core.convert.TypeDescriptor,org.springframework.core.convert.TypeDescriptor)>: 0 -> result(java.io.Serializable[]) }
InferredTransfer{ <org.springframework.core.convert.support.StringToArrayConverter: java.lang.Object convert(java.lang.Object,org.springframework.core.convert.TypeDescriptor,org.springframework.core.convert.TypeDescriptor)>: 1 -> result(org.springframework.core.convert.support.EnumToStringConverter[]) }
InferredTransfer{ <org.springframework.core.convert.support.ArrayToObjectConverter: java.lang.Object convert(java.lang.Object,org.springframework.core.convert.TypeDescriptor,org.springframework.core.convert.TypeDescriptor)>: 1 -> result(java.lang.Short) }
InferredTransfer{ <org.springframework.core.convert.support.StringToArrayConverter: java.lang.Object convert(java.lang.Object,org.springframework.core.convert.TypeDescriptor,org.springframework.core.convert.TypeDescriptor)>: 0 -> result(org.springframework.core.convert.support.EnumToStringConverter[]) }
InferredTransfer{ <org.springframework.core.convert.support.ArrayToObjectConverter: java.lang.Object convert(java.lang.Object,org.springframework.core.convert.TypeDescriptor,org.springframework.core.convert.TypeDescriptor)>: 0 -> result(java.lang.Short) }
InferredTransfer{ <org.springframework.core.convert.support.ConversionUtils: java.lang.Object invokeConverter(org.springframework.core.convert.converter.GenericConverter,java.lang.Object,org.springframework.core.convert.TypeDescriptor,org.springframework.core.convert.TypeDescriptor)>: 3 -> result(java.util.SortedMap[]) }
InferredTransfer{ <org.springframework.core.convert.support.MapToMapConverter: java.lang.Object convertValue(java.lang.Object,org.springframework.core.convert.TypeDescriptor,org.springframework.core.convert.TypeDescriptor)>: 2 -> result(sun.security.jca.ProviderConfig) }
InferredTransfer{ <org.springframework.core.convert.support.ByteBufferConverter: java.lang.Object convert(java.lang.Object,org.springframework.core.convert.TypeDescriptor,org.springframework.core.convert.TypeDescriptor)>: 2 -> result(org.springframework.core.convert.support.IntegerToEnumConverterFactory[]) }
InferredTransfer{ <org.springframework.core.convert.support.ByteBufferConverter: java.lang.Object convert(java.lang.Object,org.springframework.core.convert.TypeDescriptor,org.springframework.core.convert.TypeDescriptor)>: 2 -> result(java.util.NavigableSet[]) }
InferredTransfer{ <org.springframework.core.convert.support.StringToArrayConverter: java.lang.Object convert(java.lang.Object,org.springframework.core.convert.TypeDescriptor,org.springframework.core.convert.TypeDescriptor)>: base -> result(org.springframework.core.convert.support.EnumToStringConverter[]) }
InferredTransfer{ <org.springframework.core.convert.support.ArrayToObjectConverter: java.lang.Object convert(java.lang.Object,org.springframework.core.convert.TypeDescriptor,org.springframework.core.convert.TypeDescriptor)>: base -> result(java.lang.Short) }
InferredTransfer{ <org.springframework.web.util.UrlPathHelper: java.lang.String decodeRequestString(javax.servlet.http.HttpServletRequest,java.lang.String)>: 1 -> result(java.lang.String) }
InferredTransfer{ <org.springframework.core.convert.support.MapToMapConverter: java.lang.Object convertValue(java.lang.Object,org.springframework.core.convert.TypeDescriptor,org.springframework.core.convert.TypeDescriptor)>: 1 -> result(sun.security.jca.ProviderConfig) }
InferredTransfer{ <org.springframework.core.convert.support.GenericConversionService: org.springframework.core.convert.converter.GenericConverter getConverter(org.springframework.core.convert.TypeDescriptor,org.springframework.core.convert.TypeDescriptor)>: 1 -> result(org.springframework.core.convert.support.GenericConversionService$ConverterFactoryAdapter) }
InferredTransfer{ <org.springframework.core.convert.support.ByteBufferConverter: java.lang.Object convert(java.lang.Object,org.springframework.core.convert.TypeDescriptor,org.springframework.core.convert.TypeDescriptor)>: 2 -> result(java.util.stream.ReferencePipeline$Head) }
InferredTransfer{ <org.springframework.core.convert.support.CollectionToObjectConverter: java.lang.Object convert(java.lang.Object,org.springframework.core.convert.TypeDescriptor,org.springframework.core.convert.TypeDescriptor)>: 2 -> result(java.lang.Short) }
InferredTransfer{ <org.springframework.core.convert.support.ByteBufferConverter: java.lang.Object convert(java.lang.Object,org.springframework.core.convert.TypeDescriptor,org.springframework.core.convert.TypeDescriptor)>: 1 -> result(org.springframework.core.convert.support.IntegerToEnumConverterFactory[]) }
InferredTransfer{ <org.springframework.web.util.UrlPathHelper: java.lang.String decodeRequestString(javax.servlet.http.HttpServletRequest,java.lang.String)>: 0 -> result(java.lang.String) }
InferredTransfer{ <org.springframework.core.convert.support.ConversionUtils: java.lang.Object invokeConverter(org.springframework.core.convert.converter.GenericConverter,java.lang.Object,org.springframework.core.convert.TypeDescriptor,org.springframework.core.convert.TypeDescriptor)>: 1 -> result(java.util.SortedMap[]) }
InferredTransfer{ <org.springframework.core.convert.support.CollectionToObjectConverter: java.lang.Object convert(java.lang.Object,org.springframework.core.convert.TypeDescriptor,org.springframework.core.convert.TypeDescriptor)>: 1 -> result(java.lang.Short) }
InferredTransfer{ <org.springframework.core.convert.support.ByteBufferConverter: java.lang.Object convert(java.lang.Object,org.springframework.core.convert.TypeDescriptor,org.springframework.core.convert.TypeDescriptor)>: 0 -> result(org.springframework.core.convert.support.IntegerToEnumConverterFactory[]) }
InferredTransfer{ <org.springframework.core.convert.support.ByteBufferConverter: java.lang.Object convert(java.lang.Object,org.springframework.core.convert.TypeDescriptor,org.springframework.core.convert.TypeDescriptor)>: 0 -> result(java.util.NavigableSet[]) }
InferredTransfer{ <org.springframework.core.convert.support.GenericConversionService: org.springframework.core.convert.converter.GenericConverter getConverter(org.springframework.core.convert.TypeDescriptor,org.springframework.core.convert.TypeDescriptor)>: 0 -> result(org.springframework.core.convert.support.GenericConversionService$ConverterFactoryAdapter) }
InferredTransfer{ <org.springframework.core.convert.support.ByteBufferConverter: java.lang.Object convert(java.lang.Object,org.springframework.core.convert.TypeDescriptor,org.springframework.core.convert.TypeDescriptor)>: 1 -> result(java.util.stream.ReferencePipeline$Head) }
InferredTransfer{ <org.springframework.web.util.UrlPathHelper: java.lang.String decodeRequestString(javax.servlet.http.HttpServletRequest,java.lang.String)>: base -> result(java.lang.String) }
InferredTransfer{ <org.springframework.core.convert.support.ByteBufferConverter: java.lang.Object convert(java.lang.Object,org.springframework.core.convert.TypeDescriptor,org.springframework.core.convert.TypeDescriptor)>: base -> result(java.util.NavigableSet[]) }
InferredTransfer{ <org.springframework.core.convert.support.CollectionToObjectConverter: java.lang.Object convert(java.lang.Object,org.springframework.core.convert.TypeDescriptor,org.springframework.core.convert.TypeDescriptor)>: 2 -> result(java.util.SortedSet[]) }
InferredTransfer{ <org.springframework.core.convert.support.CollectionToObjectConverter: java.lang.Object convert(java.lang.Object,org.springframework.core.convert.TypeDescriptor,org.springframework.core.convert.TypeDescriptor)>: 2 -> result(org.springframework.core.convert.support.NumberToCharacterConverter[]) }
InferredTransfer{ <org.springframework.core.convert.support.ByteBufferConverter: java.lang.Object convert(java.lang.Object,org.springframework.core.convert.TypeDescriptor,org.springframework.core.convert.TypeDescriptor)>: base -> result(org.springframework.core.convert.support.IntegerToEnumConverterFactory[]) }
InferredTransfer{ <org.springframework.core.convert.support.ByteBufferConverter: java.lang.Object convert(java.lang.Object,org.springframework.core.convert.TypeDescriptor,org.springframework.core.convert.TypeDescriptor)>: 0 -> result(java.util.stream.ReferencePipeline$Head) }
InferredTransfer{ <org.springframework.core.convert.support.GenericConversionService: org.springframework.core.convert.converter.GenericConverter getConverter(org.springframework.core.convert.TypeDescriptor,org.springframework.core.convert.TypeDescriptor)>: base -> result(org.springframework.core.convert.support.GenericConversionService$ConverterFactoryAdapter) }
InferredTransfer{ <org.springframework.core.convert.support.MapToMapConverter: java.lang.Object convertValue(java.lang.Object,org.springframework.core.convert.TypeDescriptor,org.springframework.core.convert.TypeDescriptor)>: base -> result(sun.security.jca.ProviderConfig) }
InferredTransfer{ <org.springframework.core.convert.support.ConversionUtils: java.lang.Object invokeConverter(org.springframework.core.convert.converter.GenericConverter,java.lang.Object,org.springframework.core.convert.TypeDescriptor,org.springframework.core.convert.TypeDescriptor)>: 0 -> result(java.util.SortedMap[]) }
InferredTransfer{ <org.springframework.core.convert.support.CollectionToObjectConverter: java.lang.Object convert(java.lang.Object,org.springframework.core.convert.TypeDescriptor,org.springframework.core.convert.TypeDescriptor)>: base -> result(java.lang.Short) }
InferredTransfer{ <org.springframework.core.convert.support.StreamConverter: java.lang.Object convert(java.lang.Object,org.springframework.core.convert.TypeDescriptor,org.springframework.core.convert.TypeDescriptor)>: 0 -> result(java.util.Map[]) }
InferredTransfer{ <org.springframework.core.convert.support.ByteBufferConverter: java.lang.Object convert(java.lang.Object,org.springframework.core.convert.TypeDescriptor,org.springframework.core.convert.TypeDescriptor)>: base -> result(java.util.stream.ReferencePipeline$Head) }
InferredTransfer{ <java.lang.StringBuffer: java.lang.StringBuffer append(java.lang.String)>: 0 -> base(java.lang.StringBuffer) }
InferredTransfer{ <org.springframework.core.convert.support.CollectionToObjectConverter: java.lang.Object convert(java.lang.Object,org.springframework.core.convert.TypeDescriptor,org.springframework.core.convert.TypeDescriptor)>: 1 -> result(org.springframework.core.convert.support.NumberToCharacterConverter[]) }
InferredTransfer{ <org.springframework.core.convert.support.ConversionUtils: java.lang.Object invokeConverter(org.springframework.core.convert.converter.GenericConverter,java.lang.Object,org.springframework.core.convert.TypeDescriptor,org.springframework.core.convert.TypeDescriptor)>: 1 -> result(java.util.EnumSet[]) }
InferredTransfer{ <org.springframework.core.convert.support.CollectionToObjectConverter: java.lang.Object convert(java.lang.Object,org.springframework.core.convert.TypeDescriptor,org.springframework.core.convert.TypeDescriptor)>: 0 -> result(java.lang.Short) }
InferredTransfer{ <org.springframework.core.convert.support.CollectionToObjectConverter: java.lang.Object convert(java.lang.Object,org.springframework.core.convert.TypeDescriptor,org.springframework.core.convert.TypeDescriptor)>: 0 -> result(java.util.SortedSet[]) }
InferredTransfer{ <org.springframework.core.convert.support.CollectionToObjectConverter: java.lang.Object convert(java.lang.Object,org.springframework.core.convert.TypeDescriptor,org.springframework.core.convert.TypeDescriptor)>: 0 -> result(org.springframework.core.convert.support.NumberToCharacterConverter[]) }
InferredTransfer{ <org.springframework.core.convert.support.ByteBufferConverter: java.lang.Object convert(java.lang.Object,org.springframework.core.convert.TypeDescriptor,org.springframework.core.convert.TypeDescriptor)>: 2 -> result(java.nio.HeapByteBuffer) }
InferredTransfer{ <org.springframework.core.convert.support.CollectionToObjectConverter: java.lang.Object convert(java.lang.Object,org.springframework.core.convert.TypeDescriptor,org.springframework.core.convert.TypeDescriptor)>: base -> result(java.util.SortedSet[]) }
InferredTransfer{ <org.springframework.core.convert.support.CollectionToObjectConverter: java.lang.Object convert(java.lang.Object,org.springframework.core.convert.TypeDescriptor,org.springframework.core.convert.TypeDescriptor)>: base -> result(org.springframework.core.convert.support.NumberToCharacterConverter[]) }
InferredTransfer{ <org.springframework.core.convert.support.ByteBufferConverter: java.lang.Object convert(java.lang.Object,org.springframework.core.convert.TypeDescriptor,org.springframework.core.convert.TypeDescriptor)>: 0 -> result(java.lang.Float[]) }
InferredTransfer{ <org.springframework.core.convert.support.ByteBufferConverter: java.lang.Object convert(java.lang.Object,org.springframework.core.convert.TypeDescriptor,org.springframework.core.convert.TypeDescriptor)>: 1 -> result(java.nio.HeapByteBuffer) }
InferredTransfer{ <org.springframework.core.convert.support.CollectionToCollectionConverter: java.lang.Object convert(java.lang.Object,org.springframework.core.convert.TypeDescriptor,org.springframework.core.convert.TypeDescriptor)>: 2 -> result(sun.security.jca.ServiceId) }
InferredTransfer{ <org.springframework.core.convert.support.ByteBufferConverter: java.lang.Object convert(java.lang.Object,org.springframework.core.convert.TypeDescriptor,org.springframework.core.convert.TypeDescriptor)>: 0 -> result(java.nio.HeapByteBuffer) }
InferredTransfer{ <org.springframework.core.convert.support.ByteBufferConverter: java.lang.Object convert(java.lang.Object,org.springframework.core.convert.TypeDescriptor,org.springframework.core.convert.TypeDescriptor)>: 2 -> result(java.lang.Character) }
InferredTransfer{ <org.springframework.core.convert.support.CollectionToCollectionConverter: java.lang.Object convert(java.lang.Object,org.springframework.core.convert.TypeDescriptor,org.springframework.core.convert.TypeDescriptor)>: 1 -> result(sun.security.jca.ServiceId) }
InferredTransfer{ <org.springframework.core.convert.support.ByteBufferConverter: java.lang.Object convert(java.lang.Object,org.springframework.core.convert.TypeDescriptor,org.springframework.core.convert.TypeDescriptor)>: base -> result(java.nio.HeapByteBuffer) }
InferredTransfer{ <org.springframework.core.convert.support.ByteBufferConverter: java.lang.Object convert(java.lang.Object,org.springframework.core.convert.TypeDescriptor,org.springframework.core.convert.TypeDescriptor)>: 1 -> result(java.lang.Character) }
InferredTransfer{ <org.springframework.core.convert.support.EnumToIntegerConverter: java.lang.Object convert(java.lang.Object)>: 0 -> result(java.lang.Integer) }
InferredTransfer{ <org.springframework.core.convert.support.StreamConverter: java.lang.Object convert(java.lang.Object,org.springframework.core.convert.TypeDescriptor,org.springframework.core.convert.TypeDescriptor)>: 2 -> result(org.springframework.core.convert.support.PropertiesToStringConverter[]) }
InferredTransfer{ <org.springframework.core.convert.support.GenericConversionService: java.lang.Object convert(java.lang.Object,org.springframework.core.convert.TypeDescriptor,org.springframework.core.convert.TypeDescriptor)>: 0 -> result(java.util.Locale[]) }
InferredTransfer{ <org.springframework.core.convert.support.CollectionToCollectionConverter: java.lang.Object convert(java.lang.Object,org.springframework.core.convert.TypeDescriptor,org.springframework.core.convert.TypeDescriptor)>: 0 -> result(sun.security.jca.ServiceId) }
InferredTransfer{ <org.springframework.core.convert.support.ByteBufferConverter: java.lang.Object convert(java.lang.Object,org.springframework.core.convert.TypeDescriptor,org.springframework.core.convert.TypeDescriptor)>: 0 -> result(java.lang.Character) }
InferredTransfer{ <org.springframework.core.convert.support.StreamConverter: java.lang.Object convert(java.lang.Object,org.springframework.core.convert.TypeDescriptor,org.springframework.core.convert.TypeDescriptor)>: 1 -> result(org.springframework.core.convert.support.PropertiesToStringConverter[]) }
InferredTransfer{ <org.springframework.core.convert.support.EnumToIntegerConverter: java.lang.Object convert(java.lang.Object)>: base -> result(java.lang.Integer) }
InferredTransfer{ <org.springframework.core.convert.support.CollectionToCollectionConverter: java.lang.Object convert(java.lang.Object,org.springframework.core.convert.TypeDescriptor,org.springframework.core.convert.TypeDescriptor)>: base -> result(sun.security.jca.ServiceId) }
InferredTransfer{ <org.springframework.core.convert.support.ByteBufferConverter: java.lang.Object convert(java.lang.Object,org.springframework.core.convert.TypeDescriptor,org.springframework.core.convert.TypeDescriptor)>: base -> result(java.lang.Character) }
InferredTransfer{ <org.springframework.core.convert.support.StreamConverter: java.lang.Object convert(java.lang.Object,org.springframework.core.convert.TypeDescriptor,org.springframework.core.convert.TypeDescriptor)>: 0 -> result(org.springframework.core.convert.support.PropertiesToStringConverter[]) }
InferredTransfer{ <org.springframework.core.convert.support.GenericConversionService: java.lang.Object convertNullSource(org.springframework.core.convert.TypeDescriptor,org.springframework.core.convert.TypeDescriptor)>: 1 -> result(java.util.Optional) }
InferredTransfer{ <org.springframework.core.convert.support.StreamConverter: java.lang.Object convert(java.lang.Object,org.springframework.core.convert.TypeDescriptor,org.springframework.core.convert.TypeDescriptor)>: base -> result(org.springframework.core.convert.support.PropertiesToStringConverter[]) }
InferredTransfer{ <org.springframework.core.convert.support.GenericConversionService: java.lang.Object convert(java.lang.Object,org.springframework.core.convert.TypeDescriptor,org.springframework.core.convert.TypeDescriptor)>: 0 -> result(java.lang.Long[]) }
InferredTransfer{ <org.springframework.core.ResolvableType: java.lang.reflect.Type getType()>: base -> result(org.springframework.core.ResolvableType$SyntheticParameterizedType) }
InferredTransfer{ <org.springframework.core.convert.support.ArrayToObjectConverter: java.lang.Object convert(java.lang.Object,org.springframework.core.convert.TypeDescriptor,org.springframework.core.convert.TypeDescriptor)>: 0 -> result(java.lang.Integer[]) }
InferredTransfer{ <org.springframework.core.convert.support.MapToMapConverter: java.lang.Object convertKey(java.lang.Object,org.springframework.core.convert.TypeDescriptor,org.springframework.core.convert.TypeDescriptor)>: 2 -> result(org.springframework.core.convert.support.StringToLocaleConverter[]) }
InferredTransfer{ <org.springframework.core.convert.support.ByteBufferConverter: java.lang.Object convertFromByteBuffer(java.nio.ByteBuffer,org.springframework.core.convert.TypeDescriptor)>: base -> result(java.lang.Byte) }
InferredTransfer{ <org.springframework.core.convert.support.GenericConversionService: java.lang.Object convertNullSource(org.springframework.core.convert.TypeDescriptor,org.springframework.core.convert.TypeDescriptor)>: base -> result(java.util.Optional) }
InferredTransfer{ <org.springframework.core.convert.support.StreamConverter: java.lang.Object convertFromStream(java.util.stream.Stream,org.springframework.core.convert.TypeDescriptor,org.springframework.core.convert.TypeDescriptor)>: 2 -> result(sun.security.jca.ProviderConfig[]) }
InferredTransfer{ <org.springframework.core.convert.support.MapToMapConverter: java.lang.Object convertKey(java.lang.Object,org.springframework.core.convert.TypeDescriptor,org.springframework.core.convert.TypeDescriptor)>: 1 -> result(org.springframework.core.convert.support.StringToLocaleConverter[]) }
InferredTransfer{ <org.springframework.util.NumberUtils: java.lang.Number parseNumber(java.lang.String,java.lang.Class)>: 0 -> result(java.lang.Byte) }
InferredTransfer{ <org.springframework.core.convert.support.ConversionUtils: java.lang.Object invokeConverter(org.springframework.core.convert.converter.GenericConverter,java.lang.Object,org.springframework.core.convert.TypeDescriptor,org.springframework.core.convert.TypeDescriptor)>: 1 -> result(java.lang.Number[]) }
InferredTransfer{ <org.springframework.core.convert.support.StreamConverter: java.lang.Object convertFromStream(java.util.stream.Stream,org.springframework.core.convert.TypeDescriptor,org.springframework.core.convert.TypeDescriptor)>: 1 -> result(sun.security.jca.ProviderConfig[]) }
InferredTransfer{ <org.springframework.core.convert.support.StringToPropertiesConverter: java.lang.Object convert(java.lang.Object)>: 0 -> base(org.springframework.core.convert.support.StringToPropertiesConverter) }
InferredTransfer{ <org.springframework.core.convert.support.ByteBufferConverter: java.lang.Object convert(java.lang.Object,org.springframework.core.convert.TypeDescriptor,org.springframework.core.convert.TypeDescriptor)>: 0 -> result(java.lang.Enum[]) }
InferredTransfer{ <org.springframework.core.convert.support.ByteBufferConverter: java.lang.Object convert(java.lang.Object,org.springframework.core.convert.TypeDescriptor,org.springframework.core.convert.TypeDescriptor)>: 2 -> result(java.lang.Long) }
InferredTransfer{ <org.springframework.core.convert.support.StringToTimeZoneConverter: java.lang.Object convert(java.lang.Object)>: 0 -> result(sun.util.calendar.ZoneInfo) }
InferredTransfer{ <org.springframework.core.convert.support.MapToMapConverter: java.lang.Object convertKey(java.lang.Object,org.springframework.core.convert.TypeDescriptor,org.springframework.core.convert.TypeDescriptor)>: base -> result(org.springframework.core.convert.support.StringToLocaleConverter[]) }
InferredTransfer{ <org.springframework.core.convert.support.CollectionToObjectConverter: java.lang.Object convert(java.lang.Object,org.springframework.core.convert.TypeDescriptor,org.springframework.core.convert.TypeDescriptor)>: 0 -> result(java.lang.Integer[]) }
InferredTransfer{ <org.springframework.core.convert.support.StreamConverter: java.lang.Object convertFromStream(java.util.stream.Stream,org.springframework.core.convert.TypeDescriptor,org.springframework.core.convert.TypeDescriptor)>: base -> result(sun.security.jca.ProviderConfig[]) }
InferredTransfer{ <org.springframework.core.convert.support.StringToTimeZoneConverter: java.lang.Object convert(java.lang.Object)>: base -> result(sun.util.calendar.ZoneInfo) }
InferredTransfer{ <org.springframework.core.convert.support.ObjectToArrayConverter: java.lang.Object convert(java.lang.Object,org.springframework.core.convert.TypeDescriptor,org.springframework.core.convert.TypeDescriptor)>: 0 -> result(java.io.Externalizable[]) }
InferredTransfer{ <org.springframework.core.convert.support.ByteBufferConverter: java.lang.Object convert(java.lang.Object,org.springframework.core.convert.TypeDescriptor,org.springframework.core.convert.TypeDescriptor)>: 0 -> result(java.lang.Long) }
InferredTransfer{ <org.springframework.core.convert.support.ByteBufferConverter: java.lang.Object convert(java.lang.Object,org.springframework.core.convert.TypeDescriptor,org.springframework.core.convert.TypeDescriptor)>: base -> result(java.lang.Long) }
InferredTransfer{ <org.springframework.core.convert.support.ArrayToObjectConverter: java.lang.Object convert(java.lang.Object,org.springframework.core.convert.TypeDescriptor,org.springframework.core.convert.TypeDescriptor)>: 2 -> result(org.springframework.core.convert.support.StringToLocaleConverter[]) }
InferredTransfer{ <org.springframework.core.convert.support.CollectionToArrayConverter: java.lang.Object convert(java.lang.Object,org.springframework.core.convert.TypeDescriptor,org.springframework.core.convert.TypeDescriptor)>: 2 -> result(java.util.TreeMap[]) }
InferredTransfer{ <org.springframework.core.convert.support.StreamConverter: java.lang.Object convertFromStream(java.util.stream.Stream,org.springframework.core.convert.TypeDescriptor,org.springframework.core.convert.TypeDescriptor)>: 2 -> result(sun.nio.cs.US_ASCII) }
InferredTransfer{ <org.springframework.core.convert.support.StreamConverter: java.lang.Object convertFromStream(java.util.stream.Stream,org.springframework.core.convert.TypeDescriptor,org.springframework.core.convert.TypeDescriptor)>: 2 -> result(java.util.LinkedList[]) }
InferredTransfer{ <org.springframework.core.convert.support.ArrayToObjectConverter: java.lang.Object convert(java.lang.Object,org.springframework.core.convert.TypeDescriptor,org.springframework.core.convert.TypeDescriptor)>: 1 -> result(org.springframework.core.convert.support.StringToLocaleConverter[]) }
InferredTransfer{ <org.springframework.core.convert.support.CollectionToArrayConverter: java.lang.Object convert(java.lang.Object,org.springframework.core.convert.TypeDescriptor,org.springframework.core.convert.TypeDescriptor)>: 1 -> result(java.util.TreeMap[]) }
InferredTransfer{ <org.springframework.core.convert.support.StreamConverter: java.lang.Object convertFromStream(java.util.stream.Stream,org.springframework.core.convert.TypeDescriptor,org.springframework.core.convert.TypeDescriptor)>: 1 -> result(sun.nio.cs.US_ASCII) }
InferredTransfer{ <org.springframework.core.convert.support.StringToArrayConverter: java.lang.Object convert(java.lang.Object,org.springframework.core.convert.TypeDescriptor,org.springframework.core.convert.TypeDescriptor)>: 2 -> result(java.util.TreeSet[]) }
InferredTransfer{ <org.springframework.core.convert.support.ArrayToObjectConverter: java.lang.Object convert(java.lang.Object,org.springframework.core.convert.TypeDescriptor,org.springframework.core.convert.TypeDescriptor)>: 0 -> result(org.springframework.core.convert.support.StringToLocaleConverter[]) }
InferredTransfer{ <org.springframework.core.convert.support.CollectionToArrayConverter: java.lang.Object convert(java.lang.Object,org.springframework.core.convert.TypeDescriptor,org.springframework.core.convert.TypeDescriptor)>: 0 -> result(java.util.TreeMap[]) }
InferredTransfer{ <org.springframework.core.convert.support.StringToArrayConverter: java.lang.Object convert(java.lang.Object,org.springframework.core.convert.TypeDescriptor,org.springframework.core.convert.TypeDescriptor)>: 1 -> result(java.util.TreeSet[]) }
InferredTransfer{ <org.springframework.core.convert.support.CollectionToArrayConverter: java.lang.Object convert(java.lang.Object,org.springframework.core.convert.TypeDescriptor,org.springframework.core.convert.TypeDescriptor)>: 2 -> result(java.lang.AutoCloseable[]) }
InferredTransfer{ <org.springframework.core.convert.support.StreamConverter: java.lang.Object convert(java.lang.Object,org.springframework.core.convert.TypeDescriptor,org.springframework.core.convert.TypeDescriptor)>: 2 -> result(java.util.ArrayList[]) }
InferredTransfer{ <org.springframework.core.convert.support.CollectionToArrayConverter: java.lang.Object convert(java.lang.Object,org.springframework.core.convert.TypeDescriptor,org.springframework.core.convert.TypeDescriptor)>: base -> result(java.util.TreeMap[]) }
InferredTransfer{ <org.springframework.core.convert.support.CollectionToObjectConverter: java.lang.Object convert(java.lang.Object,org.springframework.core.convert.TypeDescriptor,org.springframework.core.convert.TypeDescriptor)>: 2 -> result(org.springframework.core.convert.support.StringToLocaleConverter[]) }
InferredTransfer{ <org.springframework.core.convert.support.GenericConversionService: java.lang.Object convert(java.lang.Object,org.springframework.core.convert.TypeDescriptor,org.springframework.core.convert.TypeDescriptor)>: 2 -> result(org.springframework.core.convert.support.StringToEnumConverterFactory[]) }
InferredTransfer{ <org.springframework.core.convert.support.StreamConverter: java.lang.Object convertFromStream(java.util.stream.Stream,org.springframework.core.convert.TypeDescriptor,org.springframework.core.convert.TypeDescriptor)>: base -> result(sun.nio.cs.US_ASCII) }
InferredTransfer{ <org.springframework.core.convert.support.ArrayToObjectConverter: java.lang.Object convert(java.lang.Object,org.springframework.core.convert.TypeDescriptor,org.springframework.core.convert.TypeDescriptor)>: base -> result(org.springframework.core.convert.support.StringToLocaleConverter[]) }
InferredTransfer{ <org.springframework.core.convert.support.StringToArrayConverter: java.lang.Object convert(java.lang.Object,org.springframework.core.convert.TypeDescriptor,org.springframework.core.convert.TypeDescriptor)>: 0 -> result(java.util.TreeSet[]) }
InferredTransfer{ <org.springframework.core.convert.support.GenericConversionService: java.lang.Object convert(java.lang.Object,org.springframework.core.convert.TypeDescriptor,org.springframework.core.convert.TypeDescriptor)>: 1 -> result(org.springframework.core.convert.support.StringToEnumConverterFactory[]) }
InferredTransfer{ <org.springframework.core.convert.support.StreamConverter: java.lang.Object convert(java.lang.Object,org.springframework.core.convert.TypeDescriptor,org.springframework.core.convert.TypeDescriptor)>: 1 -> result(java.util.ArrayList[]) }
InferredTransfer{ <org.springframework.core.convert.support.ObjectToStringConverter: java.lang.String convert(java.lang.Object)>: 0 -> base(org.springframework.core.convert.support.ObjectToStringConverter) }
InferredTransfer{ <org.springframework.core.convert.support.ByteBufferConverter: java.lang.Object convert(java.lang.Object,org.springframework.core.convert.TypeDescriptor,org.springframework.core.convert.TypeDescriptor)>: 1 -> result(sun.security.jca.ProviderConfig) }
InferredTransfer{ <org.springframework.core.convert.support.CollectionToObjectConverter: java.lang.Object convert(java.lang.Object,org.springframework.core.convert.TypeDescriptor,org.springframework.core.convert.TypeDescriptor)>: 1 -> result(org.springframework.core.convert.support.StringToLocaleConverter[]) }
InferredTransfer{ <org.springframework.core.convert.support.CollectionToArrayConverter: java.lang.Object convert(java.lang.Object,org.springframework.core.convert.TypeDescriptor,org.springframework.core.convert.TypeDescriptor)>: 0 -> result(java.lang.AutoCloseable[]) }
InferredTransfer{ <java.util.Locale: java.lang.String toString()>: base -> result(java.lang.String) }
InferredTransfer{ <org.springframework.core.convert.support.ConversionUtils: java.lang.Object invokeConverter(org.springframework.core.convert.converter.GenericConverter,java.lang.Object,org.springframework.core.convert.TypeDescriptor,org.springframework.core.convert.TypeDescriptor)>: 3 -> result(org.springframework.core.convert.support.ZoneIdToTimeZoneConverter[]) }
InferredTransfer{ <org.springframework.core.convert.support.StreamConverter: java.lang.Object convert(java.lang.Object,org.springframework.core.convert.TypeDescriptor,org.springframework.core.convert.TypeDescriptor)>: 0 -> result(java.util.ArrayList[]) }
InferredTransfer{ <org.springframework.core.convert.support.MapToMapConverter: java.lang.Object convertKey(java.lang.Object,org.springframework.core.convert.TypeDescriptor,org.springframework.core.convert.TypeDescriptor)>: 1 -> result(java.lang.Float) }
InferredTransfer{ <org.springframework.core.convert.support.ByteBufferConverter: java.lang.Object convert(java.lang.Object,org.springframework.core.convert.TypeDescriptor,org.springframework.core.convert.TypeDescriptor)>: 0 -> result(sun.security.jca.ProviderConfig) }
InferredTransfer{ <org.springframework.core.convert.support.ConversionUtils: java.lang.Object invokeConverter(org.springframework.core.convert.converter.GenericConverter,java.lang.Object,org.springframework.core.convert.TypeDescriptor,org.springframework.core.convert.TypeDescriptor)>: 1 -> result(java.util.Optional) }
InferredTransfer{ <org.springframework.core.convert.support.CollectionToArrayConverter: java.lang.Object convert(java.lang.Object,org.springframework.core.convert.TypeDescriptor,org.springframework.core.convert.TypeDescriptor)>: base -> result(java.lang.AutoCloseable[]) }
InferredTransfer{ <org.springframework.core.convert.support.StringToArrayConverter: java.lang.Object convert(java.lang.Object,org.springframework.core.convert.TypeDescriptor,org.springframework.core.convert.TypeDescriptor)>: base -> result(java.util.TreeSet[]) }
InferredTransfer{ <org.springframework.core.convert.support.StreamConverter: java.lang.Object convert(java.lang.Object,org.springframework.core.convert.TypeDescriptor,org.springframework.core.convert.TypeDescriptor)>: base -> result(java.util.ArrayList[]) }
InferredTransfer{ <org.springframework.core.convert.support.GenericConversionService: java.lang.Object convert(java.lang.Object,org.springframework.core.convert.TypeDescriptor,org.springframework.core.convert.TypeDescriptor)>: base -> result(org.springframework.core.convert.support.StringToEnumConverterFactory[]) }
InferredTransfer{ <org.springframework.core.convert.support.CollectionToObjectConverter: java.lang.Object convert(java.lang.Object,org.springframework.core.convert.TypeDescriptor,org.springframework.core.convert.TypeDescriptor)>: base -> result(org.springframework.core.convert.support.StringToLocaleConverter[]) }
InferredTransfer{ <java.lang.String: java.lang.String substring(int)>: base -> result(java.lang.String) }
InferredTransfer{ <org.springframework.core.convert.support.ByteBufferConverter: java.lang.Object convert(java.lang.Object,org.springframework.core.convert.TypeDescriptor,org.springframework.core.convert.TypeDescriptor)>: base -> result(sun.security.jca.ProviderConfig) }
InferredTransfer{ <org.springframework.core.convert.support.ConversionUtils: java.lang.Object invokeConverter(org.springframework.core.convert.converter.GenericConverter,java.lang.Object,org.springframework.core.convert.TypeDescriptor,org.springframework.core.convert.TypeDescriptor)>: 0 -> result(java.util.Optional) }
InferredTransfer{ <org.springframework.core.convert.support.MapToMapConverter: java.lang.Object convertKey(java.lang.Object,org.springframework.core.convert.TypeDescriptor,org.springframework.core.convert.TypeDescriptor)>: 2 -> result(java.lang.Float) }
InferredTransfer{ <org.springframework.core.convert.support.ConversionUtils: java.lang.Object invokeConverter(org.springframework.core.convert.converter.GenericConverter,java.lang.Object,org.springframework.core.convert.TypeDescriptor,org.springframework.core.convert.TypeDescriptor)>: 1 -> result(org.springframework.core.convert.support.ZoneIdToTimeZoneConverter[]) }
InferredTransfer{ <org.springframework.core.convert.support.StringToArrayConverter: java.lang.Object convert(java.lang.Object,org.springframework.core.convert.TypeDescriptor,org.springframework.core.convert.TypeDescriptor)>: 0 -> result(java.util.List[]) }
InferredTransfer{ <org.springframework.core.convert.support.MapToMapConverter: java.lang.Object convertKey(java.lang.Object,org.springframework.core.convert.TypeDescriptor,org.springframework.core.convert.TypeDescriptor)>: base -> result(java.lang.Float) }
InferredTransfer{ <org.springframework.core.convert.support.ConversionUtils: java.lang.Object invokeConverter(org.springframework.core.convert.converter.GenericConverter,java.lang.Object,org.springframework.core.convert.TypeDescriptor,org.springframework.core.convert.TypeDescriptor)>: 2 -> result(org.springframework.core.convert.support.ZoneIdToTimeZoneConverter[]) }
InferredTransfer{ <org.springframework.core.convert.support.ArrayToArrayConverter: java.lang.Object convert(java.lang.Object,org.springframework.core.convert.TypeDescriptor,org.springframework.core.convert.TypeDescriptor)>: 0 -> result(java.util.Collection[]) }
InferredTransfer{ <org.springframework.core.convert.support.CollectionToObjectConverter: java.lang.Object convert(java.lang.Object,org.springframework.core.convert.TypeDescriptor,org.springframework.core.convert.TypeDescriptor)>: 0 -> result(org.springframework.core.convert.support.StringToLocaleConverter[]) }
InferredTransfer{ <org.springframework.core.env.AbstractPropertyResolver: java.lang.String resolveRequiredPlaceholders(java.lang.String)>: 0 -> base(org.springframework.core.env.PropertySourcesPropertyResolver) }
InferredTransfer{ <org.springframework.core.convert.support.ConversionUtils: java.lang.Object invokeConverter(org.springframework.core.convert.converter.GenericConverter,java.lang.Object,org.springframework.core.convert.TypeDescriptor,org.springframework.core.convert.TypeDescriptor)>: 0 -> result(org.springframework.core.convert.support.ZoneIdToTimeZoneConverter[]) }
InferredTransfer{ <org.springframework.core.convert.support.ByteBufferConverter: java.lang.Object convert(java.lang.Object,org.springframework.core.convert.TypeDescriptor,org.springframework.core.convert.TypeDescriptor)>: 0 -> result(double[][]) }
InferredTransfer{ <org.springframework.core.convert.support.ByteBufferConverter: java.lang.Object convertFromByteBuffer(java.nio.ByteBuffer,org.springframework.core.convert.TypeDescriptor)>: 1 -> base(org.springframework.core.convert.support.ByteBufferConverter) }
InferredTransfer{ <org.springframework.core.convert.support.ByteBufferConverter: java.lang.Object convert(java.lang.Object,org.springframework.core.convert.TypeDescriptor,org.springframework.core.convert.TypeDescriptor)>: 2 -> result(sun.security.jca.ProviderConfig) }
InferredTransfer{ <org.springframework.core.convert.support.MapToMapConverter: java.lang.Object convertKey(java.lang.Object,org.springframework.core.convert.TypeDescriptor,org.springframework.core.convert.TypeDescriptor)>: 2 -> result(sun.security.jca.ProviderConfig[]) }
InferredTransfer{ <org.springframework.core.convert.support.ConversionUtils: java.lang.Object invokeConverter(org.springframework.core.convert.converter.GenericConverter,java.lang.Object,org.springframework.core.convert.TypeDescriptor,org.springframework.core.convert.TypeDescriptor)>: 3 -> result(java.util.Optional) }
InferredTransfer{ <org.springframework.core.convert.support.CollectionToArrayConverter: java.lang.Object convert(java.lang.Object,org.springframework.core.convert.TypeDescriptor,org.springframework.core.convert.TypeDescriptor)>: 1 -> result(java.lang.AutoCloseable[]) }
InferredTransfer{ <org.springframework.core.convert.support.GenericConversionService: java.lang.Object convert(java.lang.Object,org.springframework.core.convert.TypeDescriptor,org.springframework.core.convert.TypeDescriptor)>: 0 -> result(org.springframework.core.convert.support.StringToEnumConverterFactory[]) }
InferredTransfer{ <org.springframework.core.convert.support.MapToMapConverter: java.lang.Object convertKey(java.lang.Object,org.springframework.core.convert.TypeDescriptor,org.springframework.core.convert.TypeDescriptor)>: 1 -> result(sun.security.jca.ProviderConfig[]) }
InferredTransfer{ <org.springframework.core.convert.support.ArrayToObjectConverter: java.lang.Object convert(java.lang.Object,org.springframework.core.convert.TypeDescriptor,org.springframework.core.convert.TypeDescriptor)>: 0 -> result(short[][]) }
InferredTransfer{ <org.springframework.core.convert.support.ArrayToObjectConverter: java.lang.Object convert(java.lang.Object,org.springframework.core.convert.TypeDescriptor,org.springframework.core.convert.TypeDescriptor)>: 2 -> result(java.lang.Float) }
InferredTransfer{ <org.springframework.core.convert.support.ConversionUtils: java.lang.Object invokeConverter(org.springframework.core.convert.converter.GenericConverter,java.lang.Object,org.springframework.core.convert.TypeDescriptor,org.springframework.core.convert.TypeDescriptor)>: 1 -> result(java.lang.RuntimeException[]) }
InferredTransfer{ <org.springframework.core.convert.support.MapToMapConverter: java.lang.Object convertKey(java.lang.Object,org.springframework.core.convert.TypeDescriptor,org.springframework.core.convert.TypeDescriptor)>: base -> result(sun.security.jca.ProviderConfig[]) }
InferredTransfer{ <org.springframework.core.convert.support.ArrayToObjectConverter: java.lang.Object convert(java.lang.Object,org.springframework.core.convert.TypeDescriptor,org.springframework.core.convert.TypeDescriptor)>: 1 -> result(java.lang.Float) }
InferredTransfer{ <org.springframework.core.convert.support.ArrayToObjectConverter: java.lang.Object convert(java.lang.Object,org.springframework.core.convert.TypeDescriptor,org.springframework.core.convert.TypeDescriptor)>: 0 -> result(java.lang.Float) }
InferredTransfer{ <org.springframework.core.convert.support.ByteBufferConverter: java.lang.Object convert(java.lang.Object,org.springframework.core.convert.TypeDescriptor,org.springframework.core.convert.TypeDescriptor)>: 0 -> result(java.util.Currency) }
InferredTransfer{ <org.springframework.core.convert.support.ArrayToObjectConverter: java.lang.Object convert(java.lang.Object,org.springframework.core.convert.TypeDescriptor,org.springframework.core.convert.TypeDescriptor)>: base -> result(java.lang.Float) }
InferredTransfer{ <org.springframework.core.convert.support.ByteBufferConverter: java.lang.Object convert(java.lang.Object,org.springframework.core.convert.TypeDescriptor,org.springframework.core.convert.TypeDescriptor)>: base -> result(java.util.Currency) }
InferredTransfer{ <org.springframework.core.convert.support.CollectionToObjectConverter: java.lang.Object convert(java.lang.Object,org.springframework.core.convert.TypeDescriptor,org.springframework.core.convert.TypeDescriptor)>: 2 -> result(java.lang.Float) }
InferredTransfer{ <org.springframework.core.convert.support.GenericConversionService: java.lang.Object convert(java.lang.Object,org.springframework.core.convert.TypeDescriptor,org.springframework.core.convert.TypeDescriptor)>: 2 -> result(org.springframework.core.convert.support.StringToPropertiesConverter[]) }
InferredTransfer{ <org.springframework.core.convert.support.ObjectToOptionalConverter: java.lang.Object convert(java.lang.Object,org.springframework.core.convert.TypeDescriptor,org.springframework.core.convert.TypeDescriptor)>: 2 -> result(java.util.Locale) }
InferredTransfer{ <org.springframework.core.convert.support.ArrayToObjectConverter: java.lang.Object convert(java.lang.Object,org.springframework.core.convert.TypeDescriptor,org.springframework.core.convert.TypeDescriptor)>: 2 -> result(sun.security.jca.ProviderConfig[]) }
InferredTransfer{ <org.springframework.core.convert.support.CollectionToObjectConverter: java.lang.Object convert(java.lang.Object,org.springframework.core.convert.TypeDescriptor,org.springframework.core.convert.TypeDescriptor)>: 1 -> result(java.lang.Float) }
InferredTransfer{ <org.springframework.core.convert.support.CollectionToArrayConverter: java.lang.Object convert(java.lang.Object,org.springframework.core.convert.TypeDescriptor,org.springframework.core.convert.TypeDescriptor)>: 0 -> result(java.lang.Comparable[]) }
InferredTransfer{ <org.springframework.core.convert.support.GenericConversionService: java.lang.Object convert(java.lang.Object,org.springframework.core.convert.TypeDescriptor,org.springframework.core.convert.TypeDescriptor)>: 1 -> result(org.springframework.core.convert.support.StringToPropertiesConverter[]) }
InferredTransfer{ <org.springframework.core.convert.support.ObjectToOptionalConverter: java.lang.Object convert(java.lang.Object,org.springframework.core.convert.TypeDescriptor,org.springframework.core.convert.TypeDescriptor)>: 1 -> result(java.util.Locale) }
InferredTransfer{ <org.springframework.core.convert.support.ArrayToArrayConverter: java.lang.Object convert(java.lang.Object,org.springframework.core.convert.TypeDescriptor,org.springframework.core.convert.TypeDescriptor)>: 0 -> result(java.lang.Comparable[]) }
InferredTransfer{ <org.springframework.core.convert.support.ArrayToObjectConverter: java.lang.Object convert(java.lang.Object,org.springframework.core.convert.TypeDescriptor,org.springframework.core.convert.TypeDescriptor)>: 1 -> result(sun.security.jca.ProviderConfig[]) }
InferredTransfer{ <org.springframework.core.convert.support.CollectionToObjectConverter: java.lang.Object convert(java.lang.Object,org.springframework.core.convert.TypeDescriptor,org.springframework.core.convert.TypeDescriptor)>: 0 -> result(java.lang.Float) }
InferredTransfer{ <org.springframework.core.convert.support.GenericConversionService: java.lang.Object convert(java.lang.Object,org.springframework.core.convert.TypeDescriptor,org.springframework.core.convert.TypeDescriptor)>: 0 -> result(org.springframework.core.convert.support.StringToPropertiesConverter[]) }
InferredTransfer{ <org.springframework.core.convert.support.ObjectToOptionalConverter: java.lang.Object convert(java.lang.Object,org.springframework.core.convert.TypeDescriptor,org.springframework.core.convert.TypeDescriptor)>: 0 -> result(java.util.Locale) }
InferredTransfer{ <org.springframework.core.convert.support.ArrayToObjectConverter: java.lang.Object convert(java.lang.Object,org.springframework.core.convert.TypeDescriptor,org.springframework.core.convert.TypeDescriptor)>: 0 -> result(sun.security.jca.ProviderConfig[]) }
InferredTransfer{ <org.springframework.core.convert.support.CollectionToObjectConverter: java.lang.Object convert(java.lang.Object,org.springframework.core.convert.TypeDescriptor,org.springframework.core.convert.TypeDescriptor)>: base -> result(java.lang.Float) }
InferredTransfer{ <org.springframework.core.convert.support.GenericConversionService: java.lang.Object convert(java.lang.Object,org.springframework.core.convert.TypeDescriptor,org.springframework.core.convert.TypeDescriptor)>: base -> result(org.springframework.core.convert.support.StringToPropertiesConverter[]) }
InferredTransfer{ <org.springframework.core.convert.support.ObjectToOptionalConverter: java.lang.Object convert(java.lang.Object,org.springframework.core.convert.TypeDescriptor,org.springframework.core.convert.TypeDescriptor)>: base -> result(java.util.Locale) }
InferredTransfer{ <java.lang.Class: java.lang.String getTypeName()>: base -> result(java.lang.String) }
InferredTransfer{ <org.springframework.core.ResolvableType: java.lang.reflect.Type resolveBounds(java.lang.reflect.Type[])>: base -> result(sun.reflect.generics.reflectiveObjects.GenericArrayTypeImpl) }
InferredTransfer{ <org.springframework.core.convert.support.ArrayToObjectConverter: java.lang.Object convert(java.lang.Object,org.springframework.core.convert.TypeDescriptor,org.springframework.core.convert.TypeDescriptor)>: base -> result(sun.security.jca.ProviderConfig[]) }
InferredTransfer{ <org.springframework.core.convert.support.CollectionToObjectConverter: java.lang.Object convert(java.lang.Object,org.springframework.core.convert.TypeDescriptor,org.springframework.core.convert.TypeDescriptor)>: 2 -> result(sun.security.jca.ProviderConfig[]) }
InferredTransfer{ <java.lang.String: java.lang.String toUpperCase()>: base -> result(java.lang.String) }
InferredTransfer{ <org.springframework.core.convert.support.ByteBufferConverter: java.lang.Object convert(java.lang.Object,org.springframework.core.convert.TypeDescriptor,org.springframework.core.convert.TypeDescriptor)>: 0 -> result(sun.reflect.Reflection[]) }
InferredTransfer{ <org.springframework.core.convert.support.ObjectToArrayConverter: java.lang.Object convert(java.lang.Object,org.springframework.core.convert.TypeDescriptor,org.springframework.core.convert.TypeDescriptor)>: 2 -> result(org.springframework.core.convert.support.StringToNumberConverterFactory[]) }
InferredTransfer{ <org.springframework.core.convert.support.CollectionToObjectConverter: java.lang.Object convert(java.lang.Object,org.springframework.core.convert.TypeDescriptor,org.springframework.core.convert.TypeDescriptor)>: 1 -> result(sun.security.jca.ProviderConfig[]) }
InferredTransfer{ <org.springframework.core.convert.support.ObjectToArrayConverter: java.lang.Object convert(java.lang.Object,org.springframework.core.convert.TypeDescriptor,org.springframework.core.convert.TypeDescriptor)>: 1 -> result(org.springframework.core.convert.support.StringToNumberConverterFactory[]) }
InferredTransfer{ <org.springframework.core.convert.support.CollectionToObjectConverter: java.lang.Object convert(java.lang.Object,org.springframework.core.convert.TypeDescriptor,org.springframework.core.convert.TypeDescriptor)>: 0 -> result(sun.security.jca.ProviderConfig[]) }
InferredTransfer{ <org.springframework.core.convert.support.CollectionToObjectConverter: java.lang.Object convert(java.lang.Object,org.springframework.core.convert.TypeDescriptor,org.springframework.core.convert.TypeDescriptor)>: 0 -> result(java.lang.String[]) }
InferredTransfer{ <org.springframework.core.convert.support.ObjectToArrayConverter: java.lang.Object convert(java.lang.Object,org.springframework.core.convert.TypeDescriptor,org.springframework.core.convert.TypeDescriptor)>: 0 -> result(org.springframework.core.convert.support.StringToNumberConverterFactory[]) }
InferredTransfer{ <org.springframework.core.convert.support.CollectionToObjectConverter: java.lang.Object convert(java.lang.Object,org.springframework.core.convert.TypeDescriptor,org.springframework.core.convert.TypeDescriptor)>: base -> result(sun.security.jca.ProviderConfig[]) }
InferredTransfer{ <org.springframework.core.convert.support.ObjectToArrayConverter: java.lang.Object convert(java.lang.Object,org.springframework.core.convert.TypeDescriptor,org.springframework.core.convert.TypeDescriptor)>: base -> result(org.springframework.core.convert.support.StringToNumberConverterFactory[]) }
InferredTransfer{ <org.springframework.core.convert.support.StringToTimeZoneConverter: java.util.TimeZone convert(java.lang.String)>: 0 -> base(org.springframework.core.convert.support.StringToTimeZoneConverter) }
InferredTransfer{ <org.springframework.core.env.SystemEnvironmentPropertySource: java.lang.String resolvePropertyName(java.lang.String)>: 0 -> base(org.springframework.core.env.SystemEnvironmentPropertySource) }
InferredTransfer{ <org.springframework.core.convert.TypeDescriptor: org.springframework.core.convert.TypeDescriptor valueOf(java.lang.Class)>: 0 -> result(org.springframework.core.convert.TypeDescriptor) }
InferredTransfer{ <org.springframework.core.convert.TypeDescriptor: org.springframework.core.convert.TypeDescriptor elementTypeDescriptor(java.lang.Object)>: 0 -> base(org.springframework.core.convert.TypeDescriptor) }
InferredTransfer{ <org.springframework.core.convert.support.StreamConverter: java.lang.Object convertFromStream(java.util.stream.Stream,org.springframework.core.convert.TypeDescriptor,org.springframework.core.convert.TypeDescriptor)>: 2 -> result(org.springframework.core.convert.support.PropertiesToStringConverter[]) }
InferredTransfer{ <org.springframework.core.convert.support.StreamConverter: java.lang.Object convert(java.lang.Object,org.springframework.core.convert.TypeDescriptor,org.springframework.core.convert.TypeDescriptor)>: 0 -> result(java.util.stream.Stream[]) }
InferredTransfer{ <org.springframework.core.convert.support.StreamConverter: java.lang.Object convertFromStream(java.util.stream.Stream,org.springframework.core.convert.TypeDescriptor,org.springframework.core.convert.TypeDescriptor)>: 1 -> result(org.springframework.core.convert.support.PropertiesToStringConverter[]) }
InferredTransfer{ <org.springframework.web.util.UrlPathHelper: java.lang.String decodeInternal(javax.servlet.http.HttpServletRequest,java.lang.String)>: 1 -> result(java.lang.String) }
InferredTransfer{ <org.springframework.core.convert.support.ObjectToArrayConverter: java.lang.Object convert(java.lang.Object,org.springframework.core.convert.TypeDescriptor,org.springframework.core.convert.TypeDescriptor)>: 2 -> result(java.util.SortedMap[]) }
InferredTransfer{ <org.springframework.web.util.UrlPathHelper: java.lang.String decodeInternal(javax.servlet.http.HttpServletRequest,java.lang.String)>: 0 -> result(java.lang.String) }
InferredTransfer{ <org.springframework.core.convert.support.StreamConverter: java.lang.Object convert(java.lang.Object,org.springframework.core.convert.TypeDescriptor,org.springframework.core.convert.TypeDescriptor)>: 2 -> result(sun.security.jca.ServiceId) }
InferredTransfer{ <org.springframework.core.convert.support.StreamConverter: java.lang.Object convertFromStream(java.util.stream.Stream,org.springframework.core.convert.TypeDescriptor,org.springframework.core.convert.TypeDescriptor)>: base -> result(org.springframework.core.convert.support.PropertiesToStringConverter[]) }
InferredTransfer{ <org.springframework.core.convert.support.StreamConverter: java.lang.Object convert(java.lang.Object,org.springframework.core.convert.TypeDescriptor,org.springframework.core.convert.TypeDescriptor)>: 0 -> result(java.lang.Error[]) }
InferredTransfer{ <org.springframework.web.util.UrlPathHelper: java.lang.String decodeInternal(javax.servlet.http.HttpServletRequest,java.lang.String)>: base -> result(java.lang.String) }
InferredTransfer{ <org.springframework.core.convert.support.StreamConverter: java.lang.Object convert(java.lang.Object,org.springframework.core.convert.TypeDescriptor,org.springframework.core.convert.TypeDescriptor)>: 1 -> result(sun.security.jca.ServiceId) }
InferredTransfer{ <org.springframework.core.convert.support.ObjectToArrayConverter: java.lang.Object convert(java.lang.Object,org.springframework.core.convert.TypeDescriptor,org.springframework.core.convert.TypeDescriptor)>: 0 -> result(java.util.SortedMap[]) }
InferredTransfer{ <org.springframework.core.convert.support.StreamConverter: java.lang.Object convert(java.lang.Object,org.springframework.core.convert.TypeDescriptor,org.springframework.core.convert.TypeDescriptor)>: 0 -> result(sun.security.jca.ServiceId) }
InferredTransfer{ <org.springframework.core.convert.support.ObjectToArrayConverter: java.lang.Object convert(java.lang.Object,org.springframework.core.convert.TypeDescriptor,org.springframework.core.convert.TypeDescriptor)>: base -> result(java.util.SortedMap[]) }
InferredTransfer{ <org.springframework.core.convert.support.StreamConverter: java.lang.Object convert(java.lang.Object,org.springframework.core.convert.TypeDescriptor,org.springframework.core.convert.TypeDescriptor)>: base -> result(sun.security.jca.ServiceId) }
InferredTransfer{ <org.springframework.core.convert.support.ObjectToArrayConverter: java.lang.Object convert(java.lang.Object,org.springframework.core.convert.TypeDescriptor,org.springframework.core.convert.TypeDescriptor)>: 0 -> result(java.util.EnumSet[]) }
InferredTransfer{ <org.springframework.core.convert.support.ByteBufferConverter: java.lang.Object convertFromByteBuffer(java.nio.ByteBuffer,org.springframework.core.convert.TypeDescriptor)>: 1 -> result(java.util.Optional) }
InferredTransfer{ <org.springframework.core.convert.support.ArrayToObjectConverter: java.lang.Object convert(java.lang.Object,org.springframework.core.convert.TypeDescriptor,org.springframework.core.convert.TypeDescriptor)>: 2 -> result(java.lang.Boolean) }
InferredTransfer{ <org.springframework.core.convert.support.CollectionToArrayConverter: java.lang.Object convert(java.lang.Object,org.springframework.core.convert.TypeDescriptor,org.springframework.core.convert.TypeDescriptor)>: 2 -> result(java.util.LinkedHashMap[]) }
InferredTransfer{ <org.springframework.core.convert.support.ByteBufferConverter: java.lang.Object convertFromByteBuffer(java.nio.ByteBuffer,org.springframework.core.convert.TypeDescriptor)>: 1 -> result(org.springframework.core.convert.support.ZoneIdToTimeZoneConverter[]) }
InferredTransfer{ <org.springframework.core.convert.support.ArrayToArrayConverter: java.lang.Object convert(java.lang.Object,org.springframework.core.convert.TypeDescriptor,org.springframework.core.convert.TypeDescriptor)>: 2 -> result(java.util.LinkedHashMap[]) }
InferredTransfer{ <org.springframework.core.convert.support.ByteBufferConverter: java.lang.Object convertFromByteBuffer(java.nio.ByteBuffer,org.springframework.core.convert.TypeDescriptor)>: base -> result(java.util.Optional) }
InferredTransfer{ <org.springframework.core.convert.support.CollectionToArrayConverter: java.lang.Object convert(java.lang.Object,org.springframework.core.convert.TypeDescriptor,org.springframework.core.convert.TypeDescriptor)>: 1 -> result(java.util.LinkedHashMap[]) }
InferredTransfer{ <org.springframework.core.convert.support.ArrayToArrayConverter: java.lang.Object convert(java.lang.Object,org.springframework.core.convert.TypeDescriptor,org.springframework.core.convert.TypeDescriptor)>: 1 -> result(java.util.LinkedHashMap[]) }
InferredTransfer{ <org.springframework.core.convert.support.StringToArrayConverter: java.lang.Object convert(java.lang.Object,org.springframework.core.convert.TypeDescriptor,org.springframework.core.convert.TypeDescriptor)>: 2 -> result(java.util.LinkedHashSet[]) }
InferredTransfer{ <org.springframework.core.convert.support.ArrayToObjectConverter: java.lang.Object convert(java.lang.Object,org.springframework.core.convert.TypeDescriptor,org.springframework.core.convert.TypeDescriptor)>: 0 -> result(java.lang.Boolean) }
InferredTransfer{ <org.springframework.core.convert.support.CollectionToArrayConverter: java.lang.Object convert(java.lang.Object,org.springframework.core.convert.TypeDescriptor,org.springframework.core.convert.TypeDescriptor)>: 0 -> result(java.util.LinkedHashMap[]) }
InferredTransfer{ <org.springframework.core.convert.support.ArrayToArrayConverter: java.lang.Object convert(java.lang.Object,org.springframework.core.convert.TypeDescriptor,org.springframework.core.convert.TypeDescriptor)>: 0 -> result(java.util.LinkedHashMap[]) }
InferredTransfer{ <org.springframework.core.convert.support.ByteBufferConverter: java.lang.Object convertFromByteBuffer(java.nio.ByteBuffer,org.springframework.core.convert.TypeDescriptor)>: base -> result(org.springframework.core.convert.support.ZoneIdToTimeZoneConverter[]) }
InferredTransfer{ <org.springframework.core.convert.support.StringToArrayConverter: java.lang.Object convert(java.lang.Object,org.springframework.core.convert.TypeDescriptor,org.springframework.core.convert.TypeDescriptor)>: 1 -> result(java.util.LinkedHashSet[]) }
InferredTransfer{ <org.springframework.core.convert.support.ArrayToObjectConverter: java.lang.Object convert(java.lang.Object,org.springframework.core.convert.TypeDescriptor,org.springframework.core.convert.TypeDescriptor)>: base -> result(java.lang.Boolean) }
InferredTransfer{ <org.springframework.core.convert.support.StreamConverter: java.lang.Object convert(java.lang.Object,org.springframework.core.convert.TypeDescriptor,org.springframework.core.convert.TypeDescriptor)>: 0 -> result(char[][]) }
InferredTransfer{ <org.springframework.core.convert.support.CollectionToArrayConverter: java.lang.Object convert(java.lang.Object,org.springframework.core.convert.TypeDescriptor,org.springframework.core.convert.TypeDescriptor)>: base -> result(java.util.LinkedHashMap[]) }
InferredTransfer{ <org.springframework.core.convert.support.ArrayToArrayConverter: java.lang.Object convert(java.lang.Object,org.springframework.core.convert.TypeDescriptor,org.springframework.core.convert.TypeDescriptor)>: base -> result(java.util.LinkedHashMap[]) }
InferredTransfer{ <org.springframework.core.convert.support.StringToArrayConverter: java.lang.Object convert(java.lang.Object,org.springframework.core.convert.TypeDescriptor,org.springframework.core.convert.TypeDescriptor)>: 0 -> result(java.util.LinkedHashSet[]) }
InferredTransfer{ <org.springframework.core.convert.support.ArrayToObjectConverter: java.lang.Object convert(java.lang.Object,org.springframework.core.convert.TypeDescriptor,org.springframework.core.convert.TypeDescriptor)>: 0 -> result(java.lang.Short[]) }
InferredTransfer{ <org.springframework.core.convert.support.StreamConverter: java.lang.Object convertFromStream(java.util.stream.Stream,org.springframework.core.convert.TypeDescriptor,org.springframework.core.convert.TypeDescriptor)>: 2 -> result(java.util.ArrayList[]) }
InferredTransfer{ <org.springframework.core.convert.support.StringToArrayConverter: java.lang.Object convert(java.lang.Object,org.springframework.core.convert.TypeDescriptor,org.springframework.core.convert.TypeDescriptor)>: base -> result(java.util.LinkedHashSet[]) }
InferredTransfer{ <org.springframework.core.convert.support.MapToMapConverter: java.lang.Object convertKey(java.lang.Object,org.springframework.core.convert.TypeDescriptor,org.springframework.core.convert.TypeDescriptor)>: 2 -> result(org.springframework.core.convert.support.PropertiesToStringConverter[]) }
InferredTransfer{ <org.springframework.core.convert.support.GenericConversionService: java.lang.Object convert(java.lang.Object,org.springframework.core.convert.TypeDescriptor,org.springframework.core.convert.TypeDescriptor)>: 0 -> result(double[][]) }
InferredTransfer{ <org.springframework.core.convert.support.StreamConverter: java.lang.Object convertFromStream(java.util.stream.Stream,org.springframework.core.convert.TypeDescriptor,org.springframework.core.convert.TypeDescriptor)>: 1 -> result(java.util.ArrayList[]) }
InferredTransfer{ <org.springframework.core.convert.support.StreamConverter: java.lang.Object convert(java.lang.Object,org.springframework.core.convert.TypeDescriptor,org.springframework.core.convert.TypeDescriptor)>: 2 -> result(java.util.NavigableMap[]) }
InferredTransfer{ <org.springframework.core.convert.support.MapToMapConverter: java.lang.Object convertKey(java.lang.Object,org.springframework.core.convert.TypeDescriptor,org.springframework.core.convert.TypeDescriptor)>: 1 -> result(org.springframework.core.convert.support.PropertiesToStringConverter[]) }
InferredTransfer{ <org.springframework.core.convert.support.CollectionToStringConverter: boolean matches(org.springframework.core.convert.TypeDescriptor,org.springframework.core.convert.TypeDescriptor)>: 1 -> base(org.springframework.core.convert.support.CollectionToStringConverter) }
InferredTransfer{ <org.springframework.core.convert.support.StreamConverter: java.lang.Object convertFromStream(java.util.stream.Stream,org.springframework.core.convert.TypeDescriptor,org.springframework.core.convert.TypeDescriptor)>: base -> result(java.util.ArrayList[]) }
InferredTransfer{ <org.springframework.core.convert.support.CollectionToStringConverter: boolean matches(org.springframework.core.convert.TypeDescriptor,org.springframework.core.convert.TypeDescriptor)>: 0 -> base(org.springframework.core.convert.support.CollectionToStringConverter) }
InferredTransfer{ <org.springframework.core.convert.support.StreamConverter: java.lang.Object convert(java.lang.Object,org.springframework.core.convert.TypeDescriptor,org.springframework.core.convert.TypeDescriptor)>: 0 -> result(java.util.NavigableMap[]) }
InferredTransfer{ <org.springframework.core.convert.support.ObjectToArrayConverter: java.lang.Object convert(java.lang.Object,org.springframework.core.convert.TypeDescriptor,org.springframework.core.convert.TypeDescriptor)>: 0 -> result(java.lang.Number[]) }
InferredTransfer{ <org.springframework.core.convert.support.MapToMapConverter: java.lang.Object convertKey(java.lang.Object,org.springframework.core.convert.TypeDescriptor,org.springframework.core.convert.TypeDescriptor)>: base -> result(org.springframework.core.convert.support.PropertiesToStringConverter[]) }
InferredTransfer{ <org.springframework.core.convert.support.StreamConverter: java.lang.Object convert(java.lang.Object,org.springframework.core.convert.TypeDescriptor,org.springframework.core.convert.TypeDescriptor)>: 0 -> result(java.lang.System[]) }
InferredTransfer{ <org.springframework.core.convert.support.StreamConverter: java.lang.Object convert(java.lang.Object,org.springframework.core.convert.TypeDescriptor,org.springframework.core.convert.TypeDescriptor)>: base -> result(java.util.NavigableMap[]) }
InferredTransfer{ <org.springframework.core.convert.support.CollectionToObjectConverter: java.lang.Object convert(java.lang.Object,org.springframework.core.convert.TypeDescriptor,org.springframework.core.convert.TypeDescriptor)>: 0 -> result(java.util.Map[]) }
InferredTransfer{ <java.lang.Double: java.lang.Double valueOf(java.lang.String)>: 0 -> result(java.lang.Double) }
InferredTransfer{ <org.springframework.core.convert.support.ArrayToArrayConverter: java.lang.Object convert(java.lang.Object,org.springframework.core.convert.TypeDescriptor,org.springframework.core.convert.TypeDescriptor)>: 2 -> result(java.util.TreeSet[]) }
InferredTransfer{ <org.springframework.core.convert.support.StringToArrayConverter: java.lang.Object convert(java.lang.Object,org.springframework.core.convert.TypeDescriptor,org.springframework.core.convert.TypeDescriptor)>: 2 -> result(java.util.LinkedList[]) }
InferredTransfer{ <org.springframework.core.convert.support.ArrayToArrayConverter: java.lang.Object convert(java.lang.Object,org.springframework.core.convert.TypeDescriptor,org.springframework.core.convert.TypeDescriptor)>: 1 -> result(java.util.TreeSet[]) }
InferredTransfer{ <org.springframework.core.convert.support.CharacterToNumberFactory: org.springframework.core.convert.converter.Converter getConverter(java.lang.Class)>: 0 -> base(org.springframework.core.convert.support.CharacterToNumberFactory) }
InferredTransfer{ <org.springframework.core.convert.support.ArrayToArrayConverter: java.lang.Object convert(java.lang.Object,org.springframework.core.convert.TypeDescriptor,org.springframework.core.convert.TypeDescriptor)>: 0 -> result(java.util.TreeSet[]) }
InferredTransfer{ <org.springframework.core.convert.support.CollectionToObjectConverter: java.lang.Object convert(java.lang.Object,org.springframework.core.convert.TypeDescriptor,org.springframework.core.convert.TypeDescriptor)>: 2 -> result(org.springframework.core.convert.support.PropertiesToStringConverter[]) }
InferredTransfer{ <org.springframework.core.convert.support.StringToArrayConverter: java.lang.Object convert(java.lang.Object,org.springframework.core.convert.TypeDescriptor,org.springframework.core.convert.TypeDescriptor)>: 2 -> result(org.springframework.core.convert.support.StringToBooleanConverter[]) }
InferredTransfer{ <org.springframework.core.convert.support.StringToArrayConverter: java.lang.Object convert(java.lang.Object,org.springframework.core.convert.TypeDescriptor,org.springframework.core.convert.TypeDescriptor)>: 0 -> result(java.util.LinkedList[]) }
InferredTransfer{ <org.springframework.core.convert.support.CollectionToObjectConverter: java.lang.Object convert(java.lang.Object,org.springframework.core.convert.TypeDescriptor,org.springframework.core.convert.TypeDescriptor)>: 1 -> result(org.springframework.core.convert.support.PropertiesToStringConverter[]) }
InferredTransfer{ <org.springframework.core.convert.support.GenericConversionService: org.springframework.core.convert.converter.GenericConverter getConverter(org.springframework.core.convert.TypeDescriptor,org.springframework.core.convert.TypeDescriptor)>: 1 -> result(org.springframework.core.convert.support.ObjectToObjectConverter) }
InferredTransfer{ <org.springframework.core.convert.support.GenericConversionService: java.lang.Object convert(java.lang.Object,org.springframework.core.convert.TypeDescriptor,org.springframework.core.convert.TypeDescriptor)>: 0 -> result(sun.reflect.Reflection[]) }
InferredTransfer{ <org.springframework.core.convert.support.StringToArrayConverter: java.lang.Object convert(java.lang.Object,org.springframework.core.convert.TypeDescriptor,org.springframework.core.convert.TypeDescriptor)>: base -> result(java.util.LinkedList[]) }
InferredTransfer{ <org.springframework.core.convert.support.StringToArrayConverter: java.lang.Object convert(java.lang.Object,org.springframework.core.convert.TypeDescriptor,org.springframework.core.convert.TypeDescriptor)>: 1 -> result(org.springframework.core.convert.support.StringToBooleanConverter[]) }
InferredTransfer{ <org.springframework.core.convert.support.ConversionUtils: java.lang.Object invokeConverter(org.springframework.core.convert.converter.GenericConverter,java.lang.Object,org.springframework.core.convert.TypeDescriptor,org.springframework.core.convert.TypeDescriptor)>: 1 -> result(java.lang.Cloneable[]) }
InferredTransfer{ <org.springframework.core.convert.support.ArrayToArrayConverter: java.lang.Object convert(java.lang.Object,org.springframework.core.convert.TypeDescriptor,org.springframework.core.convert.TypeDescriptor)>: base -> result(java.util.TreeSet[]) }
InferredTransfer{ <org.springframework.core.convert.support.CollectionToObjectConverter: java.lang.Object convert(java.lang.Object,org.springframework.core.convert.TypeDescriptor,org.springframework.core.convert.TypeDescriptor)>: 0 -> result(org.springframework.core.convert.support.PropertiesToStringConverter[]) }
InferredTransfer{ <org.springframework.core.convert.support.GenericConversionService: org.springframework.core.convert.converter.GenericConverter getConverter(org.springframework.core.convert.TypeDescriptor,org.springframework.core.convert.TypeDescriptor)>: 0 -> result(org.springframework.core.convert.support.ObjectToObjectConverter) }
InferredTransfer{ <org.springframework.core.convert.support.StringToArrayConverter: java.lang.Object convert(java.lang.Object,org.springframework.core.convert.TypeDescriptor,org.springframework.core.convert.TypeDescriptor)>: 0 -> result(org.springframework.core.convert.support.StringToBooleanConverter[]) }
InferredTransfer{ <org.springframework.core.convert.support.StreamConverter: java.lang.Object convert(java.lang.Object,org.springframework.core.convert.TypeDescriptor,org.springframework.core.convert.TypeDescriptor)>: 0 -> result(int[][]) }
InferredTransfer{ <org.springframework.core.convert.support.ObjectToArrayConverter: java.lang.Object convert(java.lang.Object,org.springframework.core.convert.TypeDescriptor,org.springframework.core.convert.TypeDescriptor)>: 2 -> result(org.springframework.core.convert.support.ZoneIdToTimeZoneConverter[]) }
InferredTransfer{ <org.springframework.core.convert.support.GenericConversionService: org.springframework.core.convert.converter.GenericConverter getConverter(org.springframework.core.convert.TypeDescriptor,org.springframework.core.convert.TypeDescriptor)>: base -> result(org.springframework.core.convert.support.ObjectToObjectConverter) }
InferredTransfer{ <org.springframework.core.convert.support.MapToMapConverter: java.lang.Object convertKey(java.lang.Object,org.springframework.core.convert.TypeDescriptor,org.springframework.core.convert.TypeDescriptor)>: 2 -> result(org.springframework.core.convert.support.EnumToStringConverter[]) }
InferredTransfer{ <org.springframework.core.convert.support.StringToArrayConverter: java.lang.Object convert(java.lang.Object,org.springframework.core.convert.TypeDescriptor,org.springframework.core.convert.TypeDescriptor)>: base -> result(org.springframework.core.convert.support.StringToBooleanConverter[]) }
InferredTransfer{ <org.springframework.core.convert.support.ByteBufferConverter: java.lang.Object convertFromByteBuffer(java.nio.ByteBuffer,org.springframework.core.convert.TypeDescriptor)>: 1 -> result(org.springframework.core.convert.support.ZonedDateTimeToCalendarConverter[]) }
InferredTransfer{ <org.springframework.core.convert.support.GenericConversionService: java.lang.Object convert(java.lang.Object,org.springframework.core.convert.TypeDescriptor,org.springframework.core.convert.TypeDescriptor)>: 2 -> result(org.springframework.core.convert.support.NumberToNumberConverterFactory[]) }
InferredTransfer{ <org.springframework.core.convert.support.ArrayToArrayConverter: java.lang.Object convert(java.lang.Object,org.springframework.core.convert.TypeDescriptor,org.springframework.core.convert.TypeDescriptor)>: 2 -> result(java.util.SortedSet[]) }
InferredTransfer{ <org.springframework.core.convert.support.MapToMapConverter: java.lang.Object convertKey(java.lang.Object,org.springframework.core.convert.TypeDescriptor,org.springframework.core.convert.TypeDescriptor)>: 2 -> result(java.util.ArrayList[]) }
InferredTransfer{ <org.springframework.core.convert.support.CollectionToArrayConverter: java.lang.Object convert(java.lang.Object,org.springframework.core.convert.TypeDescriptor,org.springframework.core.convert.TypeDescriptor)>: 1 -> result(org.springframework.core.convert.support.NumberToCharacterConverter[]) }
InferredTransfer{ <org.springframework.core.convert.support.StreamConverter: java.lang.Object convert(java.lang.Object,org.springframework.core.convert.TypeDescriptor,org.springframework.core.convert.TypeDescriptor)>: 0 -> result(java.io.Serializable[]) }
InferredTransfer{ <org.springframework.core.convert.support.MapToMapConverter: java.lang.Object convertKey(java.lang.Object,org.springframework.core.convert.TypeDescriptor,org.springframework.core.convert.TypeDescriptor)>: 1 -> result(org.springframework.core.convert.support.EnumToStringConverter[]) }
InferredTransfer{ <org.springframework.core.convert.support.CollectionToCollectionConverter: java.lang.Object convert(java.lang.Object,org.springframework.core.convert.TypeDescriptor,org.springframework.core.convert.TypeDescriptor)>: 1 -> base(org.springframework.core.convert.support.CollectionToCollectionConverter) }
InferredTransfer{ <org.springframework.core.convert.support.GenericConversionService: java.lang.Object convert(java.lang.Object,org.springframework.core.convert.TypeDescriptor,org.springframework.core.convert.TypeDescriptor)>: 1 -> result(org.springframework.core.convert.support.NumberToNumberConverterFactory[]) }
InferredTransfer{ <org.springframework.core.convert.support.ArrayToArrayConverter: java.lang.Object convert(java.lang.Object,org.springframework.core.convert.TypeDescriptor,org.springframework.core.convert.TypeDescriptor)>: 1 -> result(org.springframework.core.convert.support.NumberToCharacterConverter[]) }
InferredTransfer{ <org.springframework.core.convert.support.ObjectToArrayConverter: java.lang.Object convert(java.lang.Object,org.springframework.core.convert.TypeDescriptor,org.springframework.core.convert.TypeDescriptor)>: 0 -> result(org.springframework.core.convert.support.ZoneIdToTimeZoneConverter[]) }
InferredTransfer{ <org.springframework.core.convert.support.CollectionToArrayConverter: java.lang.Object convert(java.lang.Object,org.springframework.core.convert.TypeDescriptor,org.springframework.core.convert.TypeDescriptor)>: 0 -> result(org.springframework.core.convert.support.NumberToCharacterConverter[]) }
InferredTransfer{ <org.springframework.core.convert.support.CollectionToArrayConverter: java.lang.Object convert(java.lang.Object,org.springframework.core.convert.TypeDescriptor,org.springframework.core.convert.TypeDescriptor)>: 0 -> result(java.util.SortedSet[]) }
InferredTransfer{ <org.springframework.core.convert.support.ArrayToArrayConverter: java.lang.Object convert(java.lang.Object,org.springframework.core.convert.TypeDescriptor,org.springframework.core.convert.TypeDescriptor)>: 0 -> result(java.util.SortedSet[]) }
InferredTransfer{ <org.springframework.core.convert.support.ArrayToArrayConverter: java.lang.Object convert(java.lang.Object,org.springframework.core.convert.TypeDescriptor,org.springframework.core.convert.TypeDescriptor)>: 0 -> result(org.springframework.core.convert.support.NumberToCharacterConverter[]) }
InferredTransfer{ <org.springframework.core.convert.support.GenericConversionService: java.lang.Object convert(java.lang.Object,org.springframework.core.convert.TypeDescriptor,org.springframework.core.convert.TypeDescriptor)>: 0 -> result(org.springframework.core.convert.support.NumberToNumberConverterFactory[]) }
InferredTransfer{ <org.springframework.core.convert.support.CollectionToCollectionConverter: java.lang.Object convert(java.lang.Object,org.springframework.core.convert.TypeDescriptor,org.springframework.core.convert.TypeDescriptor)>: 0 -> base(org.springframework.core.convert.support.CollectionToCollectionConverter) }
InferredTransfer{ <org.springframework.core.convert.support.ObjectToArrayConverter: java.lang.Object convert(java.lang.Object,org.springframework.core.convert.TypeDescriptor,org.springframework.core.convert.TypeDescriptor)>: base -> result(org.springframework.core.convert.support.ZoneIdToTimeZoneConverter[]) }
InferredTransfer{ <org.springframework.core.convert.support.ByteBufferConverter: java.lang.Object convertFromByteBuffer(java.nio.ByteBuffer,org.springframework.core.convert.TypeDescriptor)>: base -> result(org.springframework.core.convert.support.ZonedDateTimeToCalendarConverter[]) }
InferredTransfer{ <org.springframework.core.convert.support.CollectionToArrayConverter: java.lang.Object convert(java.lang.Object,org.springframework.core.convert.TypeDescriptor,org.springframework.core.convert.TypeDescriptor)>: base -> result(org.springframework.core.convert.support.NumberToCharacterConverter[]) }
InferredTransfer{ <org.springframework.core.convert.support.ArrayToArrayConverter: java.lang.Object convert(java.lang.Object,org.springframework.core.convert.TypeDescriptor,org.springframework.core.convert.TypeDescriptor)>: base -> result(java.util.SortedSet[]) }
InferredTransfer{ <org.springframework.core.convert.support.CollectionToArrayConverter: java.lang.Object convert(java.lang.Object,org.springframework.core.convert.TypeDescriptor,org.springframework.core.convert.TypeDescriptor)>: base -> result(java.util.SortedSet[]) }
InferredTransfer{ <org.springframework.core.convert.support.ArrayToArrayConverter: java.lang.Object convert(java.lang.Object,org.springframework.core.convert.TypeDescriptor,org.springframework.core.convert.TypeDescriptor)>: base -> result(org.springframework.core.convert.support.NumberToCharacterConverter[]) }
InferredTransfer{ <org.springframework.core.convert.support.MapToMapConverter: java.lang.Object convertKey(java.lang.Object,org.springframework.core.convert.TypeDescriptor,org.springframework.core.convert.TypeDescriptor)>: base -> result(java.util.ArrayList[]) }
InferredTransfer{ <org.springframework.core.convert.support.CollectionToCollectionConverter: java.lang.Object convert(java.lang.Object,org.springframework.core.convert.TypeDescriptor,org.springframework.core.convert.TypeDescriptor)>: 2 -> base(org.springframework.core.convert.support.CollectionToCollectionConverter) }
InferredTransfer{ <org.springframework.core.convert.support.MapToMapConverter: java.lang.Object convertKey(java.lang.Object,org.springframework.core.convert.TypeDescriptor,org.springframework.core.convert.TypeDescriptor)>: base -> result(org.springframework.core.convert.support.EnumToStringConverter[]) }
InferredTransfer{ <org.springframework.core.convert.support.GenericConversionService: java.lang.Object convert(java.lang.Object,org.springframework.core.convert.TypeDescriptor,org.springframework.core.convert.TypeDescriptor)>: base -> result(org.springframework.core.convert.support.NumberToNumberConverterFactory[]) }
InferredTransfer{ <org.springframework.core.convert.support.ObjectToArrayConverter: java.lang.Object convert(java.lang.Object,org.springframework.core.convert.TypeDescriptor,org.springframework.core.convert.TypeDescriptor)>: 1 -> result(org.springframework.core.convert.support.ZoneIdToTimeZoneConverter[]) }
InferredTransfer{ <org.springframework.core.convert.support.ArrayToObjectConverter: java.lang.Object convert(java.lang.Object,org.springframework.core.convert.TypeDescriptor,org.springframework.core.convert.TypeDescriptor)>: 0 -> result(byte[]) }
InferredTransfer{ <org.springframework.core.convert.support.StringToCharsetConverter: java.lang.Object convert(java.lang.Object)>: 0 -> result(sun.nio.cs.US_ASCII) }
InferredTransfer{ <org.springframework.core.convert.support.ByteBufferConverter: java.lang.Object convert(java.lang.Object,org.springframework.core.convert.TypeDescriptor,org.springframework.core.convert.TypeDescriptor)>: 0 -> result(java.lang.Byte) }
InferredTransfer{ <org.springframework.core.convert.support.MapToMapConverter: java.lang.Object convertKey(java.lang.Object,org.springframework.core.convert.TypeDescriptor,org.springframework.core.convert.TypeDescriptor)>: 1 -> result(java.util.ArrayList[]) }
InferredTransfer{ <org.springframework.core.convert.support.CollectionToArrayConverter: java.lang.Object convert(java.lang.Object,org.springframework.core.convert.TypeDescriptor,org.springframework.core.convert.TypeDescriptor)>: 2 -> result(java.util.SortedSet[]) }
InferredTransfer{ <org.springframework.core.convert.support.ConversionUtils: java.lang.Object invokeConverter(org.springframework.core.convert.converter.GenericConverter,java.lang.Object,org.springframework.core.convert.TypeDescriptor,org.springframework.core.convert.TypeDescriptor)>: 1 -> result(short[][]) }
InferredTransfer{ <org.springframework.core.convert.support.CollectionToArrayConverter: java.lang.Object convert(java.lang.Object,org.springframework.core.convert.TypeDescriptor,org.springframework.core.convert.TypeDescriptor)>: 2 -> result(org.springframework.core.convert.support.NumberToCharacterConverter[]) }
InferredTransfer{ <org.springframework.core.convert.support.CollectionToObjectConverter: java.lang.Object convert(java.lang.Object,org.springframework.core.convert.TypeDescriptor,org.springframework.core.convert.TypeDescriptor)>: base -> result(org.springframework.core.convert.support.PropertiesToStringConverter[]) }
InferredTransfer{ <org.springframework.core.convert.support.ObjectToObjectConverter: java.lang.Object convert(java.lang.Object,org.springframework.core.convert.TypeDescriptor,org.springframework.core.convert.TypeDescriptor)>: 2 -> base(org.springframework.core.convert.support.ObjectToObjectConverter) }
InferredTransfer{ <org.springframework.core.convert.support.StringToArrayConverter: java.lang.Object convert(java.lang.Object,org.springframework.core.convert.TypeDescriptor,org.springframework.core.convert.TypeDescriptor)>: 0 -> result(java.nio.ByteBuffer[]) }
InferredTransfer{ <org.springframework.core.convert.support.StringToCharsetConverter: java.lang.Object convert(java.lang.Object)>: base -> result(sun.nio.cs.US_ASCII) }
InferredTransfer{ <org.springframework.core.convert.support.ByteBufferConverter: java.lang.Object convert(java.lang.Object,org.springframework.core.convert.TypeDescriptor,org.springframework.core.convert.TypeDescriptor)>: base -> result(java.lang.Byte) }
InferredTransfer{ <org.springframework.core.convert.support.ArrayToArrayConverter: java.lang.Object convert(java.lang.Object,org.springframework.core.convert.TypeDescriptor,org.springframework.core.convert.TypeDescriptor)>: 2 -> result(org.springframework.core.convert.support.NumberToCharacterConverter[]) }
InferredTransfer{ <org.springframework.core.convert.support.ObjectToArrayConverter: java.lang.Object convert(java.lang.Object,org.springframework.core.convert.TypeDescriptor,org.springframework.core.convert.TypeDescriptor)>: 0 -> result(java.lang.RuntimeException[]) }
InferredTransfer{ <org.springframework.core.convert.support.StringToArrayConverter: java.lang.Object convert(java.lang.Object,org.springframework.core.convert.TypeDescriptor,org.springframework.core.convert.TypeDescriptor)>: base -> result(java.nio.ByteBuffer[]) }
InferredTransfer{ <org.springframework.core.convert.support.ObjectToObjectConverter: java.lang.Object convert(java.lang.Object,org.springframework.core.convert.TypeDescriptor,org.springframework.core.convert.TypeDescriptor)>: 1 -> base(org.springframework.core.convert.support.ObjectToObjectConverter) }
InferredTransfer{ <org.springframework.core.convert.support.ArrayToObjectConverter: java.lang.Object convert(java.lang.Object,org.springframework.core.convert.TypeDescriptor,org.springframework.core.convert.TypeDescriptor)>: 2 -> result(org.springframework.core.convert.support.EnumToStringConverter[]) }
InferredTransfer{ <org.springframework.core.convert.support.ObjectToObjectConverter: java.lang.Object convert(java.lang.Object,org.springframework.core.convert.TypeDescriptor,org.springframework.core.convert.TypeDescriptor)>: 0 -> base(org.springframework.core.convert.support.ObjectToObjectConverter) }
InferredTransfer{ <org.springframework.core.convert.support.ArrayToObjectConverter: java.lang.Object convert(java.lang.Object,org.springframework.core.convert.TypeDescriptor,org.springframework.core.convert.TypeDescriptor)>: 1 -> result(org.springframework.core.convert.support.EnumToStringConverter[]) }
InferredTransfer{ <org.springframework.core.convert.support.StringToArrayConverter: java.lang.Object convert(java.lang.Object,org.springframework.core.convert.TypeDescriptor,org.springframework.core.convert.TypeDescriptor)>: 0 -> result(java.lang.Double[]) }
InferredTransfer{ <org.springframework.core.convert.support.ArrayToObjectConverter: java.lang.Object convert(java.lang.Object,org.springframework.core.convert.TypeDescriptor,org.springframework.core.convert.TypeDescriptor)>: 0 -> result(org.springframework.core.convert.support.EnumToStringConverter[]) }
InferredTransfer{ <org.springframework.core.convert.support.ArrayToObjectConverter: java.lang.Object convert(java.lang.Object,org.springframework.core.convert.TypeDescriptor,org.springframework.core.convert.TypeDescriptor)>: base -> result(org.springframework.core.convert.support.EnumToStringConverter[]) }
InferredTransfer{ <org.springframework.core.convert.support.CollectionToObjectConverter: java.lang.Object convert(java.lang.Object,org.springframework.core.convert.TypeDescriptor,org.springframework.core.convert.TypeDescriptor)>: 2 -> result(java.util.ArrayList[]) }
InferredTransfer{ <org.springframework.core.convert.support.GenericConversionService: java.lang.Object convert(java.lang.Object,org.springframework.core.convert.TypeDescriptor,org.springframework.core.convert.TypeDescriptor)>: 0 -> result(java.util.EnumMap[]) }
InferredTransfer{ <org.springframework.core.convert.support.CollectionToObjectConverter: java.lang.Object convert(java.lang.Object,org.springframework.core.convert.TypeDescriptor,org.springframework.core.convert.TypeDescriptor)>: 1 -> result(java.util.ArrayList[]) }
InferredTransfer{ <org.springframework.core.convert.support.StreamConverter: java.lang.Object convert(java.lang.Object,org.springframework.core.convert.TypeDescriptor,org.springframework.core.convert.TypeDescriptor)>: 0 -> result(long[][]) }
InferredTransfer{ <org.springframework.core.convert.support.StreamConverter: java.lang.Object convert(java.lang.Object,org.springframework.core.convert.TypeDescriptor,org.springframework.core.convert.TypeDescriptor)>: 0 -> result(java.util.Locale[]) }
InferredTransfer{ <org.springframework.core.convert.support.StreamConverter: java.lang.Object convertFromStream(java.util.stream.Stream,org.springframework.core.convert.TypeDescriptor,org.springframework.core.convert.TypeDescriptor)>: 2 -> result(sun.security.jca.ServiceId) }
InferredTransfer{ <org.springframework.core.convert.support.CollectionToObjectConverter: java.lang.Object convert(java.lang.Object,org.springframework.core.convert.TypeDescriptor,org.springframework.core.convert.TypeDescriptor)>: 0 -> result(java.util.ArrayList[]) }
InferredTransfer{ <org.springframework.core.convert.support.StringToNumberConverterFactory: org.springframework.core.convert.converter.Converter getConverter(java.lang.Class)>: 0 -> base(org.springframework.core.convert.support.StringToNumberConverterFactory) }
InferredTransfer{ <org.springframework.core.convert.support.StreamConverter: java.lang.Object convertFromStream(java.util.stream.Stream,org.springframework.core.convert.TypeDescriptor,org.springframework.core.convert.TypeDescriptor)>: 1 -> result(sun.security.jca.ServiceId) }
InferredTransfer{ <org.springframework.core.convert.support.CollectionToArrayConverter: java.lang.Object convert(java.lang.Object,org.springframework.core.convert.TypeDescriptor,org.springframework.core.convert.TypeDescriptor)>: 0 -> result(java.lang.Integer[]) }
InferredTransfer{ <org.springframework.core.convert.support.CollectionToObjectConverter: java.lang.Object convert(java.lang.Object,org.springframework.core.convert.TypeDescriptor,org.springframework.core.convert.TypeDescriptor)>: base -> result(java.util.ArrayList[]) }
InferredTransfer{ <org.springframework.core.convert.support.ObjectToOptionalConverter: java.lang.Object convert(java.lang.Object,org.springframework.core.convert.TypeDescriptor,org.springframework.core.convert.TypeDescriptor)>: 2 -> result(sun.security.jca.ProviderConfig) }
InferredTransfer{ <org.springframework.core.convert.support.GenericConversionService: java.lang.Object convert(java.lang.Object,org.springframework.core.convert.TypeDescriptor,org.springframework.core.convert.TypeDescriptor)>: 0 -> result(java.lang.Boolean[]) }
InferredTransfer{ <org.springframework.core.convert.support.StreamConverter: java.lang.Object convert(java.lang.Object,org.springframework.core.convert.TypeDescriptor,org.springframework.core.convert.TypeDescriptor)>: 2 -> result(org.springframework.core.convert.support.StringToTimeZoneConverter[]) }
InferredTransfer{ <org.springframework.core.convert.support.ObjectToOptionalConverter: java.lang.Object convert(java.lang.Object,org.springframework.core.convert.TypeDescriptor,org.springframework.core.convert.TypeDescriptor)>: 1 -> result(sun.security.jca.ProviderConfig) }
InferredTransfer{ <org.springframework.core.convert.support.StreamConverter: java.lang.Object convert(java.lang.Object,org.springframework.core.convert.TypeDescriptor,org.springframework.core.convert.TypeDescriptor)>: 1 -> result(org.springframework.core.convert.support.StringToTimeZoneConverter[]) }
InferredTransfer{ <org.springframework.core.convert.support.StreamConverter: java.lang.Object convertFromStream(java.util.stream.Stream,org.springframework.core.convert.TypeDescriptor,org.springframework.core.convert.TypeDescriptor)>: base -> result(sun.security.jca.ServiceId) }
InferredTransfer{ <org.springframework.core.convert.support.ByteBufferConverter: java.lang.Object convertToByteBuffer(java.lang.Object,org.springframework.core.convert.TypeDescriptor)>: 1 -> result(java.nio.HeapByteBuffer) }
InferredTransfer{ <org.springframework.core.convert.support.ObjectToOptionalConverter: java.lang.Object convert(java.lang.Object,org.springframework.core.convert.TypeDescriptor,org.springframework.core.convert.TypeDescriptor)>: 0 -> result(sun.security.jca.ProviderConfig) }
InferredTransfer{ <org.springframework.core.convert.support.StreamConverter: java.lang.Object convert(java.lang.Object,org.springframework.core.convert.TypeDescriptor,org.springframework.core.convert.TypeDescriptor)>: 0 -> result(org.springframework.core.convert.support.StringToTimeZoneConverter[]) }
InferredTransfer{ <org.springframework.util.ObjectUtils: java.lang.String nullSafeToString(java.lang.Object)>: 0 -> result(java.lang.String) }
InferredTransfer{ <org.springframework.core.convert.support.StreamConverter: java.lang.Object convertFromStream(java.util.stream.Stream,org.springframework.core.convert.TypeDescriptor,org.springframework.core.convert.TypeDescriptor)>: 2 -> result(java.lang.Class) }
InferredTransfer{ <org.springframework.core.convert.support.ByteBufferConverter: java.lang.Object convertToByteBuffer(java.lang.Object,org.springframework.core.convert.TypeDescriptor)>: 0 -> result(java.nio.HeapByteBuffer) }
InferredTransfer{ <org.springframework.core.convert.support.ObjectToOptionalConverter: java.lang.Object convert(java.lang.Object,org.springframework.core.convert.TypeDescriptor,org.springframework.core.convert.TypeDescriptor)>: base -> result(sun.security.jca.ProviderConfig) }
InferredTransfer{ <org.springframework.core.convert.support.StreamConverter: java.lang.Object convert(java.lang.Object,org.springframework.core.convert.TypeDescriptor,org.springframework.core.convert.TypeDescriptor)>: base -> result(org.springframework.core.convert.support.StringToTimeZoneConverter[]) }
InferredTransfer{ <org.springframework.core.convert.support.StreamConverter: java.lang.Object convertFromStream(java.util.stream.Stream,org.springframework.core.convert.TypeDescriptor,org.springframework.core.convert.TypeDescriptor)>: 1 -> result(java.lang.Class) }
InferredTransfer{ <org.springframework.core.convert.TypeDescriptor: org.springframework.core.convert.TypeDescriptor getRelatedIfResolvable(org.springframework.core.convert.TypeDescriptor,org.springframework.core.ResolvableType)>: 1 -> result(org.springframework.core.convert.support.ObjectToOptionalConverter$GenericTypeDescriptor) }
InferredTransfer{ <org.springframework.core.convert.support.ByteBufferConverter: java.lang.Object convertToByteBuffer(java.lang.Object,org.springframework.core.convert.TypeDescriptor)>: base -> result(java.nio.HeapByteBuffer) }
InferredTransfer{ <org.springframework.core.convert.TypeDescriptor: org.springframework.core.convert.TypeDescriptor getRelatedIfResolvable(org.springframework.core.convert.TypeDescriptor,org.springframework.core.ResolvableType)>: 0 -> result(org.springframework.core.convert.support.ObjectToOptionalConverter$GenericTypeDescriptor) }
InferredTransfer{ <org.springframework.core.convert.support.StreamConverter: java.lang.Object convertFromStream(java.util.stream.Stream,org.springframework.core.convert.TypeDescriptor,org.springframework.core.convert.TypeDescriptor)>: base -> result(java.lang.Class) }
InferredTransfer{ <org.springframework.core.convert.support.CollectionToArrayConverter: java.lang.Object convert(java.lang.Object,org.springframework.core.convert.TypeDescriptor,org.springframework.core.convert.TypeDescriptor)>: 2 -> result(org.springframework.core.convert.support.StringToLocaleConverter[]) }
InferredTransfer{ <org.springframework.core.convert.support.GenericConversionService: java.lang.Object convert(java.lang.Object,org.springframework.core.convert.TypeDescriptor,org.springframework.core.convert.TypeDescriptor)>: 2 -> result(java.lang.Double) }
InferredTransfer{ <org.springframework.core.convert.support.CollectionToArrayConverter: java.lang.Object convert(java.lang.Object,org.springframework.core.convert.TypeDescriptor,org.springframework.core.convert.TypeDescriptor)>: 1 -> result(org.springframework.core.convert.support.StringToLocaleConverter[]) }
InferredTransfer{ <org.springframework.core.convert.support.GenericConversionService: java.lang.Object convert(java.lang.Object,org.springframework.core.convert.TypeDescriptor,org.springframework.core.convert.TypeDescriptor)>: 1 -> result(java.lang.Double) }
InferredTransfer{ <org.springframework.core.convert.support.CollectionToArrayConverter: java.lang.Object convert(java.lang.Object,org.springframework.core.convert.TypeDescriptor,org.springframework.core.convert.TypeDescriptor)>: 0 -> result(org.springframework.core.convert.support.StringToLocaleConverter[]) }
InferredTransfer{ <java.util.StringTokenizer: void <init>(java.lang.String,java.lang.String)>: 0 -> base(java.util.StringTokenizer) }
InferredTransfer{ <org.springframework.core.convert.support.GenericConversionService: java.lang.Object convert(java.lang.Object,org.springframework.core.convert.TypeDescriptor,org.springframework.core.convert.TypeDescriptor)>: 0 -> result(java.lang.Double) }
InferredTransfer{ <org.springframework.core.convert.support.CollectionToArrayConverter: java.lang.Object convert(java.lang.Object,org.springframework.core.convert.TypeDescriptor,org.springframework.core.convert.TypeDescriptor)>: base -> result(org.springframework.core.convert.support.StringToLocaleConverter[]) }
InferredTransfer{ <org.springframework.util.ClassUtils: java.lang.String getShortName(java.lang.String)>: 0 -> result(java.lang.String) }
InferredTransfer{ <org.springframework.core.convert.support.GenericConversionService: java.lang.Object convert(java.lang.Object,org.springframework.core.convert.TypeDescriptor,org.springframework.core.convert.TypeDescriptor)>: 0 -> result(java.lang.Character[]) }
InferredTransfer{ <org.springframework.core.convert.support.GenericConversionService: java.lang.Object convert(java.lang.Object,org.springframework.core.convert.TypeDescriptor,org.springframework.core.convert.TypeDescriptor)>: base -> result(java.lang.Double) }
InferredTransfer{ <org.springframework.core.convert.support.StreamConverter: java.lang.Object convertFromStream(java.util.stream.Stream,org.springframework.core.convert.TypeDescriptor,org.springframework.core.convert.TypeDescriptor)>: 2 -> result(java.util.NavigableMap[]) }
InferredTransfer{ <org.springframework.core.convert.support.MapToMapConverter: java.lang.Object convertKey(java.lang.Object,org.springframework.core.convert.TypeDescriptor,org.springframework.core.convert.TypeDescriptor)>: 2 -> result(java.util.UUID) }
InferredTransfer{ <org.springframework.core.convert.support.MapToMapConverter: java.lang.Object convertKey(java.lang.Object,org.springframework.core.convert.TypeDescriptor,org.springframework.core.convert.TypeDescriptor)>: 1 -> result(java.util.UUID) }
InferredTransfer{ <org.springframework.util.StringUtils: java.util.Locale parseLocaleTokens(java.lang.String,java.lang.String[])>: 0 -> result(java.util.Locale) }
InferredTransfer{ <org.springframework.core.convert.support.MapToMapConverter: java.lang.Object convertKey(java.lang.Object,org.springframework.core.convert.TypeDescriptor,org.springframework.core.convert.TypeDescriptor)>: 2 -> result(sun.security.jca.ServiceId) }
InferredTransfer{ <org.springframework.core.convert.support.ByteBufferConverter: java.lang.Object convert(java.lang.Object,org.springframework.core.convert.TypeDescriptor,org.springframework.core.convert.TypeDescriptor)>: 0 -> result(java.util.EnumSet[]) }
InferredTransfer{ <org.springframework.util.StringUtils: java.lang.String uriDecode(java.lang.String,java.nio.charset.Charset)>: 1 -> result(java.lang.String) }
InferredTransfer{ <org.springframework.core.convert.support.MapToMapConverter: java.lang.Object convertKey(java.lang.Object,org.springframework.core.convert.TypeDescriptor,org.springframework.core.convert.TypeDescriptor)>: 1 -> result(sun.security.jca.ServiceId) }
InferredTransfer{ <org.springframework.core.convert.support.ConversionUtils: java.lang.Object invokeConverter(org.springframework.core.convert.converter.GenericConverter,java.lang.Object,org.springframework.core.convert.TypeDescriptor,org.springframework.core.convert.TypeDescriptor)>: 3 -> result(org.springframework.core.convert.support.StringToCurrencyConverter[]) }
InferredTransfer{ <org.springframework.util.StringUtils: java.lang.String uriDecode(java.lang.String,java.nio.charset.Charset)>: 0 -> result(java.lang.String) }
InferredTransfer{ <org.springframework.core.convert.support.MapToMapConverter: java.lang.Object convertKey(java.lang.Object,org.springframework.core.convert.TypeDescriptor,org.springframework.core.convert.TypeDescriptor)>: base -> result(java.util.UUID) }
InferredTransfer{ <org.springframework.core.convert.support.ConversionUtils: java.lang.Object invokeConverter(org.springframework.core.convert.converter.GenericConverter,java.lang.Object,org.springframework.core.convert.TypeDescriptor,org.springframework.core.convert.TypeDescriptor)>: 2 -> result(org.springframework.core.convert.support.StringToCurrencyConverter[]) }
InferredTransfer{ <org.springframework.core.convert.support.MapToMapConverter: java.lang.Object convertKey(java.lang.Object,org.springframework.core.convert.TypeDescriptor,org.springframework.core.convert.TypeDescriptor)>: base -> result(sun.security.jca.ServiceId) }
InferredTransfer{ <org.springframework.core.convert.support.ConversionUtils: java.lang.Object invokeConverter(org.springframework.core.convert.converter.GenericConverter,java.lang.Object,org.springframework.core.convert.TypeDescriptor,org.springframework.core.convert.TypeDescriptor)>: 1 -> result(org.springframework.core.convert.support.StringToCurrencyConverter[]) }
InferredTransfer{ <org.springframework.core.convert.support.StreamConverter: java.lang.Object convert(java.lang.Object,org.springframework.core.convert.TypeDescriptor,org.springframework.core.convert.TypeDescriptor)>: 0 -> result(java.lang.Object[]) }
InferredTransfer{ <org.springframework.core.convert.support.ConversionUtils: java.lang.Object invokeConverter(org.springframework.core.convert.converter.GenericConverter,java.lang.Object,org.springframework.core.convert.TypeDescriptor,org.springframework.core.convert.TypeDescriptor)>: 0 -> result(org.springframework.core.convert.support.StringToCurrencyConverter[]) }
InferredTransfer{ <org.springframework.core.convert.support.MapToMapConverter: java.lang.Object convertKey(java.lang.Object,org.springframework.core.convert.TypeDescriptor,org.springframework.core.convert.TypeDescriptor)>: 2 -> result(java.lang.Class) }
InferredTransfer{ <org.springframework.core.convert.support.MapToMapConverter: java.lang.Object convertKey(java.lang.Object,org.springframework.core.convert.TypeDescriptor,org.springframework.core.convert.TypeDescriptor)>: 1 -> result(java.lang.Class) }
InferredTransfer{ <org.springframework.core.convert.support.ArrayToObjectConverter: java.lang.Object convert(java.lang.Object,org.springframework.core.convert.TypeDescriptor,org.springframework.core.convert.TypeDescriptor)>: 2 -> result(java.util.UUID) }
InferredTransfer{ <org.springframework.core.convert.support.ArrayToObjectConverter: java.lang.Object convert(java.lang.Object,org.springframework.core.convert.TypeDescriptor,org.springframework.core.convert.TypeDescriptor)>: 1 -> result(java.util.UUID) }
InferredTransfer{ <org.springframework.core.convert.support.MapToMapConverter: java.lang.Object convertKey(java.lang.Object,org.springframework.core.convert.TypeDescriptor,org.springframework.core.convert.TypeDescriptor)>: base -> result(java.lang.Class) }
InferredTransfer{ <org.springframework.core.convert.support.ArrayToObjectConverter: java.lang.Object convert(java.lang.Object,org.springframework.core.convert.TypeDescriptor,org.springframework.core.convert.TypeDescriptor)>: 0 -> result(java.util.UUID) }
InferredTransfer{ <org.springframework.core.convert.support.ConversionUtils: java.lang.Object invokeConverter(org.springframework.core.convert.converter.GenericConverter,java.lang.Object,org.springframework.core.convert.TypeDescriptor,org.springframework.core.convert.TypeDescriptor)>: 1 -> result(java.lang.Short[]) }
InferredTransfer{ <org.springframework.core.convert.support.ArrayToObjectConverter: java.lang.Object convert(java.lang.Object,org.springframework.core.convert.TypeDescriptor,org.springframework.core.convert.TypeDescriptor)>: base -> result(java.util.UUID) }
InferredTransfer{ <org.springframework.core.convert.support.CollectionToArrayConverter: java.lang.Object convert(java.lang.Object,org.springframework.core.convert.TypeDescriptor,org.springframework.core.convert.TypeDescriptor)>: 2 -> result(sun.security.jca.ProviderConfig[]) }
InferredTransfer{ <org.springframework.core.convert.support.ArrayToArrayConverter: java.lang.Object convert(java.lang.Object,org.springframework.core.convert.TypeDescriptor,org.springframework.core.convert.TypeDescriptor)>: 2 -> result(sun.security.jca.ProviderConfig[]) }
InferredTransfer{ <org.springframework.core.convert.support.ArrayToObjectConverter: java.lang.Object convert(java.lang.Object,org.springframework.core.convert.TypeDescriptor,org.springframework.core.convert.TypeDescriptor)>: 0 -> result(java.util.List[]) }
InferredTransfer{ <org.springframework.core.convert.support.CollectionToArrayConverter: java.lang.Object convert(java.lang.Object,org.springframework.core.convert.TypeDescriptor,org.springframework.core.convert.TypeDescriptor)>: 1 -> result(sun.security.jca.ProviderConfig[]) }
InferredTransfer{ <org.springframework.core.convert.support.ArrayToArrayConverter: java.lang.Object convert(java.lang.Object,org.springframework.core.convert.TypeDescriptor,org.springframework.core.convert.TypeDescriptor)>: 1 -> result(sun.security.jca.ProviderConfig[]) }
InferredTransfer{ <org.springframework.core.convert.support.ByteBufferConverter: java.lang.Object convert(java.lang.Object,org.springframework.core.convert.TypeDescriptor,org.springframework.core.convert.TypeDescriptor)>: 0 -> result(java.lang.Number[]) }
InferredTransfer{ <org.springframework.core.convert.support.StreamConverter: java.lang.Object convert(java.lang.Object,org.springframework.core.convert.TypeDescriptor,org.springframework.core.convert.TypeDescriptor)>: 0 -> result(float[][]) }
InferredTransfer{ <org.springframework.core.convert.support.CollectionToObjectConverter: java.lang.Object convert(java.lang.Object,org.springframework.core.convert.TypeDescriptor,org.springframework.core.convert.TypeDescriptor)>: 2 -> result(sun.security.jca.ServiceId) }
InferredTransfer{ <org.springframework.core.convert.support.CollectionToArrayConverter: java.lang.Object convert(java.lang.Object,org.springframework.core.convert.TypeDescriptor,org.springframework.core.convert.TypeDescriptor)>: 0 -> result(sun.security.jca.ProviderConfig[]) }
InferredTransfer{ <org.springframework.core.convert.support.CollectionToArrayConverter: java.lang.Object convert(java.lang.Object,org.springframework.core.convert.TypeDescriptor,org.springframework.core.convert.TypeDescriptor)>: 0 -> result(java.lang.String[]) }
InferredTransfer{ <org.springframework.core.convert.support.ArrayToObjectConverter: java.lang.Object convert(java.lang.Object,org.springframework.core.convert.TypeDescriptor,org.springframework.core.convert.TypeDescriptor)>: 2 -> result(java.lang.Class) }
InferredTransfer{ <org.springframework.core.convert.support.ArrayToArrayConverter: java.lang.Object convert(java.lang.Object,org.springframework.core.convert.TypeDescriptor,org.springframework.core.convert.TypeDescriptor)>: 0 -> result(sun.security.jca.ProviderConfig[]) }
InferredTransfer{ <org.springframework.core.convert.support.CollectionToObjectConverter: java.lang.Object convert(java.lang.Object,org.springframework.core.convert.TypeDescriptor,org.springframework.core.convert.TypeDescriptor)>: 1 -> result(sun.security.jca.ServiceId) }
InferredTransfer{ <org.springframework.core.convert.support.ArrayToArrayConverter: java.lang.Object convert(java.lang.Object,org.springframework.core.convert.TypeDescriptor,org.springframework.core.convert.TypeDescriptor)>: 0 -> result(java.lang.String[]) }
InferredTransfer{ <org.springframework.core.convert.support.ConversionUtils: java.lang.Object invokeConverter(org.springframework.core.convert.converter.GenericConverter,java.lang.Object,org.springframework.core.convert.TypeDescriptor,org.springframework.core.convert.TypeDescriptor)>: 1 -> result(java.util.Collection[]) }
InferredTransfer{ <org.springframework.core.convert.support.CollectionToArrayConverter: java.lang.Object convert(java.lang.Object,org.springframework.core.convert.TypeDescriptor,org.springframework.core.convert.TypeDescriptor)>: base -> result(sun.security.jca.ProviderConfig[]) }
InferredTransfer{ <org.springframework.core.convert.support.StreamConverter: java.lang.Object convert(java.lang.Object,org.springframework.core.convert.TypeDescriptor,org.springframework.core.convert.TypeDescriptor)>: 0 -> result(sun.misc.Unsafe[]) }
InferredTransfer{ <org.springframework.core.convert.support.ArrayToObjectConverter: java.lang.Object convert(java.lang.Object,org.springframework.core.convert.TypeDescriptor,org.springframework.core.convert.TypeDescriptor)>: 1 -> result(java.lang.Class) }
InferredTransfer{ <org.springframework.core.convert.support.CollectionToObjectConverter: java.lang.Object convert(java.lang.Object,org.springframework.core.convert.TypeDescriptor,org.springframework.core.convert.TypeDescriptor)>: 0 -> result(sun.security.jca.ServiceId) }
InferredTransfer{ <org.springframework.core.convert.support.IdToEntityConverter: boolean matches(org.springframework.core.convert.TypeDescriptor,org.springframework.core.convert.TypeDescriptor)>: 1 -> base(org.springframework.core.convert.support.IdToEntityConverter) }
InferredTransfer{ <org.springframework.core.convert.support.ArrayToArrayConverter: java.lang.Object convert(java.lang.Object,org.springframework.core.convert.TypeDescriptor,org.springframework.core.convert.TypeDescriptor)>: base -> result(sun.security.jca.ProviderConfig[]) }
InferredTransfer{ <org.springframework.core.convert.support.ArrayToObjectConverter: java.lang.Object convert(java.lang.Object,org.springframework.core.convert.TypeDescriptor,org.springframework.core.convert.TypeDescriptor)>: 0 -> result(java.lang.Class) }
InferredTransfer{ <org.springframework.core.convert.support.CollectionToObjectConverter: java.lang.Object convert(java.lang.Object,org.springframework.core.convert.TypeDescriptor,org.springframework.core.convert.TypeDescriptor)>: base -> result(sun.security.jca.ServiceId) }
InferredTransfer{ <org.springframework.core.convert.support.IdToEntityConverter: boolean matches(org.springframework.core.convert.TypeDescriptor,org.springframework.core.convert.TypeDescriptor)>: 0 -> base(org.springframework.core.convert.support.IdToEntityConverter) }
InferredTransfer{ <org.springframework.core.convert.support.ArrayToObjectConverter: java.lang.Object convert(java.lang.Object,org.springframework.core.convert.TypeDescriptor,org.springframework.core.convert.TypeDescriptor)>: base -> result(java.lang.Class) }
InferredTransfer{ <org.springframework.core.convert.support.CollectionToObjectConverter: java.lang.Object convert(java.lang.Object,org.springframework.core.convert.TypeDescriptor,org.springframework.core.convert.TypeDescriptor)>: 2 -> result(java.lang.Class) }
InferredTransfer{ <org.springframework.core.convert.support.MapToMapConverter: java.lang.Object convertValue(java.lang.Object,org.springframework.core.convert.TypeDescriptor,org.springframework.core.convert.TypeDescriptor)>: 2 -> result(org.springframework.core.convert.support.ZonedDateTimeToCalendarConverter[]) }
InferredTransfer{ <org.springframework.core.convert.support.CollectionToObjectConverter: java.lang.Object convert(java.lang.Object,org.springframework.core.convert.TypeDescriptor,org.springframework.core.convert.TypeDescriptor)>: 1 -> result(java.lang.Class) }
InferredTransfer{ <org.springframework.core.convert.support.ArrayToArrayConverter: java.lang.Object convert(java.lang.Object,org.springframework.core.convert.TypeDescriptor,org.springframework.core.convert.TypeDescriptor)>: 2 -> result(java.util.LinkedList[]) }
InferredTransfer{ <org.springframework.core.convert.support.MapToMapConverter: java.lang.Object convertValue(java.lang.Object,org.springframework.core.convert.TypeDescriptor,org.springframework.core.convert.TypeDescriptor)>: 2 -> result(org.springframework.core.convert.support.CharacterToNumberFactory[]) }
InferredTransfer{ <org.springframework.core.convert.support.MapToMapConverter: java.lang.Object convertValue(java.lang.Object,org.springframework.core.convert.TypeDescriptor,org.springframework.core.convert.TypeDescriptor)>: 1 -> result(org.springframework.core.convert.support.ZonedDateTimeToCalendarConverter[]) }
InferredTransfer{ <org.springframework.core.convert.support.CollectionToObjectConverter: java.lang.Object convert(java.lang.Object,org.springframework.core.convert.TypeDescriptor,org.springframework.core.convert.TypeDescriptor)>: 0 -> result(java.lang.Class) }
InferredTransfer{ <org.springframework.core.convert.support.MapToMapConverter: java.lang.Object convertValue(java.lang.Object,org.springframework.core.convert.TypeDescriptor,org.springframework.core.convert.TypeDescriptor)>: 1 -> result(org.springframework.core.convert.support.CharacterToNumberFactory[]) }
InferredTransfer{ <org.springframework.core.convert.support.CollectionToObjectConverter: java.lang.Object convert(java.lang.Object,org.springframework.core.convert.TypeDescriptor,org.springframework.core.convert.TypeDescriptor)>: base -> result(java.lang.Class) }
InferredTransfer{ <org.springframework.core.convert.support.ArrayToArrayConverter: java.lang.Object convert(java.lang.Object,org.springframework.core.convert.TypeDescriptor,org.springframework.core.convert.TypeDescriptor)>: 0 -> result(java.util.LinkedList[]) }
InferredTransfer{ <org.springframework.core.convert.support.MapToMapConverter: java.lang.Object convertValue(java.lang.Object,org.springframework.core.convert.TypeDescriptor,org.springframework.core.convert.TypeDescriptor)>: base -> result(org.springframework.core.convert.support.ZonedDateTimeToCalendarConverter[]) }
InferredTransfer{ <org.springframework.core.convert.support.ArrayToArrayConverter: java.lang.Object convert(java.lang.Object,org.springframework.core.convert.TypeDescriptor,org.springframework.core.convert.TypeDescriptor)>: base -> result(java.util.LinkedList[]) }
InferredTransfer{ <org.springframework.core.convert.support.MapToMapConverter: java.lang.Object convertValue(java.lang.Object,org.springframework.core.convert.TypeDescriptor,org.springframework.core.convert.TypeDescriptor)>: base -> result(org.springframework.core.convert.support.CharacterToNumberFactory[]) }
InferredTransfer{ <org.springframework.core.convert.support.ByteBufferConverter: java.lang.Object convert(java.lang.Object,org.springframework.core.convert.TypeDescriptor,org.springframework.core.convert.TypeDescriptor)>: 2 -> result(java.util.Optional) }
InferredTransfer{ <org.springframework.core.convert.support.StringToArrayConverter: java.lang.Object convert(java.lang.Object,org.springframework.core.convert.TypeDescriptor,org.springframework.core.convert.TypeDescriptor)>: 2 -> result(org.springframework.core.convert.support.StringToUUIDConverter[]) }
InferredTransfer{ <org.springframework.core.ResolvableType: org.springframework.core.ResolvableType asMap()>: base -> result(org.springframework.core.ResolvableType) }
InferredTransfer{ <org.springframework.core.convert.support.StringToArrayConverter: java.lang.Object convert(java.lang.Object,org.springframework.core.convert.TypeDescriptor,org.springframework.core.convert.TypeDescriptor)>: 1 -> result(org.springframework.core.convert.support.StringToUUIDConverter[]) }
InferredTransfer{ <org.springframework.core.convert.support.ByteBufferConverter: java.lang.Object convert(java.lang.Object,org.springframework.core.convert.TypeDescriptor,org.springframework.core.convert.TypeDescriptor)>: 0 -> result(java.util.Optional) }
InferredTransfer{ <org.springframework.core.convert.support.StringToArrayConverter: java.lang.Object convert(java.lang.Object,org.springframework.core.convert.TypeDescriptor,org.springframework.core.convert.TypeDescriptor)>: 0 -> result(org.springframework.core.convert.support.StringToUUIDConverter[]) }
InferredTransfer{ <org.springframework.core.convert.support.ByteBufferConverter: java.lang.Object convert(java.lang.Object,org.springframework.core.convert.TypeDescriptor,org.springframework.core.convert.TypeDescriptor)>: base -> result(java.util.Optional) }
InferredTransfer{ <org.springframework.core.convert.support.StringToArrayConverter: java.lang.Object convert(java.lang.Object,org.springframework.core.convert.TypeDescriptor,org.springframework.core.convert.TypeDescriptor)>: base -> result(org.springframework.core.convert.support.StringToUUIDConverter[]) }
InferredTransfer{ <org.springframework.core.convert.support.StreamConverter: java.lang.Object convertFromStream(java.util.stream.Stream,org.springframework.core.convert.TypeDescriptor,org.springframework.core.convert.TypeDescriptor)>: 2 -> result(org.springframework.core.convert.support.StringToTimeZoneConverter[]) }
InferredTransfer{ <org.springframework.core.convert.support.ConversionUtils: java.lang.Object invokeConverter(org.springframework.core.convert.converter.GenericConverter,java.lang.Object,org.springframework.core.convert.TypeDescriptor,org.springframework.core.convert.TypeDescriptor)>: 1 -> result(byte[]) }
InferredTransfer{ <org.springframework.core.convert.support.StreamConverter: java.lang.Object convertFromStream(java.util.stream.Stream,org.springframework.core.convert.TypeDescriptor,org.springframework.core.convert.TypeDescriptor)>: 1 -> result(org.springframework.core.convert.support.StringToTimeZoneConverter[]) }
InferredTransfer{ <org.springframework.core.convert.TypeDescriptor: org.springframework.core.convert.TypeDescriptor narrow(java.lang.Object,org.springframework.core.convert.TypeDescriptor)>: 1 -> base(org.springframework.core.convert.support.ObjectToOptionalConverter$GenericTypeDescriptor) }
InferredTransfer{ <org.springframework.core.convert.support.ObjectToArrayConverter: java.lang.Object convert(java.lang.Object,org.springframework.core.convert.TypeDescriptor,org.springframework.core.convert.TypeDescriptor)>: 0 -> result(short[][]) }
InferredTransfer{ <org.springframework.core.convert.support.PropertiesToStringConverter: java.lang.Object convert(java.lang.Object)>: 0 -> base(org.springframework.core.convert.support.PropertiesToStringConverter) }
InferredTransfer{ <org.springframework.core.convert.TypeDescriptor: org.springframework.core.convert.TypeDescriptor narrow(java.lang.Object,org.springframework.core.convert.TypeDescriptor)>: 0 -> base(org.springframework.core.convert.support.ObjectToOptionalConverter$GenericTypeDescriptor) }
InferredTransfer{ <org.springframework.core.convert.support.StreamConverter: java.lang.Object convertFromStream(java.util.stream.Stream,org.springframework.core.convert.TypeDescriptor,org.springframework.core.convert.TypeDescriptor)>: base -> result(org.springframework.core.convert.support.StringToTimeZoneConverter[]) }
InferredTransfer{ <org.springframework.core.convert.support.StringToArrayConverter: java.lang.Object convert(java.lang.Object,org.springframework.core.convert.TypeDescriptor,org.springframework.core.convert.TypeDescriptor)>: 0 -> result(boolean[][]) }
InferredTransfer{ <org.springframework.core.convert.support.GenericConversionService: java.lang.Object convert(java.lang.Object,org.springframework.core.convert.TypeDescriptor,org.springframework.core.convert.TypeDescriptor)>: 2 -> result(org.springframework.core.convert.support.StringToCharsetConverter[]) }
InferredTransfer{ <org.springframework.core.convert.support.StreamConverter: java.lang.Object convert(java.lang.Object,org.springframework.core.convert.TypeDescriptor,org.springframework.core.convert.TypeDescriptor)>: 2 -> result(java.math.BigDecimal[]) }
InferredTransfer{ <org.springframework.core.convert.support.GenericConversionService: java.lang.Object convert(java.lang.Object,org.springframework.core.convert.TypeDescriptor,org.springframework.core.convert.TypeDescriptor)>: 1 -> result(org.springframework.core.convert.support.StringToCharsetConverter[]) }
InferredTransfer{ <org.springframework.core.convert.support.StringToArrayConverter: java.lang.Object convert(java.lang.Object,org.springframework.core.convert.TypeDescriptor,org.springframework.core.convert.TypeDescriptor)>: 2 -> result(java.math.BigInteger[]) }
InferredTransfer{ <org.springframework.core.convert.support.StringToArrayConverter: java.lang.Object convert(java.lang.Object,org.springframework.core.convert.TypeDescriptor,org.springframework.core.convert.TypeDescriptor)>: 0 -> result(java.util.stream.Stream[]) }
InferredTransfer{ <org.springframework.core.convert.support.GenericConversionService: java.lang.Object convert(java.lang.Object,org.springframework.core.convert.TypeDescriptor,org.springframework.core.convert.TypeDescriptor)>: 0 -> result(org.springframework.core.convert.support.StringToCharsetConverter[]) }
InferredTransfer{ <org.springframework.core.convert.support.ByteBufferConverter: java.lang.Object convertFromByteBuffer(java.nio.ByteBuffer,org.springframework.core.convert.TypeDescriptor)>: 1 -> result(org.springframework.core.convert.support.StringToCurrencyConverter[]) }
InferredTransfer{ <org.springframework.core.convert.support.StreamConverter: java.lang.Object convert(java.lang.Object,org.springframework.core.convert.TypeDescriptor,org.springframework.core.convert.TypeDescriptor)>: 0 -> result(java.math.BigDecimal[]) }
InferredTransfer{ <org.springframework.core.convert.support.GenericConversionService: java.lang.Object convert(java.lang.Object,org.springframework.core.convert.TypeDescriptor,org.springframework.core.convert.TypeDescriptor)>: base -> result(org.springframework.core.convert.support.StringToCharsetConverter[]) }
InferredTransfer{ <org.springframework.core.convert.support.StringToArrayConverter: java.lang.Object convert(java.lang.Object,org.springframework.core.convert.TypeDescriptor,org.springframework.core.convert.TypeDescriptor)>: 0 -> result(java.math.BigInteger[]) }
InferredTransfer{ <org.springframework.core.convert.support.StreamConverter: java.lang.Object convertFromStream(java.util.stream.Stream,org.springframework.core.convert.TypeDescriptor,org.springframework.core.convert.TypeDescriptor)>: 2 -> result(sun.security.jca.ServiceId[]) }
InferredTransfer{ <org.springframework.core.convert.support.StreamConverter: java.lang.Object convert(java.lang.Object,org.springframework.core.convert.TypeDescriptor,org.springframework.core.convert.TypeDescriptor)>: base -> result(java.math.BigDecimal[]) }
InferredTransfer{ <org.springframework.core.convert.support.StreamConverter: java.lang.Object convertFromStream(java.util.stream.Stream,org.springframework.core.convert.TypeDescriptor,org.springframework.core.convert.TypeDescriptor)>: 1 -> result(sun.security.jca.ServiceId[]) }
InferredTransfer{ <org.springframework.core.convert.support.ByteBufferConverter: java.lang.Object convertFromByteBuffer(java.nio.ByteBuffer,org.springframework.core.convert.TypeDescriptor)>: base -> result(org.springframework.core.convert.support.StringToCurrencyConverter[]) }
InferredTransfer{ <org.springframework.core.convert.support.StringToArrayConverter: java.lang.Object convert(java.lang.Object,org.springframework.core.convert.TypeDescriptor,org.springframework.core.convert.TypeDescriptor)>: base -> result(java.math.BigInteger[]) }
InferredTransfer{ <org.springframework.core.convert.support.StringToArrayConverter: java.lang.Object convert(java.lang.Object,org.springframework.core.convert.TypeDescriptor,org.springframework.core.convert.TypeDescriptor)>: 0 -> result(java.lang.Error[]) }
InferredTransfer{ <org.springframework.core.convert.support.CollectionToObjectConverter: java.lang.Object convert(java.lang.Object,org.springframework.core.convert.TypeDescriptor,org.springframework.core.convert.TypeDescriptor)>: 0 -> result(int[][]) }
InferredTransfer{ <org.springframework.core.convert.support.GenericConversionService: java.lang.Object convert(java.lang.Object,org.springframework.core.convert.TypeDescriptor,org.springframework.core.convert.TypeDescriptor)>: 0 -> result(java.io.Closeable[]) }
InferredTransfer{ <org.springframework.core.convert.support.StringToBooleanConverter: java.lang.Object convert(java.lang.Object)>: 0 -> result(java.lang.Boolean) }
InferredTransfer{ <org.springframework.core.convert.support.StreamConverter: java.lang.Object convertFromStream(java.util.stream.Stream,org.springframework.core.convert.TypeDescriptor,org.springframework.core.convert.TypeDescriptor)>: base -> result(sun.security.jca.ServiceId[]) }
InferredTransfer{ <org.springframework.core.convert.support.ArrayToArrayConverter: java.lang.Object convert(java.lang.Object,org.springframework.core.convert.TypeDescriptor,org.springframework.core.convert.TypeDescriptor)>: 0 -> result(java.util.Map[]) }
InferredTransfer{ <org.springframework.core.convert.support.StringToBooleanConverter: java.lang.Object convert(java.lang.Object)>: base -> result(java.lang.Boolean) }
InferredTransfer{ <org.springframework.core.convert.support.StringToArrayConverter: java.lang.Object convert(java.lang.Object,org.springframework.core.convert.TypeDescriptor,org.springframework.core.convert.TypeDescriptor)>: 0 -> result(java.util.Set[]) }
InferredTransfer{ <java.util.TimeZone: java.lang.String getID()>: base -> result(java.lang.String) }
InferredTransfer{ <org.springframework.core.convert.support.StringToArrayConverter: java.lang.Object convert(java.lang.Object,org.springframework.core.convert.TypeDescriptor,org.springframework.core.convert.TypeDescriptor)>: 2 -> result(java.util.HashMap[]) }
InferredTransfer{ <org.springframework.core.convert.support.ByteBufferConverter: java.lang.Object convert(java.lang.Object,org.springframework.core.convert.TypeDescriptor,org.springframework.core.convert.TypeDescriptor)>: 2 -> result(org.springframework.core.convert.support.ZonedDateTimeToCalendarConverter[]) }
InferredTransfer{ <org.springframework.core.convert.support.MapToMapConverter: java.lang.Object convertKey(java.lang.Object,org.springframework.core.convert.TypeDescriptor,org.springframework.core.convert.TypeDescriptor)>: 2 -> result(org.springframework.core.convert.support.StringToTimeZoneConverter[]) }
InferredTransfer{ <org.springframework.core.convert.support.StringToArrayConverter: java.lang.Object convert(java.lang.Object,org.springframework.core.convert.TypeDescriptor,org.springframework.core.convert.TypeDescriptor)>: 1 -> result(java.util.HashMap[]) }
InferredTransfer{ <org.springframework.core.convert.support.ByteBufferConverter: java.lang.Object convert(java.lang.Object,org.springframework.core.convert.TypeDescriptor,org.springframework.core.convert.TypeDescriptor)>: 1 -> result(org.springframework.core.convert.support.ZonedDateTimeToCalendarConverter[]) }
InferredTransfer{ <org.springframework.core.convert.support.ByteBufferConverter: java.lang.Object convert(java.lang.Object,org.springframework.core.convert.TypeDescriptor,org.springframework.core.convert.TypeDescriptor)>: 2 -> result(org.springframework.core.convert.support.CharacterToNumberFactory[]) }
InferredTransfer{ <org.springframework.core.convert.TypeDescriptor: org.springframework.core.convert.TypeDescriptor forObject(java.lang.Object)>: 0 -> result(org.springframework.core.convert.TypeDescriptor) }
InferredTransfer{ <org.springframework.core.convert.support.MapToMapConverter: java.lang.Object convertKey(java.lang.Object,org.springframework.core.convert.TypeDescriptor,org.springframework.core.convert.TypeDescriptor)>: 1 -> result(org.springframework.core.convert.support.StringToTimeZoneConverter[]) }
InferredTransfer{ <org.springframework.core.convert.support.ArrayToObjectConverter: java.lang.Object convert(java.lang.Object,org.springframework.core.convert.TypeDescriptor,org.springframework.core.convert.TypeDescriptor)>: 2 -> result(java.util.LinkedHashSet[]) }
InferredTransfer{ <org.springframework.core.convert.support.StringToArrayConverter: java.lang.Object convert(java.lang.Object,org.springframework.core.convert.TypeDescriptor,org.springframework.core.convert.TypeDescriptor)>: 0 -> result(java.util.HashMap[]) }
InferredTransfer{ <java.lang.StringBuffer: java.lang.StringBuffer append(java.lang.CharSequence,int,int)>: 0 -> base(java.lang.StringBuffer) }
InferredTransfer{ <org.springframework.core.convert.support.ByteBufferConverter: java.lang.Object convert(java.lang.Object,org.springframework.core.convert.TypeDescriptor,org.springframework.core.convert.TypeDescriptor)>: 0 -> result(org.springframework.core.convert.support.ZonedDateTimeToCalendarConverter[]) }
InferredTransfer{ <org.springframework.core.convert.support.ByteBufferConverter: java.lang.Object convert(java.lang.Object,org.springframework.core.convert.TypeDescriptor,org.springframework.core.convert.TypeDescriptor)>: 1 -> result(org.springframework.core.convert.support.CharacterToNumberFactory[]) }
InferredTransfer{ <org.springframework.core.convert.TypeDescriptor: org.springframework.core.convert.TypeDescriptor getMapValueTypeDescriptor()>: base -> result(org.springframework.core.convert.TypeDescriptor) }
InferredTransfer{ <org.springframework.core.convert.support.CollectionToArrayConverter: java.lang.Object convert(java.lang.Object,org.springframework.core.convert.TypeDescriptor,org.springframework.core.convert.TypeDescriptor)>: 2 -> result(org.springframework.core.convert.support.PropertiesToStringConverter[]) }
InferredTransfer{ <org.springframework.core.convert.support.ArrayToObjectConverter: java.lang.Object convert(java.lang.Object,org.springframework.core.convert.TypeDescriptor,org.springframework.core.convert.TypeDescriptor)>: 1 -> result(java.util.LinkedHashSet[]) }
InferredTransfer{ <org.springframework.core.convert.support.ByteBufferConverter: java.lang.Object convert(java.lang.Object,org.springframework.core.convert.TypeDescriptor,org.springframework.core.convert.TypeDescriptor)>: 0 -> result(org.springframework.core.convert.support.CharacterToNumberFactory[]) }
InferredTransfer{ <org.springframework.core.convert.support.StringToArrayConverter: java.lang.Object convert(java.lang.Object,org.springframework.core.convert.TypeDescriptor,org.springframework.core.convert.TypeDescriptor)>: base -> result(java.util.HashMap[]) }
InferredTransfer{ <org.springframework.core.convert.support.ArrayToArrayConverter: java.lang.Object convert(java.lang.Object,org.springframework.core.convert.TypeDescriptor,org.springframework.core.convert.TypeDescriptor)>: 2 -> result(org.springframework.core.convert.support.PropertiesToStringConverter[]) }
InferredTransfer{ <org.springframework.core.convert.support.ByteBufferConverter: java.lang.Object convert(java.lang.Object,org.springframework.core.convert.TypeDescriptor,org.springframework.core.convert.TypeDescriptor)>: base -> result(org.springframework.core.convert.support.ZonedDateTimeToCalendarConverter[]) }
InferredTransfer{ <org.springframework.core.convert.support.MapToMapConverter: java.lang.Object convertKey(java.lang.Object,org.springframework.core.convert.TypeDescriptor,org.springframework.core.convert.TypeDescriptor)>: base -> result(org.springframework.core.convert.support.StringToTimeZoneConverter[]) }
InferredTransfer{ <org.springframework.core.convert.support.CollectionToArrayConverter: java.lang.Object convert(java.lang.Object,org.springframework.core.convert.TypeDescriptor,org.springframework.core.convert.TypeDescriptor)>: 1 -> result(org.springframework.core.convert.support.PropertiesToStringConverter[]) }
InferredTransfer{ <org.springframework.core.convert.support.ArrayToObjectConverter: java.lang.Object convert(java.lang.Object,org.springframework.core.convert.TypeDescriptor,org.springframework.core.convert.TypeDescriptor)>: 0 -> result(java.util.LinkedHashSet[]) }
InferredTransfer{ <org.springframework.core.convert.support.ArrayToArrayConverter: java.lang.Object convert(java.lang.Object,org.springframework.core.convert.TypeDescriptor,org.springframework.core.convert.TypeDescriptor)>: 1 -> result(org.springframework.core.convert.support.PropertiesToStringConverter[]) }
InferredTransfer{ <org.springframework.core.convert.support.ByteBufferConverter: java.lang.Object convert(java.lang.Object,org.springframework.core.convert.TypeDescriptor,org.springframework.core.convert.TypeDescriptor)>: base -> result(org.springframework.core.convert.support.CharacterToNumberFactory[]) }
InferredTransfer{ <org.springframework.core.convert.support.StringToArrayConverter: java.lang.Object convert(java.lang.Object,org.springframework.core.convert.TypeDescriptor,org.springframework.core.convert.TypeDescriptor)>: 2 -> result(org.springframework.core.convert.support.StringToCharacterConverter[]) }
InferredTransfer{ <org.springframework.core.convert.support.CollectionToArrayConverter: java.lang.Object convert(java.lang.Object,org.springframework.core.convert.TypeDescriptor,org.springframework.core.convert.TypeDescriptor)>: 2 -> base(org.springframework.core.convert.support.CollectionToArrayConverter) }
InferredTransfer{ <org.springframework.core.convert.support.CollectionToArrayConverter: java.lang.Object convert(java.lang.Object,org.springframework.core.convert.TypeDescriptor,org.springframework.core.convert.TypeDescriptor)>: 1 -> base(org.springframework.core.convert.support.CollectionToArrayConverter) }
InferredTransfer{ <org.springframework.core.convert.support.ArrayToObjectConverter: java.lang.Object convert(java.lang.Object,org.springframework.core.convert.TypeDescriptor,org.springframework.core.convert.TypeDescriptor)>: base -> result(java.util.LinkedHashSet[]) }
InferredTransfer{ <org.springframework.core.convert.support.ArrayToArrayConverter: java.lang.Object convert(java.lang.Object,org.springframework.core.convert.TypeDescriptor,org.springframework.core.convert.TypeDescriptor)>: 0 -> result(org.springframework.core.convert.support.PropertiesToStringConverter[]) }
InferredTransfer{ <org.springframework.core.convert.support.CollectionToArrayConverter: java.lang.Object convert(java.lang.Object,org.springframework.core.convert.TypeDescriptor,org.springframework.core.convert.TypeDescriptor)>: 0 -> result(org.springframework.core.convert.support.PropertiesToStringConverter[]) }
InferredTransfer{ <org.springframework.core.convert.support.StringToArrayConverter: java.lang.Object convert(java.lang.Object,org.springframework.core.convert.TypeDescriptor,org.springframework.core.convert.TypeDescriptor)>: 1 -> result(org.springframework.core.convert.support.StringToCharacterConverter[]) }
InferredTransfer{ <org.springframework.core.convert.support.CollectionToArrayConverter: java.lang.Object convert(java.lang.Object,org.springframework.core.convert.TypeDescriptor,org.springframework.core.convert.TypeDescriptor)>: base -> result(org.springframework.core.convert.support.PropertiesToStringConverter[]) }
InferredTransfer{ <org.springframework.core.convert.support.CollectionToArrayConverter: java.lang.Object convert(java.lang.Object,org.springframework.core.convert.TypeDescriptor,org.springframework.core.convert.TypeDescriptor)>: 0 -> base(org.springframework.core.convert.support.CollectionToArrayConverter) }
InferredTransfer{ <org.springframework.core.convert.support.StringToArrayConverter: java.lang.Object convert(java.lang.Object,org.springframework.core.convert.TypeDescriptor,org.springframework.core.convert.TypeDescriptor)>: 0 -> result(char[][]) }
InferredTransfer{ <org.springframework.core.convert.support.ArrayToArrayConverter: java.lang.Object convert(java.lang.Object,org.springframework.core.convert.TypeDescriptor,org.springframework.core.convert.TypeDescriptor)>: base -> result(org.springframework.core.convert.support.PropertiesToStringConverter[]) }
InferredTransfer{ <org.springframework.core.convert.support.StringToArrayConverter: java.lang.Object convert(java.lang.Object,org.springframework.core.convert.TypeDescriptor,org.springframework.core.convert.TypeDescriptor)>: 0 -> result(org.springframework.core.convert.support.StringToCharacterConverter[]) }
InferredTransfer{ <org.springframework.core.convert.support.StringToArrayConverter: java.lang.Object convert(java.lang.Object,org.springframework.core.convert.TypeDescriptor,org.springframework.core.convert.TypeDescriptor)>: base -> result(org.springframework.core.convert.support.StringToCharacterConverter[]) }
InferredTransfer{ <org.springframework.core.convert.support.GenericConversionService: java.lang.Object convert(java.lang.Object,org.springframework.core.convert.TypeDescriptor,org.springframework.core.convert.TypeDescriptor)>: 0 -> result(java.lang.Class[]) }
InferredTransfer{ <org.springframework.core.convert.support.StringToArrayConverter: java.lang.Object convert(java.lang.Object,org.springframework.core.convert.TypeDescriptor,org.springframework.core.convert.TypeDescriptor)>: 2 -> result(java.util.NavigableMap[]) }
InferredTransfer{ <org.springframework.core.convert.support.StringToArrayConverter: java.lang.Object convert(java.lang.Object,org.springframework.core.convert.TypeDescriptor,org.springframework.core.convert.TypeDescriptor)>: 0 -> result(org.springframework.core.convert.support.EnumToIntegerConverter[]) }
InferredTransfer{ <org.springframework.core.convert.support.CollectionToObjectConverter: java.lang.Object convert(java.lang.Object,org.springframework.core.convert.TypeDescriptor,org.springframework.core.convert.TypeDescriptor)>: 0 -> result(long[][]) }
InferredTransfer{ <org.springframework.core.convert.support.StringToArrayConverter: java.lang.Object convert(java.lang.Object,org.springframework.core.convert.TypeDescriptor,org.springframework.core.convert.TypeDescriptor)>: base -> result(org.springframework.core.convert.support.EnumToIntegerConverter[]) }
InferredTransfer{ <org.springframework.core.convert.support.MapToMapConverter: java.lang.Object convertKey(java.lang.Object,org.springframework.core.convert.TypeDescriptor,org.springframework.core.convert.TypeDescriptor)>: 2 -> result(sun.security.jca.ServiceId[]) }
InferredTransfer{ <org.springframework.core.ResolvableType: org.springframework.core.ResolvableType$VariableResolver access$500(org.springframework.core.ResolvableType)>: 0 -> result(org.springframework.core.ResolvableType$TypeVariablesVariableResolver) }
InferredTransfer{ <org.springframework.core.convert.support.StringToArrayConverter: java.lang.Object convert(java.lang.Object,org.springframework.core.convert.TypeDescriptor,org.springframework.core.convert.TypeDescriptor)>: 0 -> result(java.util.NavigableMap[]) }
InferredTransfer{ <org.springframework.core.convert.support.MapToMapConverter: java.lang.Object convertKey(java.lang.Object,org.springframework.core.convert.TypeDescriptor,org.springframework.core.convert.TypeDescriptor)>: 1 -> result(sun.security.jca.ServiceId[]) }
InferredTransfer{ <org.springframework.core.convert.support.StringToArrayConverter: java.lang.Object convert(java.lang.Object,org.springframework.core.convert.TypeDescriptor,org.springframework.core.convert.TypeDescriptor)>: 0 -> result(java.lang.Byte[]) }
InferredTransfer{ <org.springframework.core.convert.support.CollectionToObjectConverter: java.lang.Object convert(java.lang.Object,org.springframework.core.convert.TypeDescriptor,org.springframework.core.convert.TypeDescriptor)>: 2 -> result(org.springframework.core.convert.support.StringToTimeZoneConverter[]) }
InferredTransfer{ <org.springframework.core.convert.support.StringToArrayConverter: java.lang.Object convert(java.lang.Object,org.springframework.core.convert.TypeDescriptor,org.springframework.core.convert.TypeDescriptor)>: base -> result(java.util.NavigableMap[]) }
InferredTransfer{ <org.springframework.core.convert.support.ObjectToArrayConverter: java.lang.Object convert(java.lang.Object,org.springframework.core.convert.TypeDescriptor,org.springframework.core.convert.TypeDescriptor)>: 2 -> result(org.springframework.core.convert.support.StringToCurrencyConverter[]) }
InferredTransfer{ <org.springframework.core.convert.support.CollectionToObjectConverter: java.lang.Object convert(java.lang.Object,org.springframework.core.convert.TypeDescriptor,org.springframework.core.convert.TypeDescriptor)>: 1 -> result(org.springframework.core.convert.support.StringToTimeZoneConverter[]) }
InferredTransfer{ <org.springframework.core.convert.support.StreamConverter: java.lang.Object convert(java.lang.Object,org.springframework.core.convert.TypeDescriptor,org.springframework.core.convert.TypeDescriptor)>: 2 -> result(org.springframework.core.convert.support.NumberToNumberConverterFactory[]) }
InferredTransfer{ <org.springframework.core.convert.support.MapToMapConverter: java.lang.Object convertKey(java.lang.Object,org.springframework.core.convert.TypeDescriptor,org.springframework.core.convert.TypeDescriptor)>: base -> result(sun.security.jca.ServiceId[]) }
InferredTransfer{ <org.springframework.core.convert.support.ObjectToArrayConverter: java.lang.Object convert(java.lang.Object,org.springframework.core.convert.TypeDescriptor,org.springframework.core.convert.TypeDescriptor)>: 1 -> result(org.springframework.core.convert.support.StringToCurrencyConverter[]) }
InferredTransfer{ <org.springframework.core.convert.support.CollectionToObjectConverter: java.lang.Object convert(java.lang.Object,org.springframework.core.convert.TypeDescriptor,org.springframework.core.convert.TypeDescriptor)>: 0 -> result(org.springframework.core.convert.support.StringToTimeZoneConverter[]) }
InferredTransfer{ <org.springframework.core.convert.support.StreamConverter: java.lang.Object convert(java.lang.Object,org.springframework.core.convert.TypeDescriptor,org.springframework.core.convert.TypeDescriptor)>: 1 -> result(org.springframework.core.convert.support.NumberToNumberConverterFactory[]) }
InferredTransfer{ <org.springframework.core.convert.support.ObjectToArrayConverter: java.lang.Object convert(java.lang.Object,org.springframework.core.convert.TypeDescriptor,org.springframework.core.convert.TypeDescriptor)>: 0 -> result(org.springframework.core.convert.support.StringToCurrencyConverter[]) }
InferredTransfer{ <org.springframework.core.convert.support.CollectionToObjectConverter: java.lang.Object convert(java.lang.Object,org.springframework.core.convert.TypeDescriptor,org.springframework.core.convert.TypeDescriptor)>: base -> result(org.springframework.core.convert.support.StringToTimeZoneConverter[]) }
InferredTransfer{ <org.springframework.core.convert.support.StreamConverter: java.lang.Object convert(java.lang.Object,org.springframework.core.convert.TypeDescriptor,org.springframework.core.convert.TypeDescriptor)>: 0 -> result(org.springframework.core.convert.support.NumberToNumberConverterFactory[]) }
InferredTransfer{ <org.springframework.util.StringUtils: java.lang.String trimLeadingWhitespace(java.lang.String)>: 0 -> result(java.lang.String) }
InferredTransfer{ <org.springframework.core.convert.support.ObjectToArrayConverter: java.lang.Object convert(java.lang.Object,org.springframework.core.convert.TypeDescriptor,org.springframework.core.convert.TypeDescriptor)>: base -> result(org.springframework.core.convert.support.StringToCurrencyConverter[]) }
InferredTransfer{ <org.springframework.core.convert.support.ConversionUtils: java.lang.Object invokeConverter(org.springframework.core.convert.converter.GenericConverter,java.lang.Object,org.springframework.core.convert.TypeDescriptor,org.springframework.core.convert.TypeDescriptor)>: 3 -> result(java.util.TreeSet[]) }
InferredTransfer{ <org.springframework.core.convert.support.StreamConverter: java.lang.Object convert(java.lang.Object,org.springframework.core.convert.TypeDescriptor,org.springframework.core.convert.TypeDescriptor)>: base -> result(org.springframework.core.convert.support.NumberToNumberConverterFactory[]) }
InferredTransfer{ <org.springframework.core.convert.support.ConversionUtils: java.lang.Object invokeConverter(org.springframework.core.convert.converter.GenericConverter,java.lang.Object,org.springframework.core.convert.TypeDescriptor,org.springframework.core.convert.TypeDescriptor)>: 2 -> result(java.util.TreeSet[]) }
InferredTransfer{ <org.springframework.core.convert.support.ArrayToObjectConverter: java.lang.Object convert(java.lang.Object,org.springframework.core.convert.TypeDescriptor,org.springframework.core.convert.TypeDescriptor)>: 2 -> result(sun.security.jca.ServiceId[]) }
InferredTransfer{ <org.springframework.core.convert.support.ConversionUtils: java.lang.Object invokeConverter(org.springframework.core.convert.converter.GenericConverter,java.lang.Object,org.springframework.core.convert.TypeDescriptor,org.springframework.core.convert.TypeDescriptor)>: 1 -> result(java.util.TreeSet[]) }
InferredTransfer{ <org.springframework.core.convert.support.CollectionToArrayConverter: java.lang.Object convert(java.lang.Object,org.springframework.core.convert.TypeDescriptor,org.springframework.core.convert.TypeDescriptor)>: 2 -> result(java.util.ArrayList[]) }
InferredTransfer{ <org.springframework.core.convert.support.ArrayToArrayConverter: java.lang.Object convert(java.lang.Object,org.springframework.core.convert.TypeDescriptor,org.springframework.core.convert.TypeDescriptor)>: 2 -> result(java.util.ArrayList[]) }
InferredTransfer{ <org.springframework.core.convert.support.ArrayToObjectConverter: java.lang.Object convert(java.lang.Object,org.springframework.core.convert.TypeDescriptor,org.springframework.core.convert.TypeDescriptor)>: 1 -> result(sun.security.jca.ServiceId[]) }
InferredTransfer{ <org.springframework.core.convert.support.CollectionToArrayConverter: java.lang.Object convert(java.lang.Object,org.springframework.core.convert.TypeDescriptor,org.springframework.core.convert.TypeDescriptor)>: 1 -> result(java.util.ArrayList[]) }
InferredTransfer{ <org.springframework.core.convert.support.ConversionUtils: java.lang.Object invokeConverter(org.springframework.core.convert.converter.GenericConverter,java.lang.Object,org.springframework.core.convert.TypeDescriptor,org.springframework.core.convert.TypeDescriptor)>: 0 -> result(java.util.TreeSet[]) }
InferredTransfer{ <org.springframework.core.convert.support.ArrayToArrayConverter: java.lang.Object convert(java.lang.Object,org.springframework.core.convert.TypeDescriptor,org.springframework.core.convert.TypeDescriptor)>: 1 -> result(java.util.ArrayList[]) }
InferredTransfer{ <org.springframework.core.convert.support.ArrayToObjectConverter: java.lang.Object convert(java.lang.Object,org.springframework.core.convert.TypeDescriptor,org.springframework.core.convert.TypeDescriptor)>: 0 -> result(sun.security.jca.ServiceId[]) }
InferredTransfer{ <org.springframework.core.ResolvableType: org.springframework.core.ResolvableType$VariableResolver access$500(org.springframework.core.ResolvableType)>: 0 -> result(org.springframework.core.ResolvableType$DefaultVariableResolver) }
InferredTransfer{ <org.springframework.core.convert.support.ObjectToArrayConverter: java.lang.Object convert(java.lang.Object,org.springframework.core.convert.TypeDescriptor,org.springframework.core.convert.TypeDescriptor)>: 0 -> result(java.lang.Short[]) }
InferredTransfer{ <org.springframework.util.NumberUtils: java.math.BigInteger decodeBigInteger(java.lang.String)>: 0 -> result(java.math.BigInteger) }
InferredTransfer{ <org.springframework.core.convert.support.CollectionToArrayConverter: java.lang.Object convert(java.lang.Object,org.springframework.core.convert.TypeDescriptor,org.springframework.core.convert.TypeDescriptor)>: 0 -> result(java.util.ArrayList[]) }
InferredTransfer{ <org.springframework.core.convert.support.ArrayToArrayConverter: java.lang.Object convert(java.lang.Object,org.springframework.core.convert.TypeDescriptor,org.springframework.core.convert.TypeDescriptor)>: 0 -> result(java.util.ArrayList[]) }
InferredTransfer{ <org.springframework.core.convert.support.ArrayToObjectConverter: java.lang.Object convert(java.lang.Object,org.springframework.core.convert.TypeDescriptor,org.springframework.core.convert.TypeDescriptor)>: base -> result(sun.security.jca.ServiceId[]) }
InferredTransfer{ <org.springframework.core.convert.support.CollectionToObjectConverter: java.lang.Object convert(java.lang.Object,org.springframework.core.convert.TypeDescriptor,org.springframework.core.convert.TypeDescriptor)>: 2 -> result(sun.security.jca.ServiceId[]) }
InferredTransfer{ <org.springframework.core.convert.support.CollectionToArrayConverter: java.lang.Object convert(java.lang.Object,org.springframework.core.convert.TypeDescriptor,org.springframework.core.convert.TypeDescriptor)>: base -> result(java.util.ArrayList[]) }
InferredTransfer{ <org.springframework.core.convert.support.ArrayToArrayConverter: java.lang.Object convert(java.lang.Object,org.springframework.core.convert.TypeDescriptor,org.springframework.core.convert.TypeDescriptor)>: base -> result(java.util.ArrayList[]) }
InferredTransfer{ <org.springframework.core.convert.support.ConversionUtils: java.lang.Object invokeConverter(org.springframework.core.convert.converter.GenericConverter,java.lang.Object,org.springframework.core.convert.TypeDescriptor,org.springframework.core.convert.TypeDescriptor)>: 1 -> result(java.util.List[]) }
InferredTransfer{ <org.springframework.core.convert.support.CollectionToObjectConverter: java.lang.Object convert(java.lang.Object,org.springframework.core.convert.TypeDescriptor,org.springframework.core.convert.TypeDescriptor)>: 1 -> result(sun.security.jca.ServiceId[]) }
InferredTransfer{ <org.springframework.core.convert.support.CollectionToObjectConverter: java.lang.Object convert(java.lang.Object,org.springframework.core.convert.TypeDescriptor,org.springframework.core.convert.TypeDescriptor)>: 0 -> result(sun.security.jca.ServiceId[]) }
InferredTransfer{ <org.springframework.core.convert.support.StringToTimeZoneConverter: java.util.TimeZone convert(java.lang.String)>: 0 -> result(sun.util.calendar.ZoneInfo) }
InferredTransfer{ <org.springframework.core.convert.support.ObjectToArrayConverter: java.lang.Object convert(java.lang.Object,org.springframework.core.convert.TypeDescriptor,org.springframework.core.convert.TypeDescriptor)>: 0 -> result(java.util.Collection[]) }
InferredTransfer{ <org.springframework.core.env.MapPropertySource: java.lang.Object getProperty(java.lang.String)>: 0 -> result(java.lang.String) }
InferredTransfer{ <org.springframework.core.convert.support.CollectionToObjectConverter: java.lang.Object convert(java.lang.Object,org.springframework.core.convert.TypeDescriptor,org.springframework.core.convert.TypeDescriptor)>: base -> result(sun.security.jca.ServiceId[]) }
InferredTransfer{ <org.springframework.core.convert.support.StringToTimeZoneConverter: java.util.TimeZone convert(java.lang.String)>: base -> result(sun.util.calendar.ZoneInfo) }
InferredTransfer{ <org.springframework.core.env.MapPropertySource: java.lang.Object getProperty(java.lang.String)>: base -> result(java.lang.String) }
InferredTransfer{ <org.springframework.core.convert.support.StreamConverter: java.lang.Object convert(java.lang.Object,org.springframework.core.convert.TypeDescriptor,org.springframework.core.convert.TypeDescriptor)>: 0 -> result(java.nio.charset.Charset[]) }
InferredTransfer{ <org.springframework.core.convert.support.ArrayToObjectConverter: java.lang.Object convert(java.lang.Object,org.springframework.core.convert.TypeDescriptor,org.springframework.core.convert.TypeDescriptor)>: 0 -> result(java.nio.ByteBuffer[]) }
InferredTransfer{ <org.springframework.core.convert.support.ArrayToObjectConverter: java.lang.Object convert(java.lang.Object,org.springframework.core.convert.TypeDescriptor,org.springframework.core.convert.TypeDescriptor)>: base -> result(java.nio.ByteBuffer[]) }
InferredTransfer{ <org.springframework.core.convert.support.GenericConversionService: java.lang.Object convert(java.lang.Object,org.springframework.core.convert.TypeDescriptor,org.springframework.core.convert.TypeDescriptor)>: 2 -> result(java.util.UUID[]) }
InferredTransfer{ <org.springframework.core.convert.support.NumberToCharacterConverter: java.lang.Object convert(java.lang.Object)>: 0 -> result(java.lang.Character) }
InferredTransfer{ <org.springframework.core.convert.support.ArrayToObjectConverter: java.lang.Object convert(java.lang.Object,org.springframework.core.convert.TypeDescriptor,org.springframework.core.convert.TypeDescriptor)>: 0 -> result(java.lang.Double[]) }
InferredTransfer{ <org.springframework.core.convert.support.GenericConversionService: java.lang.Object convert(java.lang.Object,org.springframework.core.convert.TypeDescriptor,org.springframework.core.convert.TypeDescriptor)>: 1 -> result(java.util.UUID[]) }
InferredTransfer{ <org.springframework.core.convert.support.CollectionToObjectConverter: java.lang.Object convert(java.lang.Object,org.springframework.core.convert.TypeDescriptor,org.springframework.core.convert.TypeDescriptor)>: 0 -> result(java.nio.ByteBuffer[]) }
InferredTransfer{ <org.springframework.core.convert.support.CollectionToObjectConverter: java.lang.Object convert(java.lang.Object,org.springframework.core.convert.TypeDescriptor,org.springframework.core.convert.TypeDescriptor)>: 0 -> result(java.lang.Object[]) }
InferredTransfer{ <org.springframework.core.convert.support.NumberToCharacterConverter: java.lang.Object convert(java.lang.Object)>: base -> result(java.lang.Character) }
InferredTransfer{ <org.springframework.core.convert.support.GenericConversionService: java.lang.Object convert(java.lang.Object,org.springframework.core.convert.TypeDescriptor,org.springframework.core.convert.TypeDescriptor)>: 0 -> result(java.util.UUID[]) }
InferredTransfer{ <org.springframework.core.convert.support.CollectionToObjectConverter: java.lang.Object convert(java.lang.Object,org.springframework.core.convert.TypeDescriptor,org.springframework.core.convert.TypeDescriptor)>: base -> result(java.nio.ByteBuffer[]) }
InferredTransfer{ <org.springframework.core.convert.support.GenericConversionService: java.lang.Object convert(java.lang.Object,org.springframework.core.convert.TypeDescriptor,org.springframework.core.convert.TypeDescriptor)>: base -> result(java.util.UUID[]) }
InferredTransfer{ <org.springframework.core.convert.support.ByteBufferConverter: java.lang.Object convert(java.lang.Object,org.springframework.core.convert.TypeDescriptor,org.springframework.core.convert.TypeDescriptor)>: 0 -> result(java.lang.Cloneable[]) }
InferredTransfer{ <org.springframework.core.convert.support.StreamConverter: java.lang.Object convertFromStream(java.util.stream.Stream,org.springframework.core.convert.TypeDescriptor,org.springframework.core.convert.TypeDescriptor)>: 2 -> result(java.math.BigDecimal[]) }
InferredTransfer{ <java.lang.StringBuffer: java.lang.StringBuffer append(java.lang.CharSequence)>: 0 -> base(java.lang.StringBuffer) }
InferredTransfer{ <org.springframework.core.convert.support.StreamConverter: java.lang.Object convert(java.lang.Object,org.springframework.core.convert.TypeDescriptor,org.springframework.core.convert.TypeDescriptor)>: 2 -> result(java.lang.Double) }
InferredTransfer{ <org.springframework.core.convert.support.StringToArrayConverter: java.lang.Object convert(java.lang.Object,org.springframework.core.convert.TypeDescriptor,org.springframework.core.convert.TypeDescriptor)>: 0 -> result(java.util.Locale[]) }
InferredTransfer{ <org.springframework.core.convert.support.GenericConversionService: java.lang.Object convert(java.lang.Object,org.springframework.core.convert.TypeDescriptor,org.springframework.core.convert.TypeDescriptor)>: 2 -> result(org.springframework.core.convert.support.ZonedDateTimeToCalendarConverter[]) }
InferredTransfer{ <org.springframework.core.convert.support.CollectionToObjectConverter: java.lang.Object convert(java.lang.Object,org.springframework.core.convert.TypeDescriptor,org.springframework.core.convert.TypeDescriptor)>: 0 -> result(float[][]) }
InferredTransfer{ <org.springframework.core.convert.support.StreamConverter: java.lang.Object convert(java.lang.Object,org.springframework.core.convert.TypeDescriptor,org.springframework.core.convert.TypeDescriptor)>: 1 -> result(java.lang.Double) }
InferredTransfer{ <org.springframework.core.convert.support.GenericConversionService: org.springframework.core.convert.converter.GenericConverter getConverter(org.springframework.core.convert.TypeDescriptor,org.springframework.core.convert.TypeDescriptor)>: 1 -> result(org.springframework.core.convert.support.CollectionToObjectConverter) }
InferredTransfer{ <org.springframework.core.convert.support.GenericConversionService: java.lang.Object convert(java.lang.Object,org.springframework.core.convert.TypeDescriptor,org.springframework.core.convert.TypeDescriptor)>: 2 -> result(org.springframework.core.convert.support.CharacterToNumberFactory[]) }
InferredTransfer{ <org.springframework.core.convert.support.GenericConversionService: java.lang.Object convert(java.lang.Object,org.springframework.core.convert.TypeDescriptor,org.springframework.core.convert.TypeDescriptor)>: 1 -> result(org.springframework.core.convert.support.ZonedDateTimeToCalendarConverter[]) }
InferredTransfer{ <org.springframework.core.convert.support.StreamConverter: java.lang.Object convert(java.lang.Object,org.springframework.core.convert.TypeDescriptor,org.springframework.core.convert.TypeDescriptor)>: 0 -> result(java.lang.Double) }
InferredTransfer{ <org.springframework.core.convert.support.GenericConversionService: org.springframework.core.convert.converter.GenericConverter getConverter(org.springframework.core.convert.TypeDescriptor,org.springframework.core.convert.TypeDescriptor)>: 0 -> result(org.springframework.core.convert.support.CollectionToObjectConverter) }
InferredTransfer{ <org.springframework.core.convert.support.GenericConversionService: java.lang.Object convert(java.lang.Object,org.springframework.core.convert.TypeDescriptor,org.springframework.core.convert.TypeDescriptor)>: 1 -> result(org.springframework.core.convert.support.CharacterToNumberFactory[]) }
InferredTransfer{ <org.springframework.core.convert.support.CollectionToObjectConverter: java.lang.Object convert(java.lang.Object,org.springframework.core.convert.TypeDescriptor,org.springframework.core.convert.TypeDescriptor)>: 0 -> result(sun.misc.Unsafe[]) }
InferredTransfer{ <org.springframework.core.convert.support.GenericConversionService: java.lang.Object convert(java.lang.Object,org.springframework.core.convert.TypeDescriptor,org.springframework.core.convert.TypeDescriptor)>: 0 -> result(org.springframework.core.convert.support.ZonedDateTimeToCalendarConverter[]) }
InferredTransfer{ <org.springframework.core.convert.support.MapToMapConverter: java.lang.Object convertValue(java.lang.Object,org.springframework.core.convert.TypeDescriptor,org.springframework.core.convert.TypeDescriptor)>: 2 -> result(org.springframework.core.convert.support.StringToCurrencyConverter[]) }
InferredTransfer{ <org.springframework.core.convert.support.ByteBufferConverter: java.lang.Object convertToByteBuffer(java.lang.Object,org.springframework.core.convert.TypeDescriptor)>: 1 -> base(org.springframework.core.convert.support.ByteBufferConverter) }
InferredTransfer{ <org.springframework.core.convert.support.StreamConverter: java.lang.Object convert(java.lang.Object,org.springframework.core.convert.TypeDescriptor,org.springframework.core.convert.TypeDescriptor)>: base -> result(java.lang.Double) }
InferredTransfer{ <org.springframework.core.convert.support.GenericConversionService: org.springframework.core.convert.converter.GenericConverter getConverter(org.springframework.core.convert.TypeDescriptor,org.springframework.core.convert.TypeDescriptor)>: base -> result(org.springframework.core.convert.support.CollectionToObjectConverter) }
InferredTransfer{ <org.springframework.core.convert.support.GenericConversionService: java.lang.Object convert(java.lang.Object,org.springframework.core.convert.TypeDescriptor,org.springframework.core.convert.TypeDescriptor)>: 0 -> result(org.springframework.core.convert.support.CharacterToNumberFactory[]) }
InferredTransfer{ <org.springframework.core.convert.support.GenericConversionService: java.lang.Object convert(java.lang.Object,org.springframework.core.convert.TypeDescriptor,org.springframework.core.convert.TypeDescriptor)>: base -> result(org.springframework.core.convert.support.ZonedDateTimeToCalendarConverter[]) }
InferredTransfer{ <org.springframework.core.convert.support.ByteBufferConverter: java.lang.Object convert(java.lang.Object,org.springframework.core.convert.TypeDescriptor,org.springframework.core.convert.TypeDescriptor)>: 0 -> result(short[][]) }
InferredTransfer{ <org.springframework.core.convert.support.StringToArrayConverter: java.lang.Object convert(java.lang.Object,org.springframework.core.convert.TypeDescriptor,org.springframework.core.convert.TypeDescriptor)>: 0 -> result(java.lang.Long[]) }
InferredTransfer{ <org.springframework.core.convert.support.ByteBufferConverter: java.lang.Object convertToByteBuffer(java.lang.Object,org.springframework.core.convert.TypeDescriptor)>: 0 -> base(org.springframework.core.convert.support.ByteBufferConverter) }
InferredTransfer{ <org.springframework.core.convert.support.MapToMapConverter: java.lang.Object convertValue(java.lang.Object,org.springframework.core.convert.TypeDescriptor,org.springframework.core.convert.TypeDescriptor)>: 1 -> result(org.springframework.core.convert.support.StringToCurrencyConverter[]) }
InferredTransfer{ <org.springframework.web.util.UrlPathHelper: java.lang.String decodeInternal(javax.servlet.http.HttpServletRequest,java.lang.String)>: 1 -> base(org.springframework.web.util.UrlPathHelper) }
InferredTransfer{ <org.springframework.core.convert.support.GenericConversionService: java.lang.Object convert(java.lang.Object,org.springframework.core.convert.TypeDescriptor,org.springframework.core.convert.TypeDescriptor)>: base -> result(org.springframework.core.convert.support.CharacterToNumberFactory[]) }
InferredTransfer{ <org.springframework.core.ResolvableType: org.springframework.core.ResolvableType as(java.lang.Class)>: 0 -> result(org.springframework.core.ResolvableType) }
InferredTransfer{ <org.springframework.core.convert.support.ByteBufferConverter: java.lang.Object convert(java.lang.Object,org.springframework.core.convert.TypeDescriptor,org.springframework.core.convert.TypeDescriptor)>: 0 -> result(java.util.Currency[]) }
InferredTransfer{ <org.springframework.web.util.UrlPathHelper: java.lang.String decodeInternal(javax.servlet.http.HttpServletRequest,java.lang.String)>: 0 -> base(org.springframework.web.util.UrlPathHelper) }
InferredTransfer{ <org.springframework.core.ResolvableType: org.springframework.core.ResolvableType as(java.lang.Class)>: base -> result(org.springframework.core.ResolvableType) }
InferredTransfer{ <org.springframework.core.convert.support.MapToMapConverter: java.lang.Object convertValue(java.lang.Object,org.springframework.core.convert.TypeDescriptor,org.springframework.core.convert.TypeDescriptor)>: base -> result(org.springframework.core.convert.support.StringToCurrencyConverter[]) }
InferredTransfer{ <org.springframework.core.convert.support.ObjectToArrayConverter: java.lang.Object convert(java.lang.Object,org.springframework.core.convert.TypeDescriptor,org.springframework.core.convert.TypeDescriptor)>: 2 -> result(org.springframework.core.convert.support.EnumToStringConverter[]) }
InferredTransfer{ <org.springframework.core.convert.support.ArrayToArrayConverter: java.lang.Object convert(java.lang.Object,org.springframework.core.convert.TypeDescriptor,org.springframework.core.convert.TypeDescriptor)>: 0 -> result(java.util.stream.Stream[]) }
InferredTransfer{ <org.springframework.core.convert.support.ObjectToArrayConverter: java.lang.Object convert(java.lang.Object,org.springframework.core.convert.TypeDescriptor,org.springframework.core.convert.TypeDescriptor)>: 1 -> result(org.springframework.core.convert.support.EnumToStringConverter[]) }
InferredTransfer{ <org.springframework.core.convert.support.MapToMapConverter: java.lang.Object convertKey(java.lang.Object,org.springframework.core.convert.TypeDescriptor,org.springframework.core.convert.TypeDescriptor)>: 2 -> result(sun.util.calendar.ZoneInfo) }
InferredTransfer{ <org.springframework.core.convert.support.ObjectToArrayConverter: java.lang.Object convert(java.lang.Object,org.springframework.core.convert.TypeDescriptor,org.springframework.core.convert.TypeDescriptor)>: 0 -> result(org.springframework.core.convert.support.EnumToStringConverter[]) }
InferredTransfer{ <org.springframework.core.ResolvableType: java.lang.reflect.Type getType()>: base -> result(sun.reflect.generics.reflectiveObjects.ParameterizedTypeImpl) }
InferredTransfer{ <org.springframework.core.convert.support.MapToMapConverter: java.lang.Object convertKey(java.lang.Object,org.springframework.core.convert.TypeDescriptor,org.springframework.core.convert.TypeDescriptor)>: 1 -> result(sun.util.calendar.ZoneInfo) }
InferredTransfer{ <org.springframework.core.convert.support.ObjectToArrayConverter: java.lang.Object convert(java.lang.Object,org.springframework.core.convert.TypeDescriptor,org.springframework.core.convert.TypeDescriptor)>: base -> result(org.springframework.core.convert.support.EnumToStringConverter[]) }
InferredTransfer{ <org.springframework.core.convert.support.ArrayToArrayConverter: java.lang.Object convert(java.lang.Object,org.springframework.core.convert.TypeDescriptor,org.springframework.core.convert.TypeDescriptor)>: 0 -> result(java.lang.Error[]) }
InferredTransfer{ <org.springframework.core.convert.support.ArrayToArrayConverter: java.lang.Object convert(java.lang.Object,org.springframework.core.convert.TypeDescriptor,org.springframework.core.convert.TypeDescriptor)>: 2 -> result(sun.security.jca.ServiceId) }
InferredTransfer{ <org.springframework.core.convert.support.MapToMapConverter: java.lang.Object convertKey(java.lang.Object,org.springframework.core.convert.TypeDescriptor,org.springframework.core.convert.TypeDescriptor)>: base -> result(sun.util.calendar.ZoneInfo) }
InferredTransfer{ <org.springframework.core.convert.support.ArrayToArrayConverter: java.lang.Object convert(java.lang.Object,org.springframework.core.convert.TypeDescriptor,org.springframework.core.convert.TypeDescriptor)>: 1 -> result(sun.security.jca.ServiceId) }
InferredTransfer{ <org.springframework.core.convert.support.ArrayToArrayConverter: java.lang.Object convert(java.lang.Object,org.springframework.core.convert.TypeDescriptor,org.springframework.core.convert.TypeDescriptor)>: 0 -> result(sun.security.jca.ServiceId) }
InferredTransfer{ <org.springframework.core.convert.support.ObjectToOptionalConverter: java.lang.Object convert(java.lang.Object,org.springframework.core.convert.TypeDescriptor,org.springframework.core.convert.TypeDescriptor)>: 2 -> result(java.util.Optional) }
InferredTransfer{ <org.springframework.core.convert.support.ByteBufferConverter: java.lang.Object convertFromByteBuffer(java.nio.ByteBuffer,org.springframework.core.convert.TypeDescriptor)>: 1 -> result(java.util.TreeSet[]) }
InferredTransfer{ <org.springframework.core.convert.support.ArrayToArrayConverter: java.lang.Object convert(java.lang.Object,org.springframework.core.convert.TypeDescriptor,org.springframework.core.convert.TypeDescriptor)>: base -> result(sun.security.jca.ServiceId) }
InferredTransfer{ <org.springframework.core.convert.support.StringToArrayConverter: java.lang.Object convert(java.lang.Object,org.springframework.core.convert.TypeDescriptor,org.springframework.core.convert.TypeDescriptor)>: 2 -> result(org.springframework.core.convert.support.StringToEnumConverterFactory[]) }
InferredTransfer{ <org.springframework.core.convert.support.ObjectToOptionalConverter: java.lang.Object convert(java.lang.Object,org.springframework.core.convert.TypeDescriptor,org.springframework.core.convert.TypeDescriptor)>: 0 -> result(java.util.Optional) }
InferredTransfer{ <org.springframework.core.convert.support.StringToArrayConverter: java.lang.Object convert(java.lang.Object,org.springframework.core.convert.TypeDescriptor,org.springframework.core.convert.TypeDescriptor)>: 1 -> result(org.springframework.core.convert.support.StringToEnumConverterFactory[]) }
InferredTransfer{ <org.springframework.core.convert.support.ArrayToObjectConverter: java.lang.Object convert(java.lang.Object,org.springframework.core.convert.TypeDescriptor,org.springframework.core.convert.TypeDescriptor)>: 2 -> result(sun.util.calendar.ZoneInfo) }
InferredTransfer{ <org.springframework.core.convert.support.ByteBufferConverter: java.lang.Object convertFromByteBuffer(java.nio.ByteBuffer,org.springframework.core.convert.TypeDescriptor)>: base -> result(java.util.TreeSet[]) }
InferredTransfer{ <org.springframework.core.convert.support.ObjectToOptionalConverter: java.lang.Object convert(java.lang.Object,org.springframework.core.convert.TypeDescriptor,org.springframework.core.convert.TypeDescriptor)>: base -> result(java.util.Optional) }
InferredTransfer{ <org.springframework.core.convert.support.StringToArrayConverter: java.lang.Object convert(java.lang.Object,org.springframework.core.convert.TypeDescriptor,org.springframework.core.convert.TypeDescriptor)>: 0 -> result(org.springframework.core.convert.support.StringToEnumConverterFactory[]) }
InferredTransfer{ <org.springframework.core.convert.support.ArrayToObjectConverter: java.lang.Object convert(java.lang.Object,org.springframework.core.convert.TypeDescriptor,org.springframework.core.convert.TypeDescriptor)>: 1 -> result(sun.util.calendar.ZoneInfo) }
InferredTransfer{ <org.springframework.core.convert.support.StreamConverter: java.lang.Object convertFromStream(java.util.stream.Stream,org.springframework.core.convert.TypeDescriptor,org.springframework.core.convert.TypeDescriptor)>: 2 -> result(org.springframework.core.convert.support.NumberToNumberConverterFactory[]) }
InferredTransfer{ <org.springframework.core.convert.support.StringToArrayConverter: java.lang.Object convert(java.lang.Object,org.springframework.core.convert.TypeDescriptor,org.springframework.core.convert.TypeDescriptor)>: base -> result(org.springframework.core.convert.support.StringToEnumConverterFactory[]) }
InferredTransfer{ <org.springframework.core.env.PropertySource: java.lang.String getName()>: base -> result(java.lang.String) }
InferredTransfer{ <org.springframework.core.convert.support.ArrayToObjectConverter: java.lang.Object convert(java.lang.Object,org.springframework.core.convert.TypeDescriptor,org.springframework.core.convert.TypeDescriptor)>: 0 -> result(sun.util.calendar.ZoneInfo) }
InferredTransfer{ <org.springframework.core.convert.support.StreamConverter: java.lang.Object convertFromStream(java.util.stream.Stream,org.springframework.core.convert.TypeDescriptor,org.springframework.core.convert.TypeDescriptor)>: 1 -> result(org.springframework.core.convert.support.NumberToNumberConverterFactory[]) }
InferredTransfer{ <org.springframework.core.convert.support.ConversionUtils: java.lang.Object invokeConverter(org.springframework.core.convert.converter.GenericConverter,java.lang.Object,org.springframework.core.convert.TypeDescriptor,org.springframework.core.convert.TypeDescriptor)>: 3 -> result(java.util.LinkedHashSet[]) }
InferredTransfer{ <org.springframework.core.convert.support.ArrayToObjectConverter: java.lang.Object convert(java.lang.Object,org.springframework.core.convert.TypeDescriptor,org.springframework.core.convert.TypeDescriptor)>: base -> result(sun.util.calendar.ZoneInfo) }
InferredTransfer{ <org.springframework.core.convert.support.ConversionUtils: java.lang.Object invokeConverter(org.springframework.core.convert.converter.GenericConverter,java.lang.Object,org.springframework.core.convert.TypeDescriptor,org.springframework.core.convert.TypeDescriptor)>: 2 -> result(java.util.LinkedHashSet[]) }
InferredTransfer{ <org.springframework.core.convert.support.StreamConverter: java.lang.Object convertFromStream(java.util.stream.Stream,org.springframework.core.convert.TypeDescriptor,org.springframework.core.convert.TypeDescriptor)>: base -> result(org.springframework.core.convert.support.NumberToNumberConverterFactory[]) }
InferredTransfer{ <org.springframework.core.convert.support.ConversionUtils: java.lang.Object invokeConverter(org.springframework.core.convert.converter.GenericConverter,java.lang.Object,org.springframework.core.convert.TypeDescriptor,org.springframework.core.convert.TypeDescriptor)>: 1 -> result(java.util.LinkedHashSet[]) }
InferredTransfer{ <org.springframework.core.convert.support.ConversionUtils: java.lang.Object invokeConverter(org.springframework.core.convert.converter.GenericConverter,java.lang.Object,org.springframework.core.convert.TypeDescriptor,org.springframework.core.convert.TypeDescriptor)>: 0 -> result(java.util.LinkedHashSet[]) }
InferredTransfer{ <org.springframework.core.convert.support.CollectionToObjectConverter: java.lang.Object convert(java.lang.Object,org.springframework.core.convert.TypeDescriptor,org.springframework.core.convert.TypeDescriptor)>: 2 -> result(java.math.BigDecimal[]) }
InferredTransfer{ <org.springframework.core.convert.support.ArrayToArrayConverter: java.lang.Object convert(java.lang.Object,org.springframework.core.convert.TypeDescriptor,org.springframework.core.convert.TypeDescriptor)>: 2 -> result(java.util.NavigableMap[]) }
InferredTransfer{ <org.springframework.core.convert.support.ArrayToObjectConverter: java.lang.Object convert(java.lang.Object,org.springframework.core.convert.TypeDescriptor,org.springframework.core.convert.TypeDescriptor)>: 0 -> result(java.lang.Integer) }
InferredTransfer{ <org.springframework.core.convert.support.CollectionToObjectConverter: java.lang.Object convert(java.lang.Object,org.springframework.core.convert.TypeDescriptor,org.springframework.core.convert.TypeDescriptor)>: 0 -> result(java.math.BigDecimal[]) }
InferredTransfer{ <org.springframework.core.convert.support.StringToArrayConverter: java.lang.Object convert(java.lang.Object,org.springframework.core.convert.TypeDescriptor,org.springframework.core.convert.TypeDescriptor)>: 2 -> result(org.springframework.core.convert.support.IntegerToEnumConverterFactory[]) }
InferredTransfer{ <org.springframework.core.convert.support.ArrayToObjectConverter: java.lang.Object convert(java.lang.Object,org.springframework.core.convert.TypeDescriptor,org.springframework.core.convert.TypeDescriptor)>: base -> result(java.lang.Integer) }
InferredTransfer{ <org.springframework.core.convert.support.ArrayToArrayConverter: java.lang.Object convert(java.lang.Object,org.springframework.core.convert.TypeDescriptor,org.springframework.core.convert.TypeDescriptor)>: 0 -> result(java.util.NavigableMap[]) }
InferredTransfer{ <org.springframework.core.convert.support.CollectionToObjectConverter: java.lang.Object convert(java.lang.Object,org.springframework.core.convert.TypeDescriptor,org.springframework.core.convert.TypeDescriptor)>: base -> result(java.math.BigDecimal[]) }
InferredTransfer{ <org.springframework.core.convert.support.MapToMapConverter: java.lang.Object convertKey(java.lang.Object,org.springframework.core.convert.TypeDescriptor,org.springframework.core.convert.TypeDescriptor)>: 2 -> result(org.springframework.core.convert.support.StringToUUIDConverter[]) }
InferredTransfer{ <org.springframework.core.convert.support.ArrayToArrayConverter: java.lang.Object convert(java.lang.Object,org.springframework.core.convert.TypeDescriptor,org.springframework.core.convert.TypeDescriptor)>: 0 -> result(java.lang.System[]) }
InferredTransfer{ <org.springframework.core.convert.support.StringToArrayConverter: java.lang.Object convert(java.lang.Object,org.springframework.core.convert.TypeDescriptor,org.springframework.core.convert.TypeDescriptor)>: 1 -> result(org.springframework.core.convert.support.IntegerToEnumConverterFactory[]) }
InferredTransfer{ <org.springframework.core.convert.support.StringToArrayConverter: java.lang.Object convert(java.lang.Object,org.springframework.core.convert.TypeDescriptor,org.springframework.core.convert.TypeDescriptor)>: 2 -> result(org.springframework.core.convert.support.StringToPropertiesConverter[]) }
InferredTransfer{ <org.springframework.core.convert.support.MapToMapConverter: java.lang.Object convertKey(java.lang.Object,org.springframework.core.convert.TypeDescriptor,org.springframework.core.convert.TypeDescriptor)>: 1 -> result(org.springframework.core.convert.support.StringToUUIDConverter[]) }
InferredTransfer{ <org.springframework.core.convert.support.ArrayToArrayConverter: java.lang.Object convert(java.lang.Object,org.springframework.core.convert.TypeDescriptor,org.springframework.core.convert.TypeDescriptor)>: base -> result(java.util.NavigableMap[]) }
InferredTransfer{ <org.springframework.core.convert.support.StringToArrayConverter: java.lang.Object convert(java.lang.Object,org.springframework.core.convert.TypeDescriptor,org.springframework.core.convert.TypeDescriptor)>: 0 -> result(org.springframework.core.convert.support.IntegerToEnumConverterFactory[]) }
InferredTransfer{ <org.springframework.core.convert.support.ByteBufferConverter: java.lang.Object convert(java.lang.Object,org.springframework.core.convert.TypeDescriptor,org.springframework.core.convert.TypeDescriptor)>: 2 -> result(org.springframework.core.convert.support.StringToCurrencyConverter[]) }
InferredTransfer{ <org.springframework.core.convert.support.GenericConversionService: java.lang.Object convert(java.lang.Object,org.springframework.core.convert.TypeDescriptor,org.springframework.core.convert.TypeDescriptor)>: 2 -> result(java.math.BigDecimal) }
InferredTransfer{ <org.springframework.core.convert.support.StringToArrayConverter: java.lang.Object convert(java.lang.Object,org.springframework.core.convert.TypeDescriptor,org.springframework.core.convert.TypeDescriptor)>: 1 -> result(org.springframework.core.convert.support.StringToPropertiesConverter[]) }
InferredTransfer{ <org.springframework.core.convert.support.CollectionToObjectConverter: java.lang.Object convert(java.lang.Object,org.springframework.core.convert.TypeDescriptor,org.springframework.core.convert.TypeDescriptor)>: 0 -> result(java.lang.Integer) }
InferredTransfer{ <org.springframework.core.convert.support.StringToArrayConverter: java.lang.Object convert(java.lang.Object,org.springframework.core.convert.TypeDescriptor,org.springframework.core.convert.TypeDescriptor)>: base -> result(org.springframework.core.convert.support.IntegerToEnumConverterFactory[]) }
InferredTransfer{ <org.springframework.core.convert.support.ByteBufferConverter: java.lang.Object convert(java.lang.Object,org.springframework.core.convert.TypeDescriptor,org.springframework.core.convert.TypeDescriptor)>: 1 -> result(org.springframework.core.convert.support.StringToCurrencyConverter[]) }
InferredTransfer{ <org.springframework.core.convert.support.StringToArrayConverter: java.lang.Object convert(java.lang.Object,org.springframework.core.convert.TypeDescriptor,org.springframework.core.convert.TypeDescriptor)>: 0 -> result(org.springframework.core.convert.support.StringToPropertiesConverter[]) }
InferredTransfer{ <org.springframework.core.convert.support.MapToMapConverter: java.lang.Object convertKey(java.lang.Object,org.springframework.core.convert.TypeDescriptor,org.springframework.core.convert.TypeDescriptor)>: base -> result(org.springframework.core.convert.support.StringToUUIDConverter[]) }
InferredTransfer{ <org.springframework.core.convert.support.CollectionToObjectConverter: java.lang.Object convert(java.lang.Object,org.springframework.core.convert.TypeDescriptor,org.springframework.core.convert.TypeDescriptor)>: base -> result(java.lang.Integer) }
InferredTransfer{ <org.springframework.core.convert.support.ByteBufferConverter: java.lang.Object convert(java.lang.Object,org.springframework.core.convert.TypeDescriptor,org.springframework.core.convert.TypeDescriptor)>: 0 -> result(org.springframework.core.convert.support.StringToCurrencyConverter[]) }
InferredTransfer{ <org.springframework.core.convert.support.GenericConversionService: java.lang.Object convert(java.lang.Object,org.springframework.core.convert.TypeDescriptor,org.springframework.core.convert.TypeDescriptor)>: 0 -> result(java.math.BigDecimal) }
InferredTransfer{ <org.springframework.core.convert.support.StringToArrayConverter: java.lang.Object convert(java.lang.Object,org.springframework.core.convert.TypeDescriptor,org.springframework.core.convert.TypeDescriptor)>: base -> result(org.springframework.core.convert.support.StringToPropertiesConverter[]) }
InferredTransfer{ <org.springframework.core.convert.support.ByteBufferConverter: java.lang.Object convert(java.lang.Object,org.springframework.core.convert.TypeDescriptor,org.springframework.core.convert.TypeDescriptor)>: base -> result(org.springframework.core.convert.support.StringToCurrencyConverter[]) }
InferredTransfer{ <org.springframework.core.convert.support.GenericConversionService: java.lang.Object convert(java.lang.Object,org.springframework.core.convert.TypeDescriptor,org.springframework.core.convert.TypeDescriptor)>: base -> result(java.math.BigDecimal) }
InferredTransfer{ <org.springframework.core.convert.support.ConversionUtils: java.lang.Object invokeConverter(org.springframework.core.convert.converter.GenericConverter,java.lang.Object,org.springframework.core.convert.TypeDescriptor,org.springframework.core.convert.TypeDescriptor)>: 3 -> result(java.util.LinkedList[]) }
InferredTransfer{ <org.springframework.core.convert.support.ConversionUtils: java.lang.Object invokeConverter(org.springframework.core.convert.converter.GenericConverter,java.lang.Object,org.springframework.core.convert.TypeDescriptor,org.springframework.core.convert.TypeDescriptor)>: 3 -> result(sun.nio.cs.US_ASCII) }
InferredTransfer{ <org.springframework.core.convert.support.StringToArrayConverter: java.lang.Object convert(java.lang.Object,org.springframework.core.convert.TypeDescriptor,org.springframework.core.convert.TypeDescriptor)>: 0 -> result(java.lang.Float[]) }
InferredTransfer{ <org.springframework.core.convert.support.ConversionUtils: java.lang.Object invokeConverter(org.springframework.core.convert.converter.GenericConverter,java.lang.Object,org.springframework.core.convert.TypeDescriptor,org.springframework.core.convert.TypeDescriptor)>: 2 -> result(sun.nio.cs.US_ASCII) }
InferredTransfer{ <org.springframework.core.convert.support.ObjectToArrayConverter: java.lang.Object convert(java.lang.Object,org.springframework.core.convert.TypeDescriptor,org.springframework.core.convert.TypeDescriptor)>: 2 -> result(java.util.TreeSet[]) }
InferredTransfer{ <org.springframework.core.convert.support.ConversionUtils: java.lang.Object invokeConverter(org.springframework.core.convert.converter.GenericConverter,java.lang.Object,org.springframework.core.convert.TypeDescriptor,org.springframework.core.convert.TypeDescriptor)>: 1 -> result(sun.nio.cs.US_ASCII) }
InferredTransfer{ <org.springframework.core.convert.support.ArrayToObjectConverter: java.lang.Object convert(java.lang.Object,org.springframework.core.convert.TypeDescriptor,org.springframework.core.convert.TypeDescriptor)>: 2 -> result(org.springframework.core.convert.support.StringToUUIDConverter[]) }
InferredTransfer{ <org.springframework.core.convert.support.ObjectToArrayConverter: java.lang.Object convert(java.lang.Object,org.springframework.core.convert.TypeDescriptor,org.springframework.core.convert.TypeDescriptor)>: 1 -> result(java.util.TreeSet[]) }
InferredTransfer{ <org.springframework.core.convert.support.ConversionUtils: java.lang.Object invokeConverter(org.springframework.core.convert.converter.GenericConverter,java.lang.Object,org.springframework.core.convert.TypeDescriptor,org.springframework.core.convert.TypeDescriptor)>: 1 -> result(java.util.LinkedList[]) }
InferredTransfer{ <org.springframework.core.convert.support.CollectionToCollectionConverter: java.lang.Object convert(java.lang.Object,org.springframework.core.convert.TypeDescriptor,org.springframework.core.convert.TypeDescriptor)>: 2 -> result(java.lang.String) }
InferredTransfer{ <org.springframework.core.convert.support.GenericConversionService: org.springframework.core.convert.converter.GenericConverter getDefaultConverter(org.springframework.core.convert.TypeDescriptor,org.springframework.core.convert.TypeDescriptor)>: 1 -> base(org.springframework.core.convert.support.DefaultConversionService) }
InferredTransfer{ <org.springframework.core.convert.support.ConversionUtils: java.lang.Object invokeConverter(org.springframework.core.convert.converter.GenericConverter,java.lang.Object,org.springframework.core.convert.TypeDescriptor,org.springframework.core.convert.TypeDescriptor)>: 3 -> result(org.springframework.core.convert.support.StringToBooleanConverter[]) }
InferredTransfer{ <org.springframework.core.convert.support.ConversionUtils: java.lang.Object invokeConverter(org.springframework.core.convert.converter.GenericConverter,java.lang.Object,org.springframework.core.convert.TypeDescriptor,org.springframework.core.convert.TypeDescriptor)>: 2 -> result(org.springframework.core.convert.support.StringToBooleanConverter[]) }
InferredTransfer{ <org.springframework.core.convert.support.ConversionUtils: java.lang.Object invokeConverter(org.springframework.core.convert.converter.GenericConverter,java.lang.Object,org.springframework.core.convert.TypeDescriptor,org.springframework.core.convert.TypeDescriptor)>: 0 -> result(sun.nio.cs.US_ASCII) }
InferredTransfer{ <org.springframework.core.convert.support.ArrayToObjectConverter: java.lang.Object convert(java.lang.Object,org.springframework.core.convert.TypeDescriptor,org.springframework.core.convert.TypeDescriptor)>: 1 -> result(org.springframework.core.convert.support.StringToUUIDConverter[]) }
InferredTransfer{ <org.springframework.core.convert.support.ByteBufferConverter: java.lang.Object convert(java.lang.Object,org.springframework.core.convert.TypeDescriptor,org.springframework.core.convert.TypeDescriptor)>: 0 -> result(java.lang.Short[]) }
InferredTransfer{ <org.springframework.core.convert.support.CollectionToCollectionConverter: java.lang.Object convert(java.lang.Object,org.springframework.core.convert.TypeDescriptor,org.springframework.core.convert.TypeDescriptor)>: 1 -> result(java.lang.String) }
InferredTransfer{ <org.springframework.core.convert.support.ArrayToObjectConverter: java.lang.Object convert(java.lang.Object,org.springframework.core.convert.TypeDescriptor,org.springframework.core.convert.TypeDescriptor)>: 0 -> result(byte[][]) }
InferredTransfer{ <org.springframework.core.convert.support.GenericConversionService: org.springframework.core.convert.converter.GenericConverter getDefaultConverter(org.springframework.core.convert.TypeDescriptor,org.springframework.core.convert.TypeDescriptor)>: 0 -> base(org.springframework.core.convert.support.DefaultConversionService) }
InferredTransfer{ <org.springframework.core.convert.support.ConversionUtils: java.lang.Object invokeConverter(org.springframework.core.convert.converter.GenericConverter,java.lang.Object,org.springframework.core.convert.TypeDescriptor,org.springframework.core.convert.TypeDescriptor)>: 1 -> result(org.springframework.core.convert.support.StringToBooleanConverter[]) }
InferredTransfer{ <org.springframework.core.convert.support.ArrayToObjectConverter: java.lang.Object convert(java.lang.Object,org.springframework.core.convert.TypeDescriptor,org.springframework.core.convert.TypeDescriptor)>: 0 -> result(org.springframework.core.convert.support.StringToUUIDConverter[]) }
InferredTransfer{ <org.springframework.core.convert.support.ObjectToArrayConverter: java.lang.Object convert(java.lang.Object,org.springframework.core.convert.TypeDescriptor,org.springframework.core.convert.TypeDescriptor)>: base -> result(java.util.TreeSet[]) }
InferredTransfer{ <org.springframework.core.convert.support.ObjectToArrayConverter: java.lang.Object convert(java.lang.Object,org.springframework.core.convert.TypeDescriptor,org.springframework.core.convert.TypeDescriptor)>: 0 -> result(java.util.TreeSet[]) }
InferredTransfer{ <org.springframework.core.convert.support.CollectionToCollectionConverter: java.lang.Object convert(java.lang.Object,org.springframework.core.convert.TypeDescriptor,org.springframework.core.convert.TypeDescriptor)>: 0 -> result(java.lang.String) }
InferredTransfer{ <org.springframework.core.convert.support.ConversionUtils: java.lang.Object invokeConverter(org.springframework.core.convert.converter.GenericConverter,java.lang.Object,org.springframework.core.convert.TypeDescriptor,org.springframework.core.convert.TypeDescriptor)>: 0 -> result(java.util.LinkedList[]) }
InferredTransfer{ <org.springframework.core.convert.support.ConversionUtils: java.lang.Object invokeConverter(org.springframework.core.convert.converter.GenericConverter,java.lang.Object,org.springframework.core.convert.TypeDescriptor,org.springframework.core.convert.TypeDescriptor)>: 0 -> result(org.springframework.core.convert.support.StringToBooleanConverter[]) }
InferredTransfer{ <org.springframework.core.convert.support.CollectionToArrayConverter: java.lang.Object convert(java.lang.Object,org.springframework.core.convert.TypeDescriptor,org.springframework.core.convert.TypeDescriptor)>: 0 -> result(int[][]) }
InferredTransfer{ <org.springframework.core.convert.support.ArrayToObjectConverter: java.lang.Object convert(java.lang.Object,org.springframework.core.convert.TypeDescriptor,org.springframework.core.convert.TypeDescriptor)>: base -> result(org.springframework.core.convert.support.StringToUUIDConverter[]) }
InferredTransfer{ <org.springframework.core.convert.support.CollectionToObjectConverter: java.lang.Object convert(java.lang.Object,org.springframework.core.convert.TypeDescriptor,org.springframework.core.convert.TypeDescriptor)>: 2 -> result(org.springframework.core.convert.support.StringToUUIDConverter[]) }
InferredTransfer{ <org.springframework.core.convert.support.ArrayToArrayConverter: java.lang.Object convert(java.lang.Object,org.springframework.core.convert.TypeDescriptor,org.springframework.core.convert.TypeDescriptor)>: 0 -> result(int[][]) }
InferredTransfer{ <org.springframework.core.convert.support.CollectionToCollectionConverter: java.lang.Object convert(java.lang.Object,org.springframework.core.convert.TypeDescriptor,org.springframework.core.convert.TypeDescriptor)>: base -> result(java.lang.String) }
InferredTransfer{ <org.springframework.web.util.UrlPathHelper: java.lang.String removeSemicolonContent(java.lang.String)>: 0 -> result(java.lang.String) }
InferredTransfer{ <org.springframework.core.convert.support.StreamConverter: java.lang.Object convert(java.lang.Object,org.springframework.core.convert.TypeDescriptor,org.springframework.core.convert.TypeDescriptor)>: 2 -> result(org.springframework.core.convert.support.StringToCharsetConverter[]) }
InferredTransfer{ <org.springframework.cloud.config.server.support.EnvironmentPropertySource: java.lang.Object getProperty(java.lang.String)>: 0 -> base(org.springframework.cloud.config.server.support.EnvironmentPropertySource) }
InferredTransfer{ <org.springframework.core.convert.support.CollectionToObjectConverter: java.lang.Object convert(java.lang.Object,org.springframework.core.convert.TypeDescriptor,org.springframework.core.convert.TypeDescriptor)>: 1 -> result(org.springframework.core.convert.support.StringToUUIDConverter[]) }
InferredTransfer{ <org.springframework.core.convert.support.ObjectToArrayConverter: java.lang.Object convert(java.lang.Object,org.springframework.core.convert.TypeDescriptor,org.springframework.core.convert.TypeDescriptor)>: 0 -> result(java.util.List[]) }
InferredTransfer{ <org.springframework.core.convert.support.ArrayToArrayConverter: java.lang.Object convert(java.lang.Object,org.springframework.core.convert.TypeDescriptor,org.springframework.core.convert.TypeDescriptor)>: 0 -> result(java.io.Serializable[]) }
InferredTransfer{ <org.springframework.web.util.UrlPathHelper: java.lang.String removeSemicolonContent(java.lang.String)>: base -> result(java.lang.String) }
InferredTransfer{ <org.springframework.core.convert.support.GenericConversionService: java.lang.Object convert(java.lang.Object,org.springframework.core.convert.TypeDescriptor,org.springframework.core.convert.TypeDescriptor)>: 0 -> result(java.io.Externalizable[]) }
InferredTransfer{ <org.springframework.core.convert.support.StreamConverter: java.lang.Object convert(java.lang.Object,org.springframework.core.convert.TypeDescriptor,org.springframework.core.convert.TypeDescriptor)>: 1 -> result(org.springframework.core.convert.support.StringToCharsetConverter[]) }
InferredTransfer{ <org.springframework.core.convert.support.ByteBufferConverter: java.lang.Object convert(java.lang.Object,org.springframework.core.convert.TypeDescriptor,org.springframework.core.convert.TypeDescriptor)>: 0 -> result(java.util.Collection[]) }
InferredTransfer{ <org.springframework.core.convert.support.CollectionToObjectConverter: java.lang.Object convert(java.lang.Object,org.springframework.core.convert.TypeDescriptor,org.springframework.core.convert.TypeDescriptor)>: 0 -> result(byte[][]) }
InferredTransfer{ <org.springframework.core.convert.support.StreamConverter: java.lang.Object convertFromStream(java.util.stream.Stream,org.springframework.core.convert.TypeDescriptor,org.springframework.core.convert.TypeDescriptor)>: 2 -> result(java.lang.Double) }
InferredTransfer{ <org.springframework.core.convert.support.CollectionToObjectConverter: java.lang.Object convert(java.lang.Object,org.springframework.core.convert.TypeDescriptor,org.springframework.core.convert.TypeDescriptor)>: 0 -> result(org.springframework.core.convert.support.StringToUUIDConverter[]) }
InferredTransfer{ <org.springframework.core.convert.support.StreamConverter: java.lang.Object convert(java.lang.Object,org.springframework.core.convert.TypeDescriptor,org.springframework.core.convert.TypeDescriptor)>: 0 -> result(org.springframework.core.convert.support.StringToCharsetConverter[]) }
InferredTransfer{ <org.springframework.core.convert.support.CollectionToObjectConverter: java.lang.Object convert(java.lang.Object,org.springframework.core.convert.TypeDescriptor,org.springframework.core.convert.TypeDescriptor)>: base -> result(org.springframework.core.convert.support.StringToUUIDConverter[]) }
InferredTransfer{ <org.springframework.core.convert.support.GenericConversionService: java.lang.Object convert(java.lang.Object,org.springframework.core.convert.TypeDescriptor,org.springframework.core.convert.TypeDescriptor)>: 0 -> result(java.util.Currency[]) }
InferredTransfer{ <org.springframework.core.convert.support.StreamConverter: java.lang.Object convertFromStream(java.util.stream.Stream,org.springframework.core.convert.TypeDescriptor,org.springframework.core.convert.TypeDescriptor)>: 1 -> result(java.lang.Double) }
InferredTransfer{ <org.springframework.core.convert.support.StreamConverter: java.lang.Object convert(java.lang.Object,org.springframework.core.convert.TypeDescriptor,org.springframework.core.convert.TypeDescriptor)>: base -> result(org.springframework.core.convert.support.StringToCharsetConverter[]) }
InferredTransfer{ <org.springframework.web.util.UrlPathHelper: java.lang.String removeSemicolonContentInternal(java.lang.String)>: 0 -> result(java.lang.String) }
InferredTransfer{ <org.springframework.web.util.UrlPathHelper: java.lang.String removeSemicolonContentInternal(java.lang.String)>: base -> result(java.lang.String) }
InferredTransfer{ <org.springframework.core.convert.support.StreamConverter: java.lang.Object convertFromStream(java.util.stream.Stream,org.springframework.core.convert.TypeDescriptor,org.springframework.core.convert.TypeDescriptor)>: base -> result(java.lang.Double) }
InferredTransfer{ <org.springframework.core.ResolvableType: java.lang.reflect.Type resolveBounds(java.lang.reflect.Type[])>: base -> result(sun.reflect.generics.reflectiveObjects.TypeVariableImpl) }
InferredTransfer{ <org.springframework.core.convert.support.StreamConverter: java.lang.Object convert(java.lang.Object,org.springframework.core.convert.TypeDescriptor,org.springframework.core.convert.TypeDescriptor)>: 2 -> result(java.util.HashSet[]) }
InferredTransfer{ <org.springframework.core.convert.support.CollectionToObjectConverter: java.lang.Object convert(java.lang.Object,org.springframework.core.convert.TypeDescriptor,org.springframework.core.convert.TypeDescriptor)>: 2 -> result(org.springframework.core.convert.support.NumberToNumberConverterFactory[]) }
InferredTransfer{ <org.springframework.core.convert.support.StreamConverter: java.lang.Object convert(java.lang.Object,org.springframework.core.convert.TypeDescriptor,org.springframework.core.convert.TypeDescriptor)>: 0 -> result(java.io.Closeable[]) }
InferredTransfer{ <org.springframework.core.convert.support.StreamConverter: java.lang.Object convert(java.lang.Object,org.springframework.core.convert.TypeDescriptor,org.springframework.core.convert.TypeDescriptor)>: 1 -> result(java.util.HashSet[]) }
InferredTransfer{ <org.springframework.core.convert.support.CollectionToObjectConverter: java.lang.Object convert(java.lang.Object,org.springframework.core.convert.TypeDescriptor,org.springframework.core.convert.TypeDescriptor)>: 1 -> result(org.springframework.core.convert.support.NumberToNumberConverterFactory[]) }
InferredTransfer{ <org.springframework.core.convert.support.ArrayToObjectConverter: java.lang.Object convert(java.lang.Object,org.springframework.core.convert.TypeDescriptor,org.springframework.core.convert.TypeDescriptor)>: 0 -> result(boolean[][]) }
InferredTransfer{ <org.springframework.core.convert.support.ConversionUtils: java.lang.Object invokeConverter(org.springframework.core.convert.converter.GenericConverter,java.lang.Object,org.springframework.core.convert.TypeDescriptor,org.springframework.core.convert.TypeDescriptor)>: 1 -> result(java.lang.Double[]) }
InferredTransfer{ <org.springframework.core.convert.support.StreamConverter: java.lang.Object convert(java.lang.Object,org.springframework.core.convert.TypeDescriptor,org.springframework.core.convert.TypeDescriptor)>: 0 -> result(java.util.HashSet[]) }
InferredTransfer{ <org.springframework.core.convert.support.CollectionToObjectConverter: java.lang.Object convert(java.lang.Object,org.springframework.core.convert.TypeDescriptor,org.springframework.core.convert.TypeDescriptor)>: 0 -> result(org.springframework.core.convert.support.NumberToNumberConverterFactory[]) }
InferredTransfer{ <org.springframework.core.convert.support.ArrayToObjectConverter: java.lang.Object convert(java.lang.Object,org.springframework.core.convert.TypeDescriptor,org.springframework.core.convert.TypeDescriptor)>: 2 -> result(java.math.BigInteger[]) }
InferredTransfer{ <org.springframework.core.convert.support.StreamConverter: java.lang.Object convert(java.lang.Object,org.springframework.core.convert.TypeDescriptor,org.springframework.core.convert.TypeDescriptor)>: base -> result(java.util.HashSet[]) }
InferredTransfer{ <org.springframework.core.convert.support.CollectionToObjectConverter: java.lang.Object convert(java.lang.Object,org.springframework.core.convert.TypeDescriptor,org.springframework.core.convert.TypeDescriptor)>: base -> result(org.springframework.core.convert.support.NumberToNumberConverterFactory[]) }
InferredTransfer{ <java.lang.Short: java.lang.Short decode(java.lang.String)>: 0 -> result(java.lang.Short) }
InferredTransfer{ <org.springframework.core.convert.support.ArrayToObjectConverter: java.lang.Object convert(java.lang.Object,org.springframework.core.convert.TypeDescriptor,org.springframework.core.convert.TypeDescriptor)>: 0 -> result(java.math.BigInteger[]) }
InferredTransfer{ <org.springframework.core.convert.support.ArrayToObjectConverter: java.lang.Object convert(java.lang.Object,org.springframework.core.convert.TypeDescriptor,org.springframework.core.convert.TypeDescriptor)>: base -> result(java.math.BigInteger[]) }
InferredTransfer{ <org.springframework.core.convert.support.CollectionToArrayConverter: java.lang.Object convert(java.lang.Object,org.springframework.core.convert.TypeDescriptor,org.springframework.core.convert.TypeDescriptor)>: 0 -> result(long[][]) }
InferredTransfer{ <org.springframework.core.convert.support.ArrayToArrayConverter: java.lang.Object convert(java.lang.Object,org.springframework.core.convert.TypeDescriptor,org.springframework.core.convert.TypeDescriptor)>: 0 -> result(long[][]) }
InferredTransfer{ <org.springframework.core.env.AbstractEnvironment: java.lang.String resolvePlaceholders(java.lang.String)>: 0 -> base(org.springframework.core.env.StandardEnvironment) }
InferredTransfer{ <org.springframework.core.convert.support.CollectionToArrayConverter: java.lang.Object convert(java.lang.Object,org.springframework.core.convert.TypeDescriptor,org.springframework.core.convert.TypeDescriptor)>: 2 -> result(org.springframework.core.convert.support.StringToTimeZoneConverter[]) }
InferredTransfer{ <org.springframework.core.convert.support.ByteBufferConverter: java.lang.Object convertFromByteBuffer(java.nio.ByteBuffer,org.springframework.core.convert.TypeDescriptor)>: 1 -> result(java.util.LinkedHashSet[]) }
InferredTransfer{ <org.springframework.core.convert.support.ArrayToArrayConverter: java.lang.Object convert(java.lang.Object,org.springframework.core.convert.TypeDescriptor,org.springframework.core.convert.TypeDescriptor)>: 2 -> result(org.springframework.core.convert.support.StringToTimeZoneConverter[]) }
InferredTransfer{ <org.springframework.core.convert.support.ArrayToObjectConverter: java.lang.Object convert(java.lang.Object,org.springframework.core.convert.TypeDescriptor,org.springframework.core.convert.TypeDescriptor)>: 0 -> result(java.util.Set[]) }
InferredTransfer{ <org.springframework.core.convert.support.CollectionToArrayConverter: java.lang.Object convert(java.lang.Object,org.springframework.core.convert.TypeDescriptor,org.springframework.core.convert.TypeDescriptor)>: 1 -> result(org.springframework.core.convert.support.StringToTimeZoneConverter[]) }
InferredTransfer{ <org.springframework.core.convert.support.StreamConverter: java.lang.Object convert(java.lang.Object,org.springframework.core.convert.TypeDescriptor,org.springframework.core.convert.TypeDescriptor)>: 2 -> result(java.util.stream.ReferencePipeline$Head) }
InferredTransfer{ <org.springframework.core.convert.support.ArrayToArrayConverter: java.lang.Object convert(java.lang.Object,org.springframework.core.convert.TypeDescriptor,org.springframework.core.convert.TypeDescriptor)>: 1 -> result(org.springframework.core.convert.support.StringToTimeZoneConverter[]) }
InferredTransfer{ <org.springframework.core.convert.support.ConversionUtils: java.lang.Object invokeConverter(org.springframework.core.convert.converter.GenericConverter,java.lang.Object,org.springframework.core.convert.TypeDescriptor,org.springframework.core.convert.TypeDescriptor)>: 1 -> result(java.util.Map[]) }
InferredTransfer{ <org.springframework.core.convert.support.ArrayToObjectConverter: java.lang.Object convert(java.lang.Object,org.springframework.core.convert.TypeDescriptor,org.springframework.core.convert.TypeDescriptor)>: 2 -> result(java.util.HashMap[]) }
InferredTransfer{ <org.springframework.core.convert.support.StreamConverter: java.lang.Object convert(java.lang.Object,org.springframework.core.convert.TypeDescriptor,org.springframework.core.convert.TypeDescriptor)>: 1 -> result(java.util.stream.ReferencePipeline$Head) }
InferredTransfer{ <org.springframework.core.convert.support.CollectionToArrayConverter: java.lang.Object convert(java.lang.Object,org.springframework.core.convert.TypeDescriptor,org.springframework.core.convert.TypeDescriptor)>: 0 -> result(org.springframework.core.convert.support.StringToTimeZoneConverter[]) }
InferredTransfer{ <org.springframework.core.convert.support.ByteBufferConverter: java.lang.Object convertFromByteBuffer(java.nio.ByteBuffer,org.springframework.core.convert.TypeDescriptor)>: base -> result(java.util.LinkedHashSet[]) }
InferredTransfer{ <org.springframework.core.convert.support.StreamConverter: java.lang.Object convert(java.lang.Object,org.springframework.core.convert.TypeDescriptor,org.springframework.core.convert.TypeDescriptor)>: 2 -> base(org.springframework.core.convert.support.StreamConverter) }
InferredTransfer{ <org.springframework.core.convert.support.ArrayToArrayConverter: java.lang.Object convert(java.lang.Object,org.springframework.core.convert.TypeDescriptor,org.springframework.core.convert.TypeDescriptor)>: 0 -> result(org.springframework.core.convert.support.StringToTimeZoneConverter[]) }
InferredTransfer{ <org.springframework.core.convert.support.ArrayToObjectConverter: java.lang.Object convert(java.lang.Object,org.springframework.core.convert.TypeDescriptor,org.springframework.core.convert.TypeDescriptor)>: 1 -> result(java.util.HashMap[]) }
InferredTransfer{ <org.springframework.core.convert.support.StringToArrayConverter: java.lang.Object convert(java.lang.Object,org.springframework.core.convert.TypeDescriptor,org.springframework.core.convert.TypeDescriptor)>: 0 -> result(double[][]) }
InferredTransfer{ <org.springframework.core.convert.support.CollectionToArrayConverter: java.lang.Object convert(java.lang.Object,org.springframework.core.convert.TypeDescriptor,org.springframework.core.convert.TypeDescriptor)>: base -> result(org.springframework.core.convert.support.StringToTimeZoneConverter[]) }
InferredTransfer{ <org.springframework.core.convert.support.StreamConverter: java.lang.Object convert(java.lang.Object,org.springframework.core.convert.TypeDescriptor,org.springframework.core.convert.TypeDescriptor)>: 0 -> result(java.util.stream.ReferencePipeline$Head) }
InferredTransfer{ <org.springframework.core.ResolvableType: java.lang.Class resolve()>: base -> result(java.lang.Class) }
InferredTransfer{ <org.springframework.core.convert.support.ArrayToArrayConverter: java.lang.Object convert(java.lang.Object,org.springframework.core.convert.TypeDescriptor,org.springframework.core.convert.TypeDescriptor)>: base -> result(org.springframework.core.convert.support.StringToTimeZoneConverter[]) }
InferredTransfer{ <org.springframework.core.convert.support.StreamConverter: java.lang.Object convert(java.lang.Object,org.springframework.core.convert.TypeDescriptor,org.springframework.core.convert.TypeDescriptor)>: 1 -> base(org.springframework.core.convert.support.StreamConverter) }
InferredTransfer{ <org.springframework.core.convert.support.ArrayToObjectConverter: java.lang.Object convert(java.lang.Object,org.springframework.core.convert.TypeDescriptor,org.springframework.core.convert.TypeDescriptor)>: 0 -> result(java.util.HashMap[]) }
InferredTransfer{ <org.springframework.core.convert.support.CollectionToObjectConverter: java.lang.Object convert(java.lang.Object,org.springframework.core.convert.TypeDescriptor,org.springframework.core.convert.TypeDescriptor)>: 0 -> result(java.nio.charset.Charset[]) }
InferredTransfer{ <org.springframework.core.convert.support.StreamConverter: java.lang.Object convert(java.lang.Object,org.springframework.core.convert.TypeDescriptor,org.springframework.core.convert.TypeDescriptor)>: base -> result(java.util.stream.ReferencePipeline$Head) }
InferredTransfer{ <org.springframework.core.convert.support.StreamConverter: java.lang.Object convert(java.lang.Object,org.springframework.core.convert.TypeDescriptor,org.springframework.core.convert.TypeDescriptor)>: 0 -> result(java.lang.Class[]) }
InferredTransfer{ <org.springframework.core.convert.support.StreamConverter: java.lang.Object convert(java.lang.Object,org.springframework.core.convert.TypeDescriptor,org.springframework.core.convert.TypeDescriptor)>: 0 -> base(org.springframework.core.convert.support.StreamConverter) }
InferredTransfer{ <org.springframework.core.convert.support.ArrayToObjectConverter: java.lang.Object convert(java.lang.Object,org.springframework.core.convert.TypeDescriptor,org.springframework.core.convert.TypeDescriptor)>: base -> result(java.util.HashMap[]) }
InferredTransfer{ <org.springframework.core.convert.support.StreamConverter: java.lang.Object convert(java.lang.Object,org.springframework.core.convert.TypeDescriptor,org.springframework.core.convert.TypeDescriptor)>: 2 -> result(java.nio.HeapByteBuffer) }
InferredTransfer{ <org.springframework.core.convert.support.ArrayToObjectConverter: java.lang.Object convert(java.lang.Object,org.springframework.core.convert.TypeDescriptor,org.springframework.core.convert.TypeDescriptor)>: 2 -> result(org.springframework.core.convert.support.StringToCharacterConverter[]) }
InferredTransfer{ <org.springframework.core.convert.support.MapToMapConverter: java.lang.Object convertValue(java.lang.Object,org.springframework.core.convert.TypeDescriptor,org.springframework.core.convert.TypeDescriptor)>: 2 -> result(java.util.TreeSet[]) }
InferredTransfer{ <org.springframework.core.convert.support.StreamConverter: java.lang.Object convert(java.lang.Object,org.springframework.core.convert.TypeDescriptor,org.springframework.core.convert.TypeDescriptor)>: 1 -> result(java.nio.HeapByteBuffer) }
InferredTransfer{ <org.springframework.core.convert.support.ArrayToObjectConverter: java.lang.Object convert(java.lang.Object,org.springframework.core.convert.TypeDescriptor,org.springframework.core.convert.TypeDescriptor)>: 1 -> result(org.springframework.core.convert.support.StringToCharacterConverter[]) }
InferredTransfer{ <org.springframework.web.util.UrlPathHelper: java.lang.String getRequestUri(javax.servlet.http.HttpServletRequest)>: 0 -> result(java.lang.String) }
InferredTransfer{ <org.springframework.core.convert.support.StringToUUIDConverter: java.lang.Object convert(java.lang.Object)>: 0 -> base(org.springframework.core.convert.support.StringToUUIDConverter) }
InferredTransfer{ <org.springframework.core.convert.support.MapToMapConverter: java.lang.Object convertValue(java.lang.Object,org.springframework.core.convert.TypeDescriptor,org.springframework.core.convert.TypeDescriptor)>: 1 -> result(java.util.TreeSet[]) }
InferredTransfer{ <org.springframework.core.convert.support.StreamConverter: java.lang.Object convert(java.lang.Object,org.springframework.core.convert.TypeDescriptor,org.springframework.core.convert.TypeDescriptor)>: 0 -> result(java.nio.HeapByteBuffer) }
InferredTransfer{ <org.springframework.core.convert.support.ArrayToObjectConverter: java.lang.Object convert(java.lang.Object,org.springframework.core.convert.TypeDescriptor,org.springframework.core.convert.TypeDescriptor)>: 0 -> result(org.springframework.core.convert.support.StringToCharacterConverter[]) }
InferredTransfer{ <org.springframework.web.util.UrlPathHelper: java.lang.String getRequestUri(javax.servlet.http.HttpServletRequest)>: base -> result(java.lang.String) }
InferredTransfer{ <org.springframework.core.convert.support.StreamConverter: java.lang.Object convert(java.lang.Object,org.springframework.core.convert.TypeDescriptor,org.springframework.core.convert.TypeDescriptor)>: base -> result(java.nio.HeapByteBuffer) }
InferredTransfer{ <org.springframework.core.convert.support.CollectionToStringConverter: java.lang.Object convert(java.lang.Object,org.springframework.core.convert.TypeDescriptor,org.springframework.core.convert.TypeDescriptor)>: 2 -> result(java.lang.String) }
InferredTransfer{ <org.springframework.core.convert.support.CollectionToArrayConverter: java.lang.Object convert(java.lang.Object,org.springframework.core.convert.TypeDescriptor,org.springframework.core.convert.TypeDescriptor)>: 2 -> result(sun.security.jca.ServiceId[]) }
InferredTransfer{ <org.springframework.core.convert.support.MapToMapConverter: java.lang.Object convertValue(java.lang.Object,org.springframework.core.convert.TypeDescriptor,org.springframework.core.convert.TypeDescriptor)>: base -> result(java.util.TreeSet[]) }
InferredTransfer{ <org.springframework.core.convert.support.MapToMapConverter: java.lang.Object convertValue(java.lang.Object,org.springframework.core.convert.TypeDescriptor,org.springframework.core.convert.TypeDescriptor)>: 2 -> base(org.springframework.core.convert.support.MapToMapConverter) }
InferredTransfer{ <org.springframework.core.convert.support.ArrayToArrayConverter: java.lang.Object convert(java.lang.Object,org.springframework.core.convert.TypeDescriptor,org.springframework.core.convert.TypeDescriptor)>: 2 -> result(sun.security.jca.ServiceId[]) }
InferredTransfer{ <org.springframework.core.convert.support.ArrayToObjectConverter: java.lang.Object convert(java.lang.Object,org.springframework.core.convert.TypeDescriptor,org.springframework.core.convert.TypeDescriptor)>: base -> result(org.springframework.core.convert.support.StringToCharacterConverter[]) }
InferredTransfer{ <java.util.Locale: java.util.Locale forLanguageTag(java.lang.String)>: 0 -> result(java.util.Locale) }
InferredTransfer{ <org.springframework.core.convert.support.CollectionToStringConverter: java.lang.Object convert(java.lang.Object,org.springframework.core.convert.TypeDescriptor,org.springframework.core.convert.TypeDescriptor)>: 1 -> result(java.lang.String) }
InferredTransfer{ <org.springframework.core.convert.support.CollectionToArrayConverter: java.lang.Object convert(java.lang.Object,org.springframework.core.convert.TypeDescriptor,org.springframework.core.convert.TypeDescriptor)>: 1 -> result(sun.security.jca.ServiceId[]) }
InferredTransfer{ <org.springframework.core.convert.support.GenericConversionService: org.springframework.core.convert.converter.GenericConverter getConverter(org.springframework.core.convert.TypeDescriptor,org.springframework.core.convert.TypeDescriptor)>: 1 -> result(org.springframework.core.convert.support.ArrayToObjectConverter) }
InferredTransfer{ <org.springframework.core.convert.support.ArrayToArrayConverter: java.lang.Object convert(java.lang.Object,org.springframework.core.convert.TypeDescriptor,org.springframework.core.convert.TypeDescriptor)>: 1 -> result(sun.security.jca.ServiceId[]) }
InferredTransfer{ <org.springframework.core.convert.support.MapToMapConverter: java.lang.Object convertValue(java.lang.Object,org.springframework.core.convert.TypeDescriptor,org.springframework.core.convert.TypeDescriptor)>: 1 -> base(org.springframework.core.convert.support.MapToMapConverter) }
InferredTransfer{ <org.springframework.core.convert.support.ArrayToObjectConverter: java.lang.Object convert(java.lang.Object,org.springframework.core.convert.TypeDescriptor,org.springframework.core.convert.TypeDescriptor)>: 0 -> result(org.springframework.core.convert.support.EnumToIntegerConverter[]) }
InferredTransfer{ <org.springframework.core.convert.support.CollectionToStringConverter: java.lang.Object convert(java.lang.Object,org.springframework.core.convert.TypeDescriptor,org.springframework.core.convert.TypeDescriptor)>: 0 -> result(java.lang.String) }
InferredTransfer{ <org.springframework.core.convert.support.GenericConversionService: org.springframework.core.convert.converter.GenericConverter getConverter(org.springframework.core.convert.TypeDescriptor,org.springframework.core.convert.TypeDescriptor)>: 0 -> result(org.springframework.core.convert.support.ArrayToObjectConverter) }
InferredTransfer{ <org.springframework.core.convert.support.CollectionToArrayConverter: java.lang.Object convert(java.lang.Object,org.springframework.core.convert.TypeDescriptor,org.springframework.core.convert.TypeDescriptor)>: 0 -> result(sun.security.jca.ServiceId[]) }
InferredTransfer{ <org.springframework.core.convert.support.ArrayToObjectConverter: java.lang.Object convert(java.lang.Object,org.springframework.core.convert.TypeDescriptor,org.springframework.core.convert.TypeDescriptor)>: base -> result(org.springframework.core.convert.support.EnumToIntegerConverter[]) }
InferredTransfer{ <org.springframework.core.convert.support.ArrayToArrayConverter: java.lang.Object convert(java.lang.Object,org.springframework.core.convert.TypeDescriptor,org.springframework.core.convert.TypeDescriptor)>: 0 -> result(sun.security.jca.ServiceId[]) }
InferredTransfer{ <org.springframework.core.convert.support.MapToMapConverter: java.lang.Object convertValue(java.lang.Object,org.springframework.core.convert.TypeDescriptor,org.springframework.core.convert.TypeDescriptor)>: 2 -> result(org.springframework.core.convert.support.NumberToCharacterConverter[]) }
InferredTransfer{ <org.springframework.core.convert.support.CollectionToStringConverter: java.lang.Object convert(java.lang.Object,org.springframework.core.convert.TypeDescriptor,org.springframework.core.convert.TypeDescriptor)>: base -> result(java.lang.String) }
InferredTransfer{ <org.springframework.core.convert.support.GenericConversionService: org.springframework.core.convert.converter.GenericConverter getConverter(org.springframework.core.convert.TypeDescriptor,org.springframework.core.convert.TypeDescriptor)>: base -> result(org.springframework.core.convert.support.ArrayToObjectConverter) }
InferredTransfer{ <org.springframework.core.convert.support.CollectionToArrayConverter: java.lang.Object convert(java.lang.Object,org.springframework.core.convert.TypeDescriptor,org.springframework.core.convert.TypeDescriptor)>: base -> result(sun.security.jca.ServiceId[]) }
InferredTransfer{ <org.springframework.core.convert.support.ArrayToArrayConverter: java.lang.Object convert(java.lang.Object,org.springframework.core.convert.TypeDescriptor,org.springframework.core.convert.TypeDescriptor)>: base -> result(sun.security.jca.ServiceId[]) }
InferredTransfer{ <org.springframework.core.convert.support.ByteBufferConverter: java.lang.Object convertFromByteBuffer(java.nio.ByteBuffer,org.springframework.core.convert.TypeDescriptor)>: 1 -> result(java.util.LinkedList[]) }
InferredTransfer{ <org.springframework.core.convert.support.ByteBufferConverter: java.lang.Object convertFromByteBuffer(java.nio.ByteBuffer,org.springframework.core.convert.TypeDescriptor)>: 1 -> result(sun.nio.cs.US_ASCII) }
InferredTransfer{ <org.springframework.core.convert.support.ArrayToObjectConverter: java.lang.Object convert(java.lang.Object,org.springframework.core.convert.TypeDescriptor,org.springframework.core.convert.TypeDescriptor)>: 0 -> result(java.lang.Byte[]) }
InferredTransfer{ <org.springframework.core.convert.support.MapToMapConverter: java.lang.Object convertValue(java.lang.Object,org.springframework.core.convert.TypeDescriptor,org.springframework.core.convert.TypeDescriptor)>: 1 -> result(org.springframework.core.convert.support.NumberToCharacterConverter[]) }
InferredTransfer{ <org.springframework.core.convert.support.CollectionToObjectConverter: java.lang.Object convert(java.lang.Object,org.springframework.core.convert.TypeDescriptor,org.springframework.core.convert.TypeDescriptor)>: 2 -> result(java.lang.Double) }
InferredTransfer{ <org.springframework.core.convert.support.CollectionToObjectConverter: java.lang.Object convert(java.lang.Object,org.springframework.core.convert.TypeDescriptor,org.springframework.core.convert.TypeDescriptor)>: 1 -> result(java.lang.Double) }
InferredTransfer{ <org.springframework.core.convert.support.ByteBufferConverter: java.lang.Object convertFromByteBuffer(java.nio.ByteBuffer,org.springframework.core.convert.TypeDescriptor)>: base -> result(sun.nio.cs.US_ASCII) }
InferredTransfer{ <org.springframework.core.convert.support.ByteBufferConverter: java.lang.Object convertFromByteBuffer(java.nio.ByteBuffer,org.springframework.core.convert.TypeDescriptor)>: base -> result(java.util.LinkedList[]) }
InferredTransfer{ <org.springframework.core.convert.support.MapToMapConverter: java.lang.Object convertValue(java.lang.Object,org.springframework.core.convert.TypeDescriptor,org.springframework.core.convert.TypeDescriptor)>: base -> result(org.springframework.core.convert.support.NumberToCharacterConverter[]) }
InferredTransfer{ <org.springframework.core.convert.support.GenericConversionService: java.lang.Object convert(java.lang.Object,org.springframework.core.convert.TypeDescriptor,org.springframework.core.convert.TypeDescriptor)>: 2 -> result(java.util.TreeMap[]) }
InferredTransfer{ <org.springframework.core.convert.support.StringToArrayConverter: java.lang.Object convert(java.lang.Object,org.springframework.core.convert.TypeDescriptor,org.springframework.core.convert.TypeDescriptor)>: 0 -> result(sun.reflect.Reflection[]) }
InferredTransfer{ <org.springframework.core.convert.support.ByteBufferConverter: java.lang.Object convertFromByteBuffer(java.nio.ByteBuffer,org.springframework.core.convert.TypeDescriptor)>: 1 -> result(org.springframework.core.convert.support.StringToBooleanConverter[]) }
InferredTransfer{ <org.springframework.core.convert.support.CollectionToObjectConverter: java.lang.Object convert(java.lang.Object,org.springframework.core.convert.TypeDescriptor,org.springframework.core.convert.TypeDescriptor)>: 0 -> result(java.lang.Double) }
InferredTransfer{ <org.springframework.core.ResolvableType: org.springframework.core.ResolvableType forType(java.lang.reflect.Type,org.springframework.core.ResolvableType$VariableResolver)>: 1 -> result(org.springframework.core.ResolvableType) }
InferredTransfer{ <org.springframework.core.convert.support.GenericConversionService: java.lang.Object convert(java.lang.Object,org.springframework.core.convert.TypeDescriptor,org.springframework.core.convert.TypeDescriptor)>: 1 -> result(java.util.TreeMap[]) }
InferredTransfer{ <org.springframework.core.convert.support.CollectionToObjectConverter: java.lang.Object convert(java.lang.Object,org.springframework.core.convert.TypeDescriptor,org.springframework.core.convert.TypeDescriptor)>: base -> result(java.lang.Double) }
InferredTransfer{ <org.springframework.core.ResolvableType: org.springframework.core.ResolvableType forType(java.lang.reflect.Type,org.springframework.core.ResolvableType$VariableResolver)>: 0 -> result(org.springframework.core.ResolvableType) }
InferredTransfer{ <org.springframework.core.convert.support.GenericConversionService: java.lang.Object convert(java.lang.Object,org.springframework.core.convert.TypeDescriptor,org.springframework.core.convert.TypeDescriptor)>: 0 -> result(java.util.TreeMap[]) }
InferredTransfer{ <org.springframework.core.convert.support.StreamConverter: java.lang.Object convert(java.lang.Object,org.springframework.core.convert.TypeDescriptor,org.springframework.core.convert.TypeDescriptor)>: 2 -> result(java.lang.Long) }
InferredTransfer{ <org.springframework.core.convert.support.ByteBufferConverter: java.lang.Object convertFromByteBuffer(java.nio.ByteBuffer,org.springframework.core.convert.TypeDescriptor)>: base -> result(org.springframework.core.convert.support.StringToBooleanConverter[]) }
InferredTransfer{ <org.springframework.core.convert.support.CollectionToArrayConverter: java.lang.Object convert(java.lang.Object,org.springframework.core.convert.TypeDescriptor,org.springframework.core.convert.TypeDescriptor)>: 0 -> result(java.nio.ByteBuffer[]) }
InferredTransfer{ <org.springframework.core.convert.support.GenericConversionService: java.lang.Object convert(java.lang.Object,org.springframework.core.convert.TypeDescriptor,org.springframework.core.convert.TypeDescriptor)>: 2 -> result(java.lang.AutoCloseable[]) }
InferredTransfer{ <org.springframework.core.convert.support.CollectionToArrayConverter: java.lang.Object convert(java.lang.Object,org.springframework.core.convert.TypeDescriptor,org.springframework.core.convert.TypeDescriptor)>: 0 -> result(java.lang.Object[]) }
InferredTransfer{ <org.springframework.core.convert.support.ArrayToArrayConverter: java.lang.Object convert(java.lang.Object,org.springframework.core.convert.TypeDescriptor,org.springframework.core.convert.TypeDescriptor)>: 0 -> result(java.lang.Object[]) }
InferredTransfer{ <org.springframework.core.convert.support.GenericConversionService: java.lang.Object convert(java.lang.Object,org.springframework.core.convert.TypeDescriptor,org.springframework.core.convert.TypeDescriptor)>: base -> result(java.util.TreeMap[]) }
InferredTransfer{ <org.springframework.core.convert.support.CollectionToArrayConverter: java.lang.Object convert(java.lang.Object,org.springframework.core.convert.TypeDescriptor,org.springframework.core.convert.TypeDescriptor)>: base -> result(java.nio.ByteBuffer[]) }
InferredTransfer{ <org.springframework.core.convert.support.GenericConversionService: java.lang.Object convert(java.lang.Object,org.springframework.core.convert.TypeDescriptor,org.springframework.core.convert.TypeDescriptor)>: 1 -> result(java.lang.AutoCloseable[]) }
InferredTransfer{ <org.springframework.core.convert.support.StreamConverter: java.lang.Object convert(java.lang.Object,org.springframework.core.convert.TypeDescriptor,org.springframework.core.convert.TypeDescriptor)>: 0 -> result(java.lang.Long) }
InferredTransfer{ <org.springframework.core.convert.support.ObjectToArrayConverter: java.lang.Object convert(java.lang.Object,org.springframework.core.convert.TypeDescriptor,org.springframework.core.convert.TypeDescriptor)>: 2 -> result(java.util.LinkedHashSet[]) }
InferredTransfer{ <org.springframework.core.convert.support.GenericConversionService: java.lang.Object convert(java.lang.Object,org.springframework.core.convert.TypeDescriptor,org.springframework.core.convert.TypeDescriptor)>: 0 -> result(java.lang.AutoCloseable[]) }
InferredTransfer{ <org.springframework.core.convert.support.StreamConverter: java.lang.Object convert(java.lang.Object,org.springframework.core.convert.TypeDescriptor,org.springframework.core.convert.TypeDescriptor)>: base -> result(java.lang.Long) }
InferredTransfer{ <org.springframework.core.convert.support.ObjectToArrayConverter: java.lang.Object convert(java.lang.Object,org.springframework.core.convert.TypeDescriptor,org.springframework.core.convert.TypeDescriptor)>: 1 -> result(java.util.LinkedHashSet[]) }
InferredTransfer{ <org.springframework.core.convert.support.GenericConversionService: java.lang.Object convert(java.lang.Object,org.springframework.core.convert.TypeDescriptor,org.springframework.core.convert.TypeDescriptor)>: base -> result(java.lang.AutoCloseable[]) }
InferredTransfer{ <org.springframework.core.convert.support.ObjectToArrayConverter: java.lang.Object convert(java.lang.Object,org.springframework.core.convert.TypeDescriptor,org.springframework.core.convert.TypeDescriptor)>: 0 -> result(java.util.LinkedHashSet[]) }
InferredTransfer{ <java.util.regex.Matcher: java.lang.String replaceAll(java.lang.String)>: base -> result(java.lang.String) }
InferredTransfer{ <org.springframework.core.convert.support.ObjectToArrayConverter: java.lang.Object convert(java.lang.Object,org.springframework.core.convert.TypeDescriptor,org.springframework.core.convert.TypeDescriptor)>: base -> result(java.util.LinkedHashSet[]) }
InferredTransfer{ <org.springframework.core.convert.support.StreamConverter: java.lang.Object convert(java.lang.Object,org.springframework.core.convert.TypeDescriptor,org.springframework.core.convert.TypeDescriptor)>: 2 -> result(java.util.UUID[]) }
InferredTransfer{ <org.springframework.core.convert.support.MapToMapConverter: java.lang.Object convertKey(java.lang.Object,org.springframework.core.convert.TypeDescriptor,org.springframework.core.convert.TypeDescriptor)>: 2 -> result(java.util.Locale) }
InferredTransfer{ <org.springframework.core.convert.support.StreamConverter: java.lang.Object convert(java.lang.Object,org.springframework.core.convert.TypeDescriptor,org.springframework.core.convert.TypeDescriptor)>: 1 -> result(java.util.UUID[]) }
InferredTransfer{ <org.springframework.core.convert.support.MapToMapConverter: java.lang.Object convertKey(java.lang.Object,org.springframework.core.convert.TypeDescriptor,org.springframework.core.convert.TypeDescriptor)>: 1 -> result(java.util.Locale) }
InferredTransfer{ <org.springframework.core.convert.support.StreamConverter: java.lang.Object convert(java.lang.Object,org.springframework.core.convert.TypeDescriptor,org.springframework.core.convert.TypeDescriptor)>: 0 -> result(java.util.UUID[]) }
InferredTransfer{ <org.springframework.core.convert.support.CollectionToArrayConverter: java.lang.Object convert(java.lang.Object,org.springframework.core.convert.TypeDescriptor,org.springframework.core.convert.TypeDescriptor)>: 0 -> result(float[][]) }
InferredTransfer{ <org.springframework.core.convert.support.ArrayToArrayConverter: java.lang.Object convert(java.lang.Object,org.springframework.core.convert.TypeDescriptor,org.springframework.core.convert.TypeDescriptor)>: 0 -> result(float[][]) }
InferredTransfer{ <org.springframework.core.convert.support.StreamConverter: java.lang.Object convertFromStream(java.util.stream.Stream,org.springframework.core.convert.TypeDescriptor,org.springframework.core.convert.TypeDescriptor)>: 2 -> result(org.springframework.core.convert.support.StringToCharsetConverter[]) }
InferredTransfer{ <org.springframework.core.convert.support.StreamConverter: java.lang.Object convert(java.lang.Object,org.springframework.core.convert.TypeDescriptor,org.springframework.core.convert.TypeDescriptor)>: base -> result(java.util.UUID[]) }
InferredTransfer{ <org.springframework.core.convert.support.CollectionToArrayConverter: java.lang.Object convert(java.lang.Object,org.springframework.core.convert.TypeDescriptor,org.springframework.core.convert.TypeDescriptor)>: 0 -> result(sun.misc.Unsafe[]) }
InferredTransfer{ <org.springframework.core.convert.support.ArrayToArrayConverter: java.lang.Object convert(java.lang.Object,org.springframework.core.convert.TypeDescriptor,org.springframework.core.convert.TypeDescriptor)>: 0 -> result(sun.misc.Unsafe[]) }
InferredTransfer{ <org.springframework.core.convert.support.StreamConverter: java.lang.Object convert(java.lang.Object,org.springframework.core.convert.TypeDescriptor,org.springframework.core.convert.TypeDescriptor)>: 2 -> result(java.lang.String) }
InferredTransfer{ <org.springframework.core.convert.support.StreamConverter: java.lang.Object convertFromStream(java.util.stream.Stream,org.springframework.core.convert.TypeDescriptor,org.springframework.core.convert.TypeDescriptor)>: 1 -> result(org.springframework.core.convert.support.StringToCharsetConverter[]) }
InferredTransfer{ <org.springframework.core.convert.support.StreamConverter: java.lang.Object convert(java.lang.Object,org.springframework.core.convert.TypeDescriptor,org.springframework.core.convert.TypeDescriptor)>: 1 -> result(java.lang.String) }
InferredTransfer{ <org.springframework.core.convert.support.StreamConverter: java.lang.Object convertFromStream(java.util.stream.Stream,org.springframework.core.convert.TypeDescriptor,org.springframework.core.convert.TypeDescriptor)>: base -> result(org.springframework.core.convert.support.StringToCharsetConverter[]) }
InferredTransfer{ <org.springframework.core.convert.support.StreamConverter: java.lang.Object convert(java.lang.Object,org.springframework.core.convert.TypeDescriptor,org.springframework.core.convert.TypeDescriptor)>: 0 -> result(java.lang.String) }
InferredTransfer{ <org.springframework.core.convert.support.StringToArrayConverter: java.lang.Object convert(java.lang.Object,org.springframework.core.convert.TypeDescriptor,org.springframework.core.convert.TypeDescriptor)>: 0 -> result(java.util.EnumMap[]) }
InferredTransfer{ <org.springframework.core.ResolvableType: org.springframework.core.ResolvableType$VariableResolver asVariableResolver()>: base -> result(org.springframework.core.ResolvableType$DefaultVariableResolver) }
InferredTransfer{ <org.springframework.core.convert.support.StreamConverter: java.lang.Object convert(java.lang.Object,org.springframework.core.convert.TypeDescriptor,org.springframework.core.convert.TypeDescriptor)>: base -> result(java.lang.String) }
InferredTransfer{ <org.springframework.core.convert.support.ArrayToObjectConverter: java.lang.Object convert(java.lang.Object,org.springframework.core.convert.TypeDescriptor,org.springframework.core.convert.TypeDescriptor)>: 2 -> result(java.util.Locale) }
InferredTransfer{ <org.springframework.core.convert.support.StreamConverter: java.lang.Object convertFromStream(java.util.stream.Stream,org.springframework.core.convert.TypeDescriptor,org.springframework.core.convert.TypeDescriptor)>: 2 -> result(java.util.HashSet[]) }
InferredTransfer{ <org.springframework.core.convert.support.ByteBufferConverter: java.lang.Object convert(java.lang.Object,org.springframework.core.convert.TypeDescriptor,org.springframework.core.convert.TypeDescriptor)>: 2 -> result(java.util.TreeSet[]) }
InferredTransfer{ <org.springframework.core.convert.support.ObjectToArrayConverter: java.lang.Object convert(java.lang.Object,org.springframework.core.convert.TypeDescriptor,org.springframework.core.convert.TypeDescriptor)>: 2 -> result(java.util.LinkedList[]) }
InferredTransfer{ <org.springframework.core.convert.support.GenericConversionService: java.lang.Object convert(java.lang.Object,org.springframework.core.convert.TypeDescriptor,org.springframework.core.convert.TypeDescriptor)>: 0 -> result(java.lang.Comparable[]) }
InferredTransfer{ <org.springframework.core.convert.support.ArrayToObjectConverter: java.lang.Object convert(java.lang.Object,org.springframework.core.convert.TypeDescriptor,org.springframework.core.convert.TypeDescriptor)>: 1 -> result(java.util.Locale) }
InferredTransfer{ <org.springframework.core.convert.support.StreamConverter: java.lang.Object convertFromStream(java.util.stream.Stream,org.springframework.core.convert.TypeDescriptor,org.springframework.core.convert.TypeDescriptor)>: 1 -> result(java.util.HashSet[]) }
InferredTransfer{ <org.springframework.core.convert.support.StringToArrayConverter: java.lang.Object convert(java.lang.Object,org.springframework.core.convert.TypeDescriptor,org.springframework.core.convert.TypeDescriptor)>: 0 -> result(java.lang.Boolean[]) }
InferredTransfer{ <org.springframework.core.convert.TypeDescriptor: org.springframework.core.convert.TypeDescriptor narrow(java.lang.Object)>: 0 -> base(org.springframework.core.convert.TypeDescriptor) }
InferredTransfer{ <org.springframework.core.convert.support.ByteBufferConverter: java.lang.Object convert(java.lang.Object,org.springframework.core.convert.TypeDescriptor,org.springframework.core.convert.TypeDescriptor)>: 1 -> result(java.util.TreeSet[]) }
InferredTransfer{ <org.springframework.core.convert.support.ArrayToObjectConverter: java.lang.Object convert(java.lang.Object,org.springframework.core.convert.TypeDescriptor,org.springframework.core.convert.TypeDescriptor)>: 0 -> result(java.util.Locale) }
InferredTransfer{ <org.springframework.core.convert.support.ByteBufferConverter: java.lang.Object convert(java.lang.Object,org.springframework.core.convert.TypeDescriptor,org.springframework.core.convert.TypeDescriptor)>: 0 -> result(java.util.TreeSet[]) }
InferredTransfer{ <org.springframework.core.convert.support.ObjectToArrayConverter: java.lang.Object convert(java.lang.Object,org.springframework.core.convert.TypeDescriptor,org.springframework.core.convert.TypeDescriptor)>: 2 -> result(org.springframework.core.convert.support.StringToBooleanConverter[]) }
InferredTransfer{ <org.springframework.core.convert.support.ObjectToArrayConverter: java.lang.Object convert(java.lang.Object,org.springframework.core.convert.TypeDescriptor,org.springframework.core.convert.TypeDescriptor)>: 0 -> result(java.util.LinkedList[]) }
InferredTransfer{ <org.springframework.core.convert.support.ArrayToObjectConverter: java.lang.Object convert(java.lang.Object,org.springframework.core.convert.TypeDescriptor,org.springframework.core.convert.TypeDescriptor)>: base -> result(java.util.Locale) }
InferredTransfer{ <org.springframework.core.convert.support.ByteBufferConverter: java.lang.Object convert(java.lang.Object,org.springframework.core.convert.TypeDescriptor,org.springframework.core.convert.TypeDescriptor)>: base -> result(java.util.TreeSet[]) }
InferredTransfer{ <org.springframework.core.convert.support.ObjectToArrayConverter: java.lang.Object convert(java.lang.Object,org.springframework.core.convert.TypeDescriptor,org.springframework.core.convert.TypeDescriptor)>: base -> result(java.util.LinkedList[]) }
InferredTransfer{ <org.springframework.core.convert.support.ObjectToArrayConverter: java.lang.Object convert(java.lang.Object,org.springframework.core.convert.TypeDescriptor,org.springframework.core.convert.TypeDescriptor)>: 1 -> result(org.springframework.core.convert.support.StringToBooleanConverter[]) }
InferredTransfer{ <org.springframework.core.convert.support.ObjectToArrayConverter: java.lang.Object convert(java.lang.Object,org.springframework.core.convert.TypeDescriptor,org.springframework.core.convert.TypeDescriptor)>: 0 -> result(org.springframework.core.convert.support.StringToBooleanConverter[]) }
InferredTransfer{ <org.springframework.core.convert.support.ObjectToArrayConverter: java.lang.Object convert(java.lang.Object,org.springframework.core.convert.TypeDescriptor,org.springframework.core.convert.TypeDescriptor)>: base -> result(org.springframework.core.convert.support.StringToBooleanConverter[]) }
InferredTransfer{ <org.springframework.core.convert.support.ByteBufferConverter: java.lang.Object convert(java.lang.Object,org.springframework.core.convert.TypeDescriptor,org.springframework.core.convert.TypeDescriptor)>: 2 -> result(org.springframework.core.convert.support.NumberToCharacterConverter[]) }
InferredTransfer{ <org.springframework.core.convert.support.ByteBufferConverter: java.lang.Object convert(java.lang.Object,org.springframework.core.convert.TypeDescriptor,org.springframework.core.convert.TypeDescriptor)>: 2 -> result(java.util.SortedSet[]) }
InferredTransfer{ <org.springframework.core.convert.support.ByteBufferConverter: java.lang.Object convert(java.lang.Object,org.springframework.core.convert.TypeDescriptor,org.springframework.core.convert.TypeDescriptor)>: 1 -> result(org.springframework.core.convert.support.NumberToCharacterConverter[]) }
InferredTransfer{ <org.springframework.core.ResolvableType: org.springframework.core.ResolvableType getSuperType()>: base -> result(org.springframework.core.ResolvableType) }
InferredTransfer{ <org.springframework.core.convert.support.ByteBufferConverter: java.lang.Object convert(java.lang.Object,org.springframework.core.convert.TypeDescriptor,org.springframework.core.convert.TypeDescriptor)>: 0 -> result(org.springframework.core.convert.support.NumberToCharacterConverter[]) }
InferredTransfer{ <org.springframework.core.convert.support.ByteBufferConverter: java.lang.Object convert(java.lang.Object,org.springframework.core.convert.TypeDescriptor,org.springframework.core.convert.TypeDescriptor)>: 0 -> result(java.util.SortedSet[]) }
InferredTransfer{ <org.springframework.core.convert.support.ByteBufferConverter: java.lang.Object convertFromByteBuffer(java.nio.ByteBuffer,org.springframework.core.convert.TypeDescriptor)>: 1 -> result(org.springframework.core.convert.support.PropertiesToStringConverter[]) }
InferredTransfer{ <org.springframework.core.convert.support.ByteBufferConverter: java.lang.Object convert(java.lang.Object,org.springframework.core.convert.TypeDescriptor,org.springframework.core.convert.TypeDescriptor)>: base -> result(java.util.SortedSet[]) }
InferredTransfer{ <org.springframework.core.convert.support.ArrayToObjectConverter: java.lang.Object convert(java.lang.Object,org.springframework.core.convert.TypeDescriptor,org.springframework.core.convert.TypeDescriptor)>: 0 -> result(java.lang.Long[]) }
InferredTransfer{ <org.springframework.core.convert.support.StreamConverter: java.lang.Object convert(java.lang.Object,org.springframework.core.convert.TypeDescriptor,org.springframework.core.convert.TypeDescriptor)>: 2 -> result(java.util.GregorianCalendar) }
InferredTransfer{ <org.springframework.core.convert.support.ByteBufferConverter: java.lang.Object convert(java.lang.Object,org.springframework.core.convert.TypeDescriptor,org.springframework.core.convert.TypeDescriptor)>: base -> result(org.springframework.core.convert.support.NumberToCharacterConverter[]) }
InferredTransfer{ <org.springframework.core.convert.support.StreamConverter: java.lang.Object convertFromStream(java.util.stream.Stream,org.springframework.core.convert.TypeDescriptor,org.springframework.core.convert.TypeDescriptor)>: 2 -> result(java.util.stream.ReferencePipeline$Head) }
InferredTransfer{ <org.springframework.core.convert.support.StreamConverter: java.lang.Object convert(java.lang.Object,org.springframework.core.convert.TypeDescriptor,org.springframework.core.convert.TypeDescriptor)>: 1 -> result(java.util.GregorianCalendar) }
InferredTransfer{ <org.springframework.core.convert.support.StreamConverter: java.lang.Object convertFromStream(java.util.stream.Stream,org.springframework.core.convert.TypeDescriptor,org.springframework.core.convert.TypeDescriptor)>: 1 -> result(java.util.stream.ReferencePipeline$Head) }
InferredTransfer{ <org.springframework.core.convert.TypeDescriptor: boolean annotationsMatch(org.springframework.core.convert.TypeDescriptor)>: 0 -> base(org.springframework.core.convert.support.ObjectToOptionalConverter$GenericTypeDescriptor) }
InferredTransfer{ <java.lang.Byte: java.lang.Byte valueOf(java.lang.String)>: 0 -> result(java.lang.Byte) }
InferredTransfer{ <org.springframework.core.convert.support.StreamConverter: java.lang.Object convertFromStream(java.util.stream.Stream,org.springframework.core.convert.TypeDescriptor,org.springframework.core.convert.TypeDescriptor)>: 2 -> base(org.springframework.core.convert.support.StreamConverter) }
InferredTransfer{ <org.springframework.core.convert.support.ByteBufferConverter: java.lang.Object convertFromByteBuffer(java.nio.ByteBuffer,org.springframework.core.convert.TypeDescriptor)>: base -> result(org.springframework.core.convert.support.PropertiesToStringConverter[]) }
InferredTransfer{ <org.springframework.core.convert.support.StreamConverter: java.lang.Object convert(java.lang.Object,org.springframework.core.convert.TypeDescriptor,org.springframework.core.convert.TypeDescriptor)>: 0 -> result(java.util.GregorianCalendar) }
InferredTransfer{ <org.springframework.core.convert.support.StringToArrayConverter: java.lang.Object convert(java.lang.Object,org.springframework.core.convert.TypeDescriptor,org.springframework.core.convert.TypeDescriptor)>: 0 -> result(java.lang.Character[]) }
InferredTransfer{ <org.springframework.core.convert.support.StreamConverter: java.lang.Object convertFromStream(java.util.stream.Stream,org.springframework.core.convert.TypeDescriptor,org.springframework.core.convert.TypeDescriptor)>: 1 -> base(org.springframework.core.convert.support.StreamConverter) }
InferredTransfer{ <org.springframework.core.convert.support.StreamConverter: java.lang.Object convert(java.lang.Object,org.springframework.core.convert.TypeDescriptor,org.springframework.core.convert.TypeDescriptor)>: base -> result(java.util.GregorianCalendar) }
InferredTransfer{ <org.springframework.core.convert.support.StreamConverter: java.lang.Object convertFromStream(java.util.stream.Stream,org.springframework.core.convert.TypeDescriptor,org.springframework.core.convert.TypeDescriptor)>: base -> result(java.util.stream.ReferencePipeline$Head) }
InferredTransfer{ <org.springframework.core.convert.support.MapToMapConverter: java.lang.Object convertValue(java.lang.Object,org.springframework.core.convert.TypeDescriptor,org.springframework.core.convert.TypeDescriptor)>: 2 -> result(java.util.LinkedHashSet[]) }
InferredTransfer{ <org.springframework.core.convert.support.ConversionUtils: java.lang.Object invokeConverter(org.springframework.core.convert.converter.GenericConverter,java.lang.Object,org.springframework.core.convert.TypeDescriptor,org.springframework.core.convert.TypeDescriptor)>: 1 -> result(boolean[][]) }
InferredTransfer{ <org.springframework.core.convert.TypeDescriptor: void <init>(org.springframework.core.ResolvableType,java.lang.Class,java.lang.annotation.Annotation[])>: 0 -> base(org.springframework.core.convert.support.ObjectToOptionalConverter$GenericTypeDescriptor) }
InferredTransfer{ <org.springframework.core.convert.support.ObjectToArrayConverter: java.lang.Object convert(java.lang.Object,org.springframework.core.convert.TypeDescriptor,org.springframework.core.convert.TypeDescriptor)>: 0 -> result(java.lang.Double[]) }
InferredTransfer{ <org.springframework.core.convert.support.StreamConverter: java.lang.Object convertFromStream(java.util.stream.Stream,org.springframework.core.convert.TypeDescriptor,org.springframework.core.convert.TypeDescriptor)>: 2 -> result(java.nio.HeapByteBuffer) }
InferredTransfer{ <org.springframework.core.convert.support.MapToMapConverter: java.lang.Object convertValue(java.lang.Object,org.springframework.core.convert.TypeDescriptor,org.springframework.core.convert.TypeDescriptor)>: 1 -> result(java.util.LinkedHashSet[]) }
InferredTransfer{ <org.springframework.core.convert.support.ConversionUtils: java.lang.Object invokeConverter(org.springframework.core.convert.converter.GenericConverter,java.lang.Object,org.springframework.core.convert.TypeDescriptor,org.springframework.core.convert.TypeDescriptor)>: 3 -> result(java.math.BigInteger[]) }
InferredTransfer{ <org.springframework.core.convert.support.MapToMapConverter: java.lang.Object convertKey(java.lang.Object,org.springframework.core.convert.TypeDescriptor,org.springframework.core.convert.TypeDescriptor)>: 2 -> result(java.util.HashSet[]) }
InferredTransfer{ <org.springframework.core.convert.support.StreamConverter: java.lang.Object convertFromStream(java.util.stream.Stream,org.springframework.core.convert.TypeDescriptor,org.springframework.core.convert.TypeDescriptor)>: 1 -> result(java.nio.HeapByteBuffer) }
InferredTransfer{ <org.springframework.core.convert.support.ConversionUtils: java.lang.Object invokeConverter(org.springframework.core.convert.converter.GenericConverter,java.lang.Object,org.springframework.core.convert.TypeDescriptor,org.springframework.core.convert.TypeDescriptor)>: 1 -> result(java.util.stream.Stream[]) }
InferredTransfer{ <org.springframework.core.convert.support.ArrayToArrayConverter: java.lang.Object convert(java.lang.Object,org.springframework.core.convert.TypeDescriptor,org.springframework.core.convert.TypeDescriptor)>: 2 -> result(java.math.BigDecimal[]) }
InferredTransfer{ <org.springframework.core.convert.support.CollectionToArrayConverter: java.lang.Object convert(java.lang.Object,org.springframework.core.convert.TypeDescriptor,org.springframework.core.convert.TypeDescriptor)>: 2 -> result(java.math.BigDecimal[]) }
InferredTransfer{ <org.springframework.core.convert.support.MapToMapConverter: java.lang.Object convertKey(java.lang.Object,org.springframework.core.convert.TypeDescriptor,org.springframework.core.convert.TypeDescriptor)>: 1 -> result(java.util.HashSet[]) }
InferredTransfer{ <org.springframework.core.convert.support.StreamConverter: java.lang.Object convertFromStream(java.util.stream.Stream,org.springframework.core.convert.TypeDescriptor,org.springframework.core.convert.TypeDescriptor)>: 2 -> result(java.lang.Character) }
InferredTransfer{ <org.springframework.core.convert.support.ConversionUtils: java.lang.Object invokeConverter(org.springframework.core.convert.converter.GenericConverter,java.lang.Object,org.springframework.core.convert.TypeDescriptor,org.springframework.core.convert.TypeDescriptor)>: 1 -> result(java.math.BigInteger[]) }
InferredTransfer{ <org.springframework.core.convert.support.CollectionToArrayConverter: java.lang.Object convert(java.lang.Object,org.springframework.core.convert.TypeDescriptor,org.springframework.core.convert.TypeDescriptor)>: 0 -> result(java.math.BigDecimal[]) }
InferredTransfer{ <org.springframework.core.convert.support.StreamConverter: java.lang.Object convertFromStream(java.util.stream.Stream,org.springframework.core.convert.TypeDescriptor,org.springframework.core.convert.TypeDescriptor)>: base -> result(java.nio.HeapByteBuffer) }
InferredTransfer{ <org.springframework.core.convert.support.ArrayToArrayConverter: java.lang.Object convert(java.lang.Object,org.springframework.core.convert.TypeDescriptor,org.springframework.core.convert.TypeDescriptor)>: 0 -> result(java.math.BigDecimal[]) }
InferredTransfer{ <org.springframework.core.convert.support.StreamConverter: java.lang.Object convertFromStream(java.util.stream.Stream,org.springframework.core.convert.TypeDescriptor,org.springframework.core.convert.TypeDescriptor)>: 1 -> result(java.lang.Character) }
InferredTransfer{ <org.springframework.core.convert.support.ConversionUtils: java.lang.Object invokeConverter(org.springframework.core.convert.converter.GenericConverter,java.lang.Object,org.springframework.core.convert.TypeDescriptor,org.springframework.core.convert.TypeDescriptor)>: 0 -> result(java.math.BigInteger[]) }
InferredTransfer{ <org.springframework.core.convert.support.ConversionUtils: java.lang.Object invokeConverter(org.springframework.core.convert.converter.GenericConverter,java.lang.Object,org.springframework.core.convert.TypeDescriptor,org.springframework.core.convert.TypeDescriptor)>: 1 -> result(java.lang.Error[]) }
InferredTransfer{ <org.springframework.core.convert.support.CollectionToArrayConverter: java.lang.Object convert(java.lang.Object,org.springframework.core.convert.TypeDescriptor,org.springframework.core.convert.TypeDescriptor)>: base -> result(java.math.BigDecimal[]) }
InferredTransfer{ <org.springframework.core.convert.support.ArrayToArrayConverter: java.lang.Object convert(java.lang.Object,org.springframework.core.convert.TypeDescriptor,org.springframework.core.convert.TypeDescriptor)>: base -> result(java.math.BigDecimal[]) }
InferredTransfer{ <org.springframework.core.convert.support.StreamConverter: java.lang.Object convertFromStream(java.util.stream.Stream,org.springframework.core.convert.TypeDescriptor,org.springframework.core.convert.TypeDescriptor)>: base -> result(java.lang.Character) }
InferredTransfer{ <org.springframework.core.convert.support.ArrayToObjectConverter: java.lang.Object convert(java.lang.Object,org.springframework.core.convert.TypeDescriptor,org.springframework.core.convert.TypeDescriptor)>: 2 -> result(org.springframework.core.convert.support.StringToEnumConverterFactory[]) }
InferredTransfer{ <org.springframework.core.convert.support.CollectionToObjectConverter: java.lang.Object convert(java.lang.Object,org.springframework.core.convert.TypeDescriptor,org.springframework.core.convert.TypeDescriptor)>: 2 -> result(org.springframework.core.convert.support.StringToCharsetConverter[]) }
InferredTransfer{ <org.springframework.core.convert.support.ArrayToObjectConverter: java.lang.Object convert(java.lang.Object,org.springframework.core.convert.TypeDescriptor,org.springframework.core.convert.TypeDescriptor)>: 1 -> result(org.springframework.core.convert.support.StringToEnumConverterFactory[]) }
InferredTransfer{ <org.springframework.core.convert.support.CollectionToObjectConverter: java.lang.Object convert(java.lang.Object,org.springframework.core.convert.TypeDescriptor,org.springframework.core.convert.TypeDescriptor)>: 1 -> result(org.springframework.core.convert.support.StringToCharsetConverter[]) }
InferredTransfer{ <org.springframework.core.convert.support.GenericConversionService: java.lang.Object convert(java.lang.Object,org.springframework.core.convert.TypeDescriptor,org.springframework.core.convert.TypeDescriptor)>: 2 -> result(java.util.LinkedHashMap[]) }
InferredTransfer{ <org.springframework.core.convert.support.ObjectToArrayConverter: java.lang.Object convert(java.lang.Object,org.springframework.core.convert.TypeDescriptor,org.springframework.core.convert.TypeDescriptor)>: 0 -> result(java.util.Map[]) }
InferredTransfer{ <org.springframework.core.convert.support.ArrayToObjectConverter: java.lang.Object convert(java.lang.Object,org.springframework.core.convert.TypeDescriptor,org.springframework.core.convert.TypeDescriptor)>: 0 -> result(org.springframework.core.convert.support.StringToEnumConverterFactory[]) }
InferredTransfer{ <org.springframework.core.convert.support.ConversionUtils: java.lang.Object invokeConverter(org.springframework.core.convert.converter.GenericConverter,java.lang.Object,org.springframework.core.convert.TypeDescriptor,org.springframework.core.convert.TypeDescriptor)>: 3 -> result(java.util.HashMap[]) }
InferredTransfer{ <org.springframework.core.convert.support.CollectionToObjectConverter: java.lang.Object convert(java.lang.Object,org.springframework.core.convert.TypeDescriptor,org.springframework.core.convert.TypeDescriptor)>: 0 -> result(org.springframework.core.convert.support.StringToCharsetConverter[]) }
InferredTransfer{ <java.lang.Integer: java.lang.Integer decode(java.lang.String)>: 0 -> result(java.lang.Integer) }
InferredTransfer{ <org.springframework.core.convert.support.GenericConversionService: java.lang.Object convert(java.lang.Object,org.springframework.core.convert.TypeDescriptor,org.springframework.core.convert.TypeDescriptor)>: 1 -> result(java.util.LinkedHashMap[]) }
InferredTransfer{ <org.springframework.core.convert.support.ArrayToObjectConverter: java.lang.Object convert(java.lang.Object,org.springframework.core.convert.TypeDescriptor,org.springframework.core.convert.TypeDescriptor)>: base -> result(org.springframework.core.convert.support.StringToEnumConverterFactory[]) }
InferredTransfer{ <org.springframework.core.convert.support.CollectionToObjectConverter: java.lang.Object convert(java.lang.Object,org.springframework.core.convert.TypeDescriptor,org.springframework.core.convert.TypeDescriptor)>: base -> result(org.springframework.core.convert.support.StringToCharsetConverter[]) }
InferredTransfer{ <org.springframework.core.convert.support.ConversionUtils: java.lang.Object invokeConverter(org.springframework.core.convert.converter.GenericConverter,java.lang.Object,org.springframework.core.convert.TypeDescriptor,org.springframework.core.convert.TypeDescriptor)>: 2 -> result(java.util.HashMap[]) }
InferredTransfer{ <org.springframework.core.convert.support.MapToMapConverter: java.lang.Object convertKey(java.lang.Object,org.springframework.core.convert.TypeDescriptor,org.springframework.core.convert.TypeDescriptor)>: 2 -> result(org.springframework.core.convert.support.IntegerToEnumConverterFactory[]) }
InferredTransfer{ <org.springframework.core.convert.support.GenericConversionService: java.lang.Object convert(java.lang.Object,org.springframework.core.convert.TypeDescriptor,org.springframework.core.convert.TypeDescriptor)>: 0 -> result(java.util.LinkedHashMap[]) }
InferredTransfer{ <org.springframework.core.convert.support.ConversionUtils: java.lang.Object invokeConverter(org.springframework.core.convert.converter.GenericConverter,java.lang.Object,org.springframework.core.convert.TypeDescriptor,org.springframework.core.convert.TypeDescriptor)>: 1 -> result(java.util.HashMap[]) }
InferredTransfer{ <org.springframework.core.convert.support.MapToMapConverter: java.lang.Object convertKey(java.lang.Object,org.springframework.core.convert.TypeDescriptor,org.springframework.core.convert.TypeDescriptor)>: 2 -> result(java.util.stream.ReferencePipeline$Head) }
InferredTransfer{ <org.springframework.core.convert.support.StreamConverter: java.lang.Object convertFromStream(java.util.stream.Stream,org.springframework.core.convert.TypeDescriptor,org.springframework.core.convert.TypeDescriptor)>: 2 -> result(java.lang.Long) }
InferredTransfer{ <org.springframework.core.convert.support.GenericConversionService: java.lang.Object convert(java.lang.Object,org.springframework.core.convert.TypeDescriptor,org.springframework.core.convert.TypeDescriptor)>: base -> result(java.util.LinkedHashMap[]) }
InferredTransfer{ <org.springframework.core.convert.support.MapToMapConverter: java.lang.Object convertKey(java.lang.Object,org.springframework.core.convert.TypeDescriptor,org.springframework.core.convert.TypeDescriptor)>: 1 -> result(org.springframework.core.convert.support.IntegerToEnumConverterFactory[]) }
InferredTransfer{ <org.springframework.core.convert.support.ConversionUtils: java.lang.Object invokeConverter(org.springframework.core.convert.converter.GenericConverter,java.lang.Object,org.springframework.core.convert.TypeDescriptor,org.springframework.core.convert.TypeDescriptor)>: 0 -> result(java.util.HashMap[]) }
InferredTransfer{ <org.springframework.core.convert.support.MapToMapConverter: java.lang.Object convertValue(java.lang.Object,org.springframework.core.convert.TypeDescriptor,org.springframework.core.convert.TypeDescriptor)>: 2 -> result(sun.nio.cs.US_ASCII) }
InferredTransfer{ <org.springframework.core.convert.support.CollectionToObjectConverter: java.lang.Object convert(java.lang.Object,org.springframework.core.convert.TypeDescriptor,org.springframework.core.convert.TypeDescriptor)>: 2 -> result(java.util.HashSet[]) }
InferredTransfer{ <org.springframework.core.convert.support.MapToMapConverter: java.lang.Object convertKey(java.lang.Object,org.springframework.core.convert.TypeDescriptor,org.springframework.core.convert.TypeDescriptor)>: 1 -> result(java.util.stream.ReferencePipeline$Head) }
InferredTransfer{ <org.springframework.core.convert.support.MapToMapConverter: java.lang.Object convertValue(java.lang.Object,org.springframework.core.convert.TypeDescriptor,org.springframework.core.convert.TypeDescriptor)>: 1 -> result(sun.nio.cs.US_ASCII) }
InferredTransfer{ <org.springframework.core.convert.support.MapToMapConverter: java.lang.Object convertKey(java.lang.Object,org.springframework.core.convert.TypeDescriptor,org.springframework.core.convert.TypeDescriptor)>: base -> result(org.springframework.core.convert.support.IntegerToEnumConverterFactory[]) }
InferredTransfer{ <org.springframework.core.convert.support.CollectionToObjectConverter: java.lang.Object convert(java.lang.Object,org.springframework.core.convert.TypeDescriptor,org.springframework.core.convert.TypeDescriptor)>: 1 -> result(java.util.HashSet[]) }
InferredTransfer{ <org.springframework.core.convert.support.ConversionUtils: java.lang.Object invokeConverter(org.springframework.core.convert.converter.GenericConverter,java.lang.Object,org.springframework.core.convert.TypeDescriptor,org.springframework.core.convert.TypeDescriptor)>: 3 -> result(org.springframework.core.convert.support.StringToCharacterConverter[]) }
InferredTransfer{ <org.springframework.core.convert.support.GenericConversionService: java.lang.Object convert(java.lang.Object,org.springframework.core.convert.TypeDescriptor,org.springframework.core.convert.TypeDescriptor)>: 2 -> result(java.math.BigInteger) }
InferredTransfer{ <org.springframework.core.convert.support.MapToMapConverter: java.lang.Object convertValue(java.lang.Object,org.springframework.core.convert.TypeDescriptor,org.springframework.core.convert.TypeDescriptor)>: 2 -> result(org.springframework.core.convert.support.StringToBooleanConverter[]) }
InferredTransfer{ <org.springframework.core.convert.support.CollectionToObjectConverter: java.lang.Object convert(java.lang.Object,org.springframework.core.convert.TypeDescriptor,org.springframework.core.convert.TypeDescriptor)>: 0 -> result(java.util.HashSet[]) }
InferredTransfer{ <org.springframework.core.convert.support.MapToMapConverter: java.lang.Object convertKey(java.lang.Object,org.springframework.core.convert.TypeDescriptor,org.springframework.core.convert.TypeDescriptor)>: base -> result(java.util.stream.ReferencePipeline$Head) }
InferredTransfer{ <org.springframework.core.convert.support.ConversionUtils: java.lang.Object invokeConverter(org.springframework.core.convert.converter.GenericConverter,java.lang.Object,org.springframework.core.convert.TypeDescriptor,org.springframework.core.convert.TypeDescriptor)>: 2 -> result(org.springframework.core.convert.support.StringToCharacterConverter[]) }
InferredTransfer{ <org.springframework.core.convert.support.ConversionUtils: java.lang.Object invokeConverter(org.springframework.core.convert.converter.GenericConverter,java.lang.Object,org.springframework.core.convert.TypeDescriptor,org.springframework.core.convert.TypeDescriptor)>: 1 -> result(char[][]) }
InferredTransfer{ <org.springframework.core.convert.support.MapToMapConverter: java.lang.Object convertValue(java.lang.Object,org.springframework.core.convert.TypeDescriptor,org.springframework.core.convert.TypeDescriptor)>: base -> result(sun.nio.cs.US_ASCII) }
InferredTransfer{ <org.springframework.core.convert.support.ConversionUtils: java.lang.Object invokeConverter(org.springframework.core.convert.converter.GenericConverter,java.lang.Object,org.springframework.core.convert.TypeDescriptor,org.springframework.core.convert.TypeDescriptor)>: 1 -> result(org.springframework.core.convert.support.StringToCharacterConverter[]) }
InferredTransfer{ <org.springframework.core.convert.support.MapToMapConverter: java.lang.Object convertValue(java.lang.Object,org.springframework.core.convert.TypeDescriptor,org.springframework.core.convert.TypeDescriptor)>: 1 -> result(org.springframework.core.convert.support.StringToBooleanConverter[]) }
InferredTransfer{ <org.springframework.core.convert.support.CollectionToArrayConverter: java.lang.Object convert(java.lang.Object,org.springframework.core.convert.TypeDescriptor,org.springframework.core.convert.TypeDescriptor)>: 2 -> result(org.springframework.core.convert.support.StringToUUIDConverter[]) }
InferredTransfer{ <org.springframework.core.convert.support.MapToMapConverter: java.lang.Object convertKey(java.lang.Object,org.springframework.core.convert.TypeDescriptor,org.springframework.core.convert.TypeDescriptor)>: 2 -> result(java.nio.HeapByteBuffer) }
InferredTransfer{ <org.springframework.core.convert.support.GenericConversionService: java.lang.Object convert(java.lang.Object,org.springframework.core.convert.TypeDescriptor,org.springframework.core.convert.TypeDescriptor)>: 0 -> result(java.math.BigInteger) }
InferredTransfer{ <org.springframework.core.convert.support.CollectionToObjectConverter: java.lang.Object convert(java.lang.Object,org.springframework.core.convert.TypeDescriptor,org.springframework.core.convert.TypeDescriptor)>: base -> result(java.util.HashSet[]) }
InferredTransfer{ <org.springframework.core.convert.support.ConversionUtils: java.lang.Object invokeConverter(org.springframework.core.convert.converter.GenericConverter,java.lang.Object,org.springframework.core.convert.TypeDescriptor,org.springframework.core.convert.TypeDescriptor)>: 0 -> result(org.springframework.core.convert.support.StringToCharacterConverter[]) }
InferredTransfer{ <org.springframework.core.convert.support.CollectionToArrayConverter: java.lang.Object convert(java.lang.Object,org.springframework.core.convert.TypeDescriptor,org.springframework.core.convert.TypeDescriptor)>: 1 -> result(org.springframework.core.convert.support.StringToUUIDConverter[]) }
InferredTransfer{ <org.springframework.core.convert.support.MapToMapConverter: java.lang.Object convertKey(java.lang.Object,org.springframework.core.convert.TypeDescriptor,org.springframework.core.convert.TypeDescriptor)>: 1 -> result(java.nio.HeapByteBuffer) }
InferredTransfer{ <org.springframework.core.convert.support.StreamConverter: java.lang.Object convertFromStream(java.util.stream.Stream,org.springframework.core.convert.TypeDescriptor,org.springframework.core.convert.TypeDescriptor)>: 2 -> result(java.util.UUID[]) }
InferredTransfer{ <org.springframework.core.convert.support.ArrayToObjectConverter: java.lang.Object convert(java.lang.Object,org.springframework.core.convert.TypeDescriptor,org.springframework.core.convert.TypeDescriptor)>: 2 -> result(java.util.NavigableSet[]) }
InferredTransfer{ <org.springframework.core.convert.support.MapToMapConverter: java.lang.Object convertValue(java.lang.Object,org.springframework.core.convert.TypeDescriptor,org.springframework.core.convert.TypeDescriptor)>: base -> result(org.springframework.core.convert.support.StringToBooleanConverter[]) }
InferredTransfer{ <org.springframework.core.convert.support.ConversionUtils: java.lang.Object invokeConverter(org.springframework.core.convert.converter.GenericConverter,java.lang.Object,org.springframework.core.convert.TypeDescriptor,org.springframework.core.convert.TypeDescriptor)>: 3 -> result(java.util.NavigableMap[]) }
InferredTransfer{ <org.springframework.core.convert.support.ArrayToArrayConverter: java.lang.Object convert(java.lang.Object,org.springframework.core.convert.TypeDescriptor,org.springframework.core.convert.TypeDescriptor)>: 0 -> result(byte[][]) }
InferredTransfer{ <org.springframework.core.convert.support.GenericConversionService: java.lang.Object convert(java.lang.Object,org.springframework.core.convert.TypeDescriptor,org.springframework.core.convert.TypeDescriptor)>: base -> result(java.math.BigInteger) }
InferredTransfer{ <org.springframework.core.convert.support.CollectionToArrayConverter: java.lang.Object convert(java.lang.Object,org.springframework.core.convert.TypeDescriptor,org.springframework.core.convert.TypeDescriptor)>: 0 -> result(byte[][]) }
InferredTransfer{ <org.springframework.core.convert.support.CollectionToArrayConverter: java.lang.Object convert(java.lang.Object,org.springframework.core.convert.TypeDescriptor,org.springframework.core.convert.TypeDescriptor)>: 0 -> result(org.springframework.core.convert.support.StringToUUIDConverter[]) }
InferredTransfer{ <org.springframework.core.convert.support.StreamConverter: java.lang.Object convertFromStream(java.util.stream.Stream,org.springframework.core.convert.TypeDescriptor,org.springframework.core.convert.TypeDescriptor)>: 1 -> result(java.util.UUID[]) }
InferredTransfer{ <org.springframework.core.convert.support.MapToMapConverter: java.lang.Object convertKey(java.lang.Object,org.springframework.core.convert.TypeDescriptor,org.springframework.core.convert.TypeDescriptor)>: 2 -> result(java.lang.Character) }
InferredTransfer{ <org.springframework.core.convert.support.ArrayToObjectConverter: java.lang.Object convert(java.lang.Object,org.springframework.core.convert.TypeDescriptor,org.springframework.core.convert.TypeDescriptor)>: 1 -> result(org.springframework.core.convert.support.IntegerToEnumConverterFactory[]) }
InferredTransfer{ <org.springframework.core.convert.support.ArrayToObjectConverter: java.lang.Object convert(java.lang.Object,org.springframework.core.convert.TypeDescriptor,org.springframework.core.convert.TypeDescriptor)>: 2 -> result(org.springframework.core.convert.support.IntegerToEnumConverterFactory[]) }
InferredTransfer{ <org.springframework.core.convert.support.CollectionToArrayConverter: java.lang.Object convert(java.lang.Object,org.springframework.core.convert.TypeDescriptor,org.springframework.core.convert.TypeDescriptor)>: base -> result(org.springframework.core.convert.support.StringToUUIDConverter[]) }
InferredTransfer{ <org.springframework.core.convert.support.ArrayToObjectConverter: java.lang.Object convert(java.lang.Object,org.springframework.core.convert.TypeDescriptor,org.springframework.core.convert.TypeDescriptor)>: 2 -> result(org.springframework.core.convert.support.StringToPropertiesConverter[]) }
InferredTransfer{ <java.lang.String: java.lang.String valueOf(java.lang.Object)>: 0 -> result(java.lang.String) }
InferredTransfer{ <org.springframework.core.convert.support.ArrayToObjectConverter: java.lang.Object convert(java.lang.Object,org.springframework.core.convert.TypeDescriptor,org.springframework.core.convert.TypeDescriptor)>: 0 -> result(java.util.NavigableSet[]) }
InferredTransfer{ <org.springframework.core.convert.support.MapToMapConverter: java.lang.Object convertKey(java.lang.Object,org.springframework.core.convert.TypeDescriptor,org.springframework.core.convert.TypeDescriptor)>: 1 -> result(java.lang.Character) }
InferredTransfer{ <org.springframework.core.convert.support.ArrayToObjectConverter: java.lang.Object convert(java.lang.Object,org.springframework.core.convert.TypeDescriptor,org.springframework.core.convert.TypeDescriptor)>: 0 -> result(org.springframework.core.convert.support.IntegerToEnumConverterFactory[]) }
InferredTransfer{ <org.springframework.core.convert.support.ConversionUtils: java.lang.Object invokeConverter(org.springframework.core.convert.converter.GenericConverter,java.lang.Object,org.springframework.core.convert.TypeDescriptor,org.springframework.core.convert.TypeDescriptor)>: 1 -> result(java.util.NavigableMap[]) }
InferredTransfer{ <org.springframework.core.convert.support.ConversionUtils: java.lang.Object invokeConverter(org.springframework.core.convert.converter.GenericConverter,java.lang.Object,org.springframework.core.convert.TypeDescriptor,org.springframework.core.convert.TypeDescriptor)>: 1 -> result(java.lang.Byte[]) }
InferredTransfer{ <org.springframework.core.convert.support.ArrayToObjectConverter: java.lang.Object convert(java.lang.Object,org.springframework.core.convert.TypeDescriptor,org.springframework.core.convert.TypeDescriptor)>: 1 -> result(org.springframework.core.convert.support.StringToPropertiesConverter[]) }
InferredTransfer{ <org.springframework.core.convert.support.StreamConverter: java.lang.Object convertFromStream(java.util.stream.Stream,org.springframework.core.convert.TypeDescriptor,org.springframework.core.convert.TypeDescriptor)>: base -> result(java.util.UUID[]) }
InferredTransfer{ <org.springframework.core.convert.support.ConversionUtils: java.lang.Object invokeConverter(org.springframework.core.convert.converter.GenericConverter,java.lang.Object,org.springframework.core.convert.TypeDescriptor,org.springframework.core.convert.TypeDescriptor)>: 1 -> result(java.lang.System[]) }
InferredTransfer{ <org.springframework.core.convert.support.ArrayToObjectConverter: java.lang.Object convert(java.lang.Object,org.springframework.core.convert.TypeDescriptor,org.springframework.core.convert.TypeDescriptor)>: base -> result(java.util.NavigableSet[]) }
InferredTransfer{ <org.springframework.core.convert.support.ArrayToObjectConverter: java.lang.Object convert(java.lang.Object,org.springframework.core.convert.TypeDescriptor,org.springframework.core.convert.TypeDescriptor)>: base -> result(org.springframework.core.convert.support.IntegerToEnumConverterFactory[]) }
InferredTransfer{ <org.springframework.core.convert.support.CollectionToObjectConverter: java.lang.Object convert(java.lang.Object,org.springframework.core.convert.TypeDescriptor,org.springframework.core.convert.TypeDescriptor)>: 2 -> result(java.util.NavigableSet[]) }
InferredTransfer{ <org.springframework.core.convert.support.ConversionUtils: java.lang.Object invokeConverter(org.springframework.core.convert.converter.GenericConverter,java.lang.Object,org.springframework.core.convert.TypeDescriptor,org.springframework.core.convert.TypeDescriptor)>: 0 -> result(java.util.NavigableMap[]) }
InferredTransfer{ <org.springframework.core.convert.support.ArrayToObjectConverter: java.lang.Object convert(java.lang.Object,org.springframework.core.convert.TypeDescriptor,org.springframework.core.convert.TypeDescriptor)>: 0 -> result(org.springframework.core.convert.support.StringToPropertiesConverter[]) }
InferredTransfer{ <org.springframework.core.convert.support.MapToMapConverter: java.lang.Object convertKey(java.lang.Object,org.springframework.core.convert.TypeDescriptor,org.springframework.core.convert.TypeDescriptor)>: base -> result(java.nio.HeapByteBuffer) }
InferredTransfer{ <org.springframework.core.convert.support.StreamConverter: java.lang.Object convertFromStream(java.util.stream.Stream,org.springframework.core.convert.TypeDescriptor,org.springframework.core.convert.TypeDescriptor)>: 2 -> result(java.lang.String) }
InferredTransfer{ <org.springframework.core.convert.support.MapToMapConverter: java.lang.Object convertKey(java.lang.Object,org.springframework.core.convert.TypeDescriptor,org.springframework.core.convert.TypeDescriptor)>: base -> result(java.lang.Character) }
InferredTransfer{ <org.springframework.core.convert.support.CollectionToObjectConverter: java.lang.Object convert(java.lang.Object,org.springframework.core.convert.TypeDescriptor,org.springframework.core.convert.TypeDescriptor)>: 2 -> result(java.util.stream.ReferencePipeline$Head) }
InferredTransfer{ <org.springframework.core.convert.support.ArrayToObjectConverter: java.lang.Object convert(java.lang.Object,org.springframework.core.convert.TypeDescriptor,org.springframework.core.convert.TypeDescriptor)>: base -> result(org.springframework.core.convert.support.StringToPropertiesConverter[]) }
InferredTransfer{ <org.springframework.core.convert.support.StreamConverter: java.lang.Object convertFromStream(java.util.stream.Stream,org.springframework.core.convert.TypeDescriptor,org.springframework.core.convert.TypeDescriptor)>: 1 -> result(java.lang.String) }
InferredTransfer{ <org.springframework.core.convert.support.ArrayToArrayConverter: java.lang.Object convert(java.lang.Object,org.springframework.core.convert.TypeDescriptor,org.springframework.core.convert.TypeDescriptor)>: 2 -> result(org.springframework.core.convert.support.NumberToNumberConverterFactory[]) }
InferredTransfer{ <org.springframework.core.convert.support.CollectionToObjectConverter: java.lang.Object convert(java.lang.Object,org.springframework.core.convert.TypeDescriptor,org.springframework.core.convert.TypeDescriptor)>: 0 -> result(java.util.NavigableSet[]) }
InferredTransfer{ <org.springframework.web.util.UrlPathHelper: java.lang.String getRemainingPath(java.lang.String,java.lang.String,boolean)>: 1 -> result(java.lang.String) }
InferredTransfer{ <org.springframework.core.convert.support.CollectionToObjectConverter: java.lang.Object convert(java.lang.Object,org.springframework.core.convert.TypeDescriptor,org.springframework.core.convert.TypeDescriptor)>: 1 -> result(java.util.stream.ReferencePipeline$Head) }
InferredTransfer{ <org.springframework.core.convert.support.ArrayToArrayConverter: java.lang.Object convert(java.lang.Object,org.springframework.core.convert.TypeDescriptor,org.springframework.core.convert.TypeDescriptor)>: 1 -> result(org.springframework.core.convert.support.NumberToNumberConverterFactory[]) }
InferredTransfer{ <org.springframework.core.convert.support.ArrayToObjectConverter: java.lang.Object convert(java.lang.Object,org.springframework.core.convert.TypeDescriptor,org.springframework.core.convert.TypeDescriptor)>: 0 -> result(java.lang.Float[]) }
InferredTransfer{ <org.springframework.core.convert.support.CollectionToObjectConverter: java.lang.Object convert(java.lang.Object,org.springframework.core.convert.TypeDescriptor,org.springframework.core.convert.TypeDescriptor)>: base -> result(java.util.NavigableSet[]) }
InferredTransfer{ <org.springframework.web.util.UrlPathHelper: java.lang.String getRemainingPath(java.lang.String,java.lang.String,boolean)>: 0 -> result(java.lang.String) }
InferredTransfer{ <org.springframework.core.convert.support.StreamConverter: java.lang.Object convert(java.lang.Object,org.springframework.core.convert.TypeDescriptor,org.springframework.core.convert.TypeDescriptor)>: 0 -> result(java.io.Externalizable[]) }
InferredTransfer{ <org.springframework.core.convert.support.CollectionToObjectConverter: java.lang.Object convert(java.lang.Object,org.springframework.core.convert.TypeDescriptor,org.springframework.core.convert.TypeDescriptor)>: 0 -> result(java.util.stream.ReferencePipeline$Head) }
InferredTransfer{ <org.springframework.core.env.SystemEnvironmentPropertySource: java.lang.Object getProperty(java.lang.String)>: 0 -> base(org.springframework.core.env.SystemEnvironmentPropertySource) }
InferredTransfer{ <org.springframework.core.convert.support.ByteBufferConverter: java.lang.Object convert(java.lang.Object,org.springframework.core.convert.TypeDescriptor,org.springframework.core.convert.TypeDescriptor)>: 2 -> result(java.util.LinkedHashSet[]) }
InferredTransfer{ <org.springframework.core.convert.support.ArrayToArrayConverter: java.lang.Object convert(java.lang.Object,org.springframework.core.convert.TypeDescriptor,org.springframework.core.convert.TypeDescriptor)>: 0 -> result(org.springframework.core.convert.support.NumberToNumberConverterFactory[]) }
InferredTransfer{ <org.springframework.core.convert.support.StreamConverter: java.lang.Object convertFromStream(java.util.stream.Stream,org.springframework.core.convert.TypeDescriptor,org.springframework.core.convert.TypeDescriptor)>: base -> result(java.lang.String) }
InferredTransfer{ <org.springframework.web.util.UrlPathHelper: java.lang.String getRemainingPath(java.lang.String,java.lang.String,boolean)>: base -> result(java.lang.String) }
InferredTransfer{ <org.springframework.core.convert.support.CollectionToObjectConverter: java.lang.Object convert(java.lang.Object,org.springframework.core.convert.TypeDescriptor,org.springframework.core.convert.TypeDescriptor)>: base -> result(java.util.stream.ReferencePipeline$Head) }
InferredTransfer{ <org.springframework.core.convert.support.GenericConversionService: java.lang.Object convert(java.lang.Object,org.springframework.core.convert.TypeDescriptor,org.springframework.core.convert.TypeDescriptor)>: 2 -> result(java.lang.Short) }
InferredTransfer{ <org.springframework.core.convert.support.ArrayToObjectConverter: java.lang.Object convert(java.lang.Object,org.springframework.core.convert.TypeDescriptor,org.springframework.core.convert.TypeDescriptor)>: 2 -> result(java.lang.Character) }
InferredTransfer{ <org.springframework.core.convert.support.ByteBufferConverter: java.lang.Object convert(java.lang.Object,org.springframework.core.convert.TypeDescriptor,org.springframework.core.convert.TypeDescriptor)>: 1 -> result(java.util.LinkedHashSet[]) }
InferredTransfer{ <org.springframework.core.convert.support.ArrayToArrayConverter: java.lang.Object convert(java.lang.Object,org.springframework.core.convert.TypeDescriptor,org.springframework.core.convert.TypeDescriptor)>: base -> result(org.springframework.core.convert.support.NumberToNumberConverterFactory[]) }
InferredTransfer{ <org.springframework.core.convert.support.GenericConversionService: java.lang.Object convert(java.lang.Object,org.springframework.core.convert.TypeDescriptor,org.springframework.core.convert.TypeDescriptor)>: 1 -> result(java.lang.Short) }
InferredTransfer{ <org.springframework.core.convert.support.ArrayToObjectConverter: java.lang.Object convert(java.lang.Object,org.springframework.core.convert.TypeDescriptor,org.springframework.core.convert.TypeDescriptor)>: 1 -> result(java.lang.Character) }
InferredTransfer{ <org.springframework.core.convert.support.ByteBufferConverter: java.lang.Object convert(java.lang.Object,org.springframework.core.convert.TypeDescriptor,org.springframework.core.convert.TypeDescriptor)>: 0 -> result(java.util.LinkedHashSet[]) }
InferredTransfer{ <org.springframework.core.convert.support.CollectionToObjectConverter: java.lang.Object convert(java.lang.Object,org.springframework.core.convert.TypeDescriptor,org.springframework.core.convert.TypeDescriptor)>: 2 -> result(java.nio.HeapByteBuffer) }
InferredTransfer{ <org.springframework.core.convert.support.GenericConversionService: java.lang.Object convert(java.lang.Object,org.springframework.core.convert.TypeDescriptor,org.springframework.core.convert.TypeDescriptor)>: 0 -> result(java.lang.Short) }
InferredTransfer{ <org.springframework.core.convert.support.GenericConversionService: java.lang.Object convert(java.lang.Object,org.springframework.core.convert.TypeDescriptor,org.springframework.core.convert.TypeDescriptor)>: 2 -> result(java.util.SortedSet[]) }
InferredTransfer{ <org.springframework.core.convert.support.GenericConversionService: java.lang.Object convert(java.lang.Object,org.springframework.core.convert.TypeDescriptor,org.springframework.core.convert.TypeDescriptor)>: 2 -> result(org.springframework.core.convert.support.NumberToCharacterConverter[]) }
InferredTransfer{ <org.springframework.core.convert.support.CollectionToObjectConverter: java.lang.Object convert(java.lang.Object,org.springframework.core.convert.TypeDescriptor,org.springframework.core.convert.TypeDescriptor)>: 0 -> result(java.lang.Float[]) }
InferredTransfer{ <org.springframework.core.convert.support.CollectionToObjectConverter: java.lang.Object convert(java.lang.Object,org.springframework.core.convert.TypeDescriptor,org.springframework.core.convert.TypeDescriptor)>: 1 -> result(java.nio.HeapByteBuffer) }
InferredTransfer{ <org.springframework.core.convert.support.ArrayToObjectConverter: java.lang.Object convert(java.lang.Object,org.springframework.core.convert.TypeDescriptor,org.springframework.core.convert.TypeDescriptor)>: 0 -> result(java.lang.Character) }
InferredTransfer{ <org.springframework.core.convert.support.ByteBufferConverter: java.lang.Object convert(java.lang.Object,org.springframework.core.convert.TypeDescriptor,org.springframework.core.convert.TypeDescriptor)>: base -> result(java.util.LinkedHashSet[]) }
InferredTransfer{ <org.springframework.core.convert.support.GenericConversionService: java.lang.Object convert(java.lang.Object,org.springframework.core.convert.TypeDescriptor,org.springframework.core.convert.TypeDescriptor)>: 1 -> result(org.springframework.core.convert.support.NumberToCharacterConverter[]) }
InferredTransfer{ <org.springframework.core.convert.support.GenericConversionService: java.lang.Object convert(java.lang.Object,org.springframework.core.convert.TypeDescriptor,org.springframework.core.convert.TypeDescriptor)>: base -> result(java.lang.Short) }
InferredTransfer{ <org.springframework.core.convert.support.ArrayToObjectConverter: java.lang.Object convert(java.lang.Object,org.springframework.core.convert.TypeDescriptor,org.springframework.core.convert.TypeDescriptor)>: base -> result(java.lang.Character) }
InferredTransfer{ <org.springframework.core.convert.support.CollectionToObjectConverter: java.lang.Object convert(java.lang.Object,org.springframework.core.convert.TypeDescriptor,org.springframework.core.convert.TypeDescriptor)>: 0 -> result(java.nio.HeapByteBuffer) }
InferredTransfer{ <org.springframework.core.convert.support.CollectionToObjectConverter: java.lang.Object convert(java.lang.Object,org.springframework.core.convert.TypeDescriptor,org.springframework.core.convert.TypeDescriptor)>: 2 -> result(java.lang.Character) }
InferredTransfer{ <org.springframework.core.convert.support.GenericConversionService: java.lang.Object convert(java.lang.Object,org.springframework.core.convert.TypeDescriptor,org.springframework.core.convert.TypeDescriptor)>: 0 -> result(java.util.SortedSet[]) }
InferredTransfer{ <org.springframework.core.convert.support.GenericConversionService: java.lang.Object convert(java.lang.Object,org.springframework.core.convert.TypeDescriptor,org.springframework.core.convert.TypeDescriptor)>: 0 -> result(org.springframework.core.convert.support.NumberToCharacterConverter[]) }
InferredTransfer{ <org.springframework.core.convert.support.CollectionToObjectConverter: java.lang.Object convert(java.lang.Object,org.springframework.core.convert.TypeDescriptor,org.springframework.core.convert.TypeDescriptor)>: base -> result(java.nio.HeapByteBuffer) }
InferredTransfer{ <org.springframework.core.convert.support.CollectionToObjectConverter: java.lang.Object convert(java.lang.Object,org.springframework.core.convert.TypeDescriptor,org.springframework.core.convert.TypeDescriptor)>: 1 -> result(java.lang.Character) }
InferredTransfer{ <org.springframework.core.convert.support.GenericConversionService: java.lang.Object convert(java.lang.Object,org.springframework.core.convert.TypeDescriptor,org.springframework.core.convert.TypeDescriptor)>: base -> result(java.util.SortedSet[]) }
InferredTransfer{ <org.springframework.core.convert.support.GenericConversionService: java.lang.Object convert(java.lang.Object,org.springframework.core.convert.TypeDescriptor,org.springframework.core.convert.TypeDescriptor)>: base -> result(org.springframework.core.convert.support.NumberToCharacterConverter[]) }
InferredTransfer{ <org.springframework.core.convert.support.CollectionToObjectConverter: java.lang.Object convert(java.lang.Object,org.springframework.core.convert.TypeDescriptor,org.springframework.core.convert.TypeDescriptor)>: 0 -> result(java.lang.Character) }
InferredTransfer{ <org.springframework.core.convert.support.StringToCharsetConverter: java.nio.charset.Charset convert(java.lang.String)>: 0 -> base(org.springframework.core.convert.support.StringToCharsetConverter) }
InferredTransfer{ <org.springframework.core.convert.support.ConversionUtils: java.lang.Object invokeConverter(org.springframework.core.convert.converter.GenericConverter,java.lang.Object,org.springframework.core.convert.TypeDescriptor,org.springframework.core.convert.TypeDescriptor)>: 1 -> result(java.io.Serializable[]) }
InferredTransfer{ <org.springframework.core.convert.support.CollectionToObjectConverter: java.lang.Object convert(java.lang.Object,org.springframework.core.convert.TypeDescriptor,org.springframework.core.convert.TypeDescriptor)>: base -> result(java.lang.Character) }
InferredTransfer{ <org.springframework.core.convert.support.ArrayToObjectConverter: java.lang.Object convert(java.lang.Object,org.springframework.core.convert.TypeDescriptor,org.springframework.core.convert.TypeDescriptor)>: 0 -> result(java.lang.Enum[]) }
InferredTransfer{ <org.springframework.core.convert.support.ByteBufferConverter: java.lang.Object convertFromByteBuffer(java.nio.ByteBuffer,org.springframework.core.convert.TypeDescriptor)>: 1 -> result(java.math.BigInteger[]) }
InferredTransfer{ <org.springframework.core.convert.support.CollectionToArrayConverter: java.lang.Object convert(java.lang.Object,org.springframework.core.convert.TypeDescriptor,org.springframework.core.convert.TypeDescriptor)>: 0 -> result(java.nio.charset.Charset[]) }
InferredTransfer{ <org.springframework.core.convert.support.ArrayToArrayConverter: java.lang.Object convert(java.lang.Object,org.springframework.core.convert.TypeDescriptor,org.springframework.core.convert.TypeDescriptor)>: 0 -> result(java.nio.charset.Charset[]) }
InferredTransfer{ <org.springframework.core.convert.support.StreamConverter: java.lang.Object convertFromStream(java.util.stream.Stream,org.springframework.core.convert.TypeDescriptor,org.springframework.core.convert.TypeDescriptor)>: 2 -> result(java.util.GregorianCalendar) }
InferredTransfer{ <org.springframework.core.convert.support.CollectionToArrayConverter: java.lang.Object convert(java.lang.Object,org.springframework.core.convert.TypeDescriptor,org.springframework.core.convert.TypeDescriptor)>: 0 -> result(java.util.Set[]) }
InferredTransfer{ <org.springframework.core.convert.support.MapToMapConverter: java.lang.Object convertKey(java.lang.Object,org.springframework.core.convert.TypeDescriptor,org.springframework.core.convert.TypeDescriptor)>: 2 -> result(sun.security.jca.ProviderConfig) }
InferredTransfer{ <org.springframework.core.convert.support.StringToCurrencyConverter: java.util.Currency convert(java.lang.String)>: 0 -> base(org.springframework.core.convert.support.StringToCurrencyConverter) }
InferredTransfer{ <org.springframework.core.SerializableTypeWrapper: java.lang.reflect.Type unwrap(java.lang.reflect.Type)>: 0 -> result(sun.reflect.generics.reflectiveObjects.TypeVariableImpl) }
InferredTransfer{ <org.springframework.core.convert.support.StreamConverter: java.lang.Object convertFromStream(java.util.stream.Stream,org.springframework.core.convert.TypeDescriptor,org.springframework.core.convert.TypeDescriptor)>: 1 -> result(java.util.GregorianCalendar) }
InferredTransfer{ <org.springframework.core.convert.support.MapToMapConverter: java.lang.Object convertKey(java.lang.Object,org.springframework.core.convert.TypeDescriptor,org.springframework.core.convert.TypeDescriptor)>: 1 -> result(sun.security.jca.ProviderConfig) }
InferredTransfer{ <org.springframework.core.convert.support.ByteBufferConverter: java.lang.Object convertFromByteBuffer(java.nio.ByteBuffer,org.springframework.core.convert.TypeDescriptor)>: base -> result(java.math.BigInteger[]) }
InferredTransfer{ <org.springframework.core.convert.support.CollectionToObjectConverter: java.lang.Object convert(java.lang.Object,org.springframework.core.convert.TypeDescriptor,org.springframework.core.convert.TypeDescriptor)>: 2 -> base(org.springframework.core.convert.support.CollectionToObjectConverter) }
InferredTransfer{ <org.springframework.core.convert.support.ByteBufferConverter: java.lang.Object convert(java.lang.Object,org.springframework.core.convert.TypeDescriptor,org.springframework.core.convert.TypeDescriptor)>: 2 -> result(java.util.LinkedList[]) }
InferredTransfer{ <org.springframework.core.convert.support.CollectionToObjectConverter: java.lang.Object convert(java.lang.Object,org.springframework.core.convert.TypeDescriptor,org.springframework.core.convert.TypeDescriptor)>: 0 -> result(java.lang.Enum[]) }
InferredTransfer{ <org.springframework.core.convert.support.ByteBufferConverter: java.lang.Object convert(java.lang.Object,org.springframework.core.convert.TypeDescriptor,org.springframework.core.convert.TypeDescriptor)>: 2 -> result(sun.nio.cs.US_ASCII) }
InferredTransfer{ <org.springframework.core.convert.support.CollectionToObjectConverter: java.lang.Object convert(java.lang.Object,org.springframework.core.convert.TypeDescriptor,org.springframework.core.convert.TypeDescriptor)>: 1 -> base(org.springframework.core.convert.support.CollectionToObjectConverter) }
InferredTransfer{ <org.springframework.core.convert.support.CollectionToObjectConverter: java.lang.Object convert(java.lang.Object,org.springframework.core.convert.TypeDescriptor,org.springframework.core.convert.TypeDescriptor)>: 2 -> result(java.lang.Long) }
InferredTransfer{ <org.springframework.core.convert.support.MapToMapConverter: java.lang.Object convertKey(java.lang.Object,org.springframework.core.convert.TypeDescriptor,org.springframework.core.convert.TypeDescriptor)>: base -> result(sun.security.jca.ProviderConfig) }
InferredTransfer{ <org.springframework.core.convert.support.StreamConverter: java.lang.Object convertFromStream(java.util.stream.Stream,org.springframework.core.convert.TypeDescriptor,org.springframework.core.convert.TypeDescriptor)>: base -> result(java.util.GregorianCalendar) }
InferredTransfer{ <org.springframework.core.convert.support.StringToBooleanConverter: java.lang.Boolean convert(java.lang.String)>: 0 -> base(org.springframework.core.convert.support.StringToBooleanConverter) }
InferredTransfer{ <org.springframework.core.convert.support.StreamConverter: java.lang.Object convert(java.lang.Object,org.springframework.core.convert.TypeDescriptor,org.springframework.core.convert.TypeDescriptor)>: 0 -> result(java.lang.Byte) }
InferredTransfer{ <org.springframework.core.convert.support.ByteBufferConverter: java.lang.Object convert(java.lang.Object,org.springframework.core.convert.TypeDescriptor,org.springframework.core.convert.TypeDescriptor)>: 1 -> result(sun.nio.cs.US_ASCII) }
InferredTransfer{ <org.springframework.core.convert.support.CollectionToObjectConverter: java.lang.Object convert(java.lang.Object,org.springframework.core.convert.TypeDescriptor,org.springframework.core.convert.TypeDescriptor)>: 0 -> base(org.springframework.core.convert.support.CollectionToObjectConverter) }
InferredTransfer{ <org.springframework.core.convert.support.ByteBufferConverter: java.lang.Object convert(java.lang.Object,org.springframework.core.convert.TypeDescriptor,org.springframework.core.convert.TypeDescriptor)>: 2 -> result(org.springframework.core.convert.support.StringToBooleanConverter[]) }
InferredTransfer{ <org.springframework.core.convert.support.ByteBufferConverter: java.lang.Object convert(java.lang.Object,org.springframework.core.convert.TypeDescriptor,org.springframework.core.convert.TypeDescriptor)>: 0 -> result(sun.nio.cs.US_ASCII) }
InferredTransfer{ <org.springframework.core.convert.support.MapToMapConverter: java.lang.Object convertValue(java.lang.Object,org.springframework.core.convert.TypeDescriptor,org.springframework.core.convert.TypeDescriptor)>: 2 -> result(org.springframework.core.convert.support.PropertiesToStringConverter[]) }
InferredTransfer{ <org.springframework.core.convert.support.StreamConverter: java.lang.Object convert(java.lang.Object,org.springframework.core.convert.TypeDescriptor,org.springframework.core.convert.TypeDescriptor)>: base -> result(java.lang.Byte) }
InferredTransfer{ <org.springframework.core.convert.support.CollectionToObjectConverter: java.lang.Object convert(java.lang.Object,org.springframework.core.convert.TypeDescriptor,org.springframework.core.convert.TypeDescriptor)>: 0 -> result(java.lang.Long) }
InferredTransfer{ <org.springframework.core.convert.support.ByteBufferConverter: java.lang.Object convert(java.lang.Object,org.springframework.core.convert.TypeDescriptor,org.springframework.core.convert.TypeDescriptor)>: 0 -> result(java.util.LinkedList[]) }
InferredTransfer{ <org.springframework.core.convert.support.ByteBufferConverter: java.lang.Object convert(java.lang.Object,org.springframework.core.convert.TypeDescriptor,org.springframework.core.convert.TypeDescriptor)>: base -> result(sun.nio.cs.US_ASCII) }
InferredTransfer{ <org.springframework.core.convert.support.ByteBufferConverter: java.lang.Object convert(java.lang.Object,org.springframework.core.convert.TypeDescriptor,org.springframework.core.convert.TypeDescriptor)>: 1 -> result(org.springframework.core.convert.support.StringToBooleanConverter[]) }
InferredTransfer{ <org.springframework.core.convert.support.MapToMapConverter: java.lang.Object convertValue(java.lang.Object,org.springframework.core.convert.TypeDescriptor,org.springframework.core.convert.TypeDescriptor)>: 1 -> result(org.springframework.core.convert.support.PropertiesToStringConverter[]) }
InferredTransfer{ <org.springframework.core.convert.support.ByteBufferConverter: java.lang.Object convert(java.lang.Object,org.springframework.core.convert.TypeDescriptor,org.springframework.core.convert.TypeDescriptor)>: base -> result(java.util.LinkedList[]) }
InferredTransfer{ <org.springframework.core.convert.support.CollectionToObjectConverter: java.lang.Object convert(java.lang.Object,org.springframework.core.convert.TypeDescriptor,org.springframework.core.convert.TypeDescriptor)>: base -> result(java.lang.Long) }
InferredTransfer{ <sun.reflect.generics.reflectiveObjects.GenericArrayTypeImpl: java.lang.reflect.Type getGenericComponentType()>: base -> result(sun.reflect.generics.reflectiveObjects.GenericArrayTypeImpl) }
InferredTransfer{ <org.springframework.core.convert.support.ByteBufferConverter: java.lang.Object convert(java.lang.Object,org.springframework.core.convert.TypeDescriptor,org.springframework.core.convert.TypeDescriptor)>: 0 -> result(org.springframework.core.convert.support.StringToBooleanConverter[]) }
InferredTransfer{ <org.springframework.core.convert.support.GenericConversionService: java.lang.Object convert(java.lang.Object,org.springframework.core.convert.TypeDescriptor,org.springframework.core.convert.TypeDescriptor)>: 0 -> result(java.lang.Integer[]) }
InferredTransfer{ <org.springframework.core.convert.support.ByteBufferConverter: java.lang.Object convertFromByteBuffer(java.nio.ByteBuffer,org.springframework.core.convert.TypeDescriptor)>: 1 -> result(java.util.HashMap[]) }
InferredTransfer{ <org.springframework.core.convert.support.ArrayToObjectConverter: java.lang.Object convert(java.lang.Object,org.springframework.core.convert.TypeDescriptor,org.springframework.core.convert.TypeDescriptor)>: 2 -> result(sun.security.jca.ProviderConfig) }
InferredTransfer{ <org.springframework.core.convert.support.ByteBufferConverter: java.lang.Object convert(java.lang.Object,org.springframework.core.convert.TypeDescriptor,org.springframework.core.convert.TypeDescriptor)>: base -> result(org.springframework.core.convert.support.StringToBooleanConverter[]) }
InferredTransfer{ <org.springframework.core.convert.support.MapToMapConverter: java.lang.Object convertValue(java.lang.Object,org.springframework.core.convert.TypeDescriptor,org.springframework.core.convert.TypeDescriptor)>: base -> result(org.springframework.core.convert.support.PropertiesToStringConverter[]) }
InferredTransfer{ <org.springframework.core.convert.support.ArrayToObjectConverter: java.lang.Object convert(java.lang.Object,org.springframework.core.convert.TypeDescriptor,org.springframework.core.convert.TypeDescriptor)>: 1 -> result(sun.security.jca.ProviderConfig) }
InferredTransfer{ <org.springframework.core.convert.support.CollectionToObjectConverter: java.lang.Object convert(java.lang.Object,org.springframework.core.convert.TypeDescriptor,org.springframework.core.convert.TypeDescriptor)>: 2 -> result(java.util.UUID[]) }
InferredTransfer{ <org.springframework.core.convert.support.ConversionUtils: java.lang.Object invokeConverter(org.springframework.core.convert.converter.GenericConverter,java.lang.Object,org.springframework.core.convert.TypeDescriptor,org.springframework.core.convert.TypeDescriptor)>: 1 -> result(java.util.Locale[]) }
InferredTransfer{ <org.springframework.core.convert.support.ArrayToObjectConverter: java.lang.Object convert(java.lang.Object,org.springframework.core.convert.TypeDescriptor,org.springframework.core.convert.TypeDescriptor)>: 0 -> result(sun.security.jca.ProviderConfig) }
InferredTransfer{ <org.springframework.core.convert.support.CollectionToObjectConverter: java.lang.Object convert(java.lang.Object,org.springframework.core.convert.TypeDescriptor,org.springframework.core.convert.TypeDescriptor)>: 1 -> result(java.util.UUID[]) }
InferredTransfer{ <org.springframework.core.convert.support.CollectionToArrayConverter: java.lang.Object convert(java.lang.Object,org.springframework.core.convert.TypeDescriptor,org.springframework.core.convert.TypeDescriptor)>: 0 -> result(org.springframework.core.convert.support.EnumToIntegerConverter[]) }
InferredTransfer{ <org.springframework.core.convert.support.StringToLocaleConverter: java.util.Locale convert(java.lang.String)>: 0 -> result(java.util.Locale) }
InferredTransfer{ <org.springframework.core.convert.support.CollectionToObjectConverter: java.lang.Object convert(java.lang.Object,org.springframework.core.convert.TypeDescriptor,org.springframework.core.convert.TypeDescriptor)>: 0 -> result(java.util.UUID[]) }
InferredTransfer{ <org.springframework.core.convert.support.ArrayToObjectConverter: java.lang.Object convert(java.lang.Object,org.springframework.core.convert.TypeDescriptor,org.springframework.core.convert.TypeDescriptor)>: base -> result(sun.security.jca.ProviderConfig) }
InferredTransfer{ <org.springframework.core.convert.support.CollectionToObjectConverter: java.lang.Object convert(java.lang.Object,org.springframework.core.convert.TypeDescriptor,org.springframework.core.convert.TypeDescriptor)>: 2 -> result(sun.security.jca.ProviderConfig) }
InferredTransfer{ <org.springframework.core.convert.support.StringToLocaleConverter: java.util.Locale convert(java.lang.String)>: base -> result(java.util.Locale) }
InferredTransfer{ <org.springframework.core.convert.support.CollectionToArrayConverter: java.lang.Object convert(java.lang.Object,org.springframework.core.convert.TypeDescriptor,org.springframework.core.convert.TypeDescriptor)>: base -> result(org.springframework.core.convert.support.EnumToIntegerConverter[]) }
InferredTransfer{ <org.springframework.core.convert.support.CollectionToObjectConverter: java.lang.Object convert(java.lang.Object,org.springframework.core.convert.TypeDescriptor,org.springframework.core.convert.TypeDescriptor)>: base -> result(java.util.UUID[]) }
InferredTransfer{ <org.springframework.core.convert.support.StringToArrayConverter: java.lang.Object convert(java.lang.Object,org.springframework.core.convert.TypeDescriptor,org.springframework.core.convert.TypeDescriptor)>: 0 -> result(java.lang.Number[]) }
InferredTransfer{ <org.springframework.core.convert.support.CollectionToObjectConverter: java.lang.Object convert(java.lang.Object,org.springframework.core.convert.TypeDescriptor,org.springframework.core.convert.TypeDescriptor)>: 1 -> result(sun.security.jca.ProviderConfig) }
InferredTransfer{ <org.springframework.core.convert.support.ArrayToObjectConverter: java.lang.Object convert(java.lang.Object,org.springframework.core.convert.TypeDescriptor,org.springframework.core.convert.TypeDescriptor)>: 0 -> result(double[][]) }
InferredTransfer{ <org.springframework.core.convert.support.ConversionUtils: java.lang.Object invokeConverter(org.springframework.core.convert.converter.GenericConverter,java.lang.Object,org.springframework.core.convert.TypeDescriptor,org.springframework.core.convert.TypeDescriptor)>: 1 -> result(java.lang.Long[]) }
InferredTransfer{ <org.springframework.core.convert.support.ByteBufferConverter: java.lang.Object convertFromByteBuffer(java.nio.ByteBuffer,org.springframework.core.convert.TypeDescriptor)>: 1 -> result(org.springframework.core.convert.support.StringToCharacterConverter[]) }
InferredTransfer{ <org.springframework.core.convert.support.StreamConverter: java.lang.Object convert(java.lang.Object,org.springframework.core.convert.TypeDescriptor,org.springframework.core.convert.TypeDescriptor)>: 2 -> result(org.springframework.core.convert.support.StringToNumberConverterFactory[]) }
InferredTransfer{ <org.springframework.core.convert.support.CollectionToObjectConverter: java.lang.Object convert(java.lang.Object,org.springframework.core.convert.TypeDescriptor,org.springframework.core.convert.TypeDescriptor)>: 2 -> result(java.lang.String) }
InferredTransfer{ <org.springframework.core.convert.support.CollectionToObjectConverter: java.lang.Object convert(java.lang.Object,org.springframework.core.convert.TypeDescriptor,org.springframework.core.convert.TypeDescriptor)>: 0 -> result(sun.security.jca.ProviderConfig) }
InferredTransfer{ <java.lang.Class: java.lang.reflect.Type getGenericSuperclass()>: base -> result(sun.reflect.generics.reflectiveObjects.GenericArrayTypeImpl) }
InferredTransfer{ <org.springframework.core.convert.support.StreamConverter: java.lang.Object convert(java.lang.Object,org.springframework.core.convert.TypeDescriptor,org.springframework.core.convert.TypeDescriptor)>: 1 -> result(org.springframework.core.convert.support.StringToNumberConverterFactory[]) }
InferredTransfer{ <org.springframework.core.convert.support.CollectionToObjectConverter: java.lang.Object convert(java.lang.Object,org.springframework.core.convert.TypeDescriptor,org.springframework.core.convert.TypeDescriptor)>: 1 -> result(java.lang.String) }
InferredTransfer{ <org.springframework.core.convert.support.ByteBufferConverter: java.lang.Object convertFromByteBuffer(java.nio.ByteBuffer,org.springframework.core.convert.TypeDescriptor)>: base -> result(org.springframework.core.convert.support.StringToCharacterConverter[]) }
InferredTransfer{ <org.springframework.core.convert.support.GenericConversionService: java.lang.Object convert(java.lang.Object,org.springframework.core.convert.TypeDescriptor,org.springframework.core.convert.TypeDescriptor)>: 2 -> result(org.springframework.core.convert.support.StringToLocaleConverter[]) }
InferredTransfer{ <org.springframework.core.convert.support.CollectionToObjectConverter: java.lang.Object convert(java.lang.Object,org.springframework.core.convert.TypeDescriptor,org.springframework.core.convert.TypeDescriptor)>: base -> result(sun.security.jca.ProviderConfig) }
InferredTransfer{ <org.springframework.core.convert.support.StreamConverter: java.lang.Object convert(java.lang.Object,org.springframework.core.convert.TypeDescriptor,org.springframework.core.convert.TypeDescriptor)>: 0 -> result(org.springframework.core.convert.support.StringToNumberConverterFactory[]) }
InferredTransfer{ <org.springframework.core.convert.support.CollectionToObjectConverter: java.lang.Object convert(java.lang.Object,org.springframework.core.convert.TypeDescriptor,org.springframework.core.convert.TypeDescriptor)>: 0 -> result(java.lang.String) }
InferredTransfer{ <org.springframework.core.convert.support.StringToArrayConverter: java.lang.Object convert(java.lang.Object,org.springframework.core.convert.TypeDescriptor,org.springframework.core.convert.TypeDescriptor)>: 0 -> result(java.lang.Class[]) }
InferredTransfer{ <org.springframework.core.convert.support.GenericConversionService: java.lang.Object convert(java.lang.Object,org.springframework.core.convert.TypeDescriptor,org.springframework.core.convert.TypeDescriptor)>: 1 -> result(org.springframework.core.convert.support.StringToLocaleConverter[]) }
InferredTransfer{ <org.springframework.core.convert.support.MapToMapConverter: java.lang.Object convertKey(java.lang.Object,org.springframework.core.convert.TypeDescriptor,org.springframework.core.convert.TypeDescriptor)>: 2 -> result(java.util.GregorianCalendar) }
InferredTransfer{ <org.springframework.core.convert.support.CollectionToObjectConverter: java.lang.Object convert(java.lang.Object,org.springframework.core.convert.TypeDescriptor,org.springframework.core.convert.TypeDescriptor)>: base -> result(java.lang.String) }
InferredTransfer{ <org.springframework.core.convert.support.ByteBufferConverter: java.lang.Object convertFromByteBuffer(java.nio.ByteBuffer,org.springframework.core.convert.TypeDescriptor)>: 1 -> result(java.util.NavigableMap[]) }
InferredTransfer{ <org.springframework.core.convert.support.GenericConversionService: java.lang.Object convert(java.lang.Object,org.springframework.core.convert.TypeDescriptor,org.springframework.core.convert.TypeDescriptor)>: 0 -> result(org.springframework.core.convert.support.StringToLocaleConverter[]) }
InferredTransfer{ <java.lang.StringBuffer: java.lang.String toString()>: base -> result(java.lang.String) }
InferredTransfer{ <org.springframework.core.convert.support.StreamConverter: java.lang.Object convert(java.lang.Object,org.springframework.core.convert.TypeDescriptor,org.springframework.core.convert.TypeDescriptor)>: base -> result(org.springframework.core.convert.support.StringToNumberConverterFactory[]) }
InferredTransfer{ <org.springframework.core.convert.support.MapToMapConverter: java.lang.Object convertKey(java.lang.Object,org.springframework.core.convert.TypeDescriptor,org.springframework.core.convert.TypeDescriptor)>: 1 -> result(java.util.GregorianCalendar) }
InferredTransfer{ <org.springframework.core.convert.support.ObjectToArrayConverter: java.lang.Object convert(java.lang.Object,org.springframework.core.convert.TypeDescriptor,org.springframework.core.convert.TypeDescriptor)>: 0 -> result(boolean[][]) }
InferredTransfer{ <org.springframework.core.convert.support.StreamConverter: java.lang.Object convert(java.lang.Object,org.springframework.core.convert.TypeDescriptor,org.springframework.core.convert.TypeDescriptor)>: 2 -> result(java.util.TreeMap[]) }
InferredTransfer{ <org.springframework.core.convert.support.GenericConversionService: java.lang.Object convert(java.lang.Object,org.springframework.core.convert.TypeDescriptor,org.springframework.core.convert.TypeDescriptor)>: base -> result(org.springframework.core.convert.support.StringToLocaleConverter[]) }
InferredTransfer{ <java.lang.Class: java.lang.String toString()>: base -> result(java.lang.String) }
InferredTransfer{ <org.springframework.core.convert.support.ArrayToObjectConverter: java.lang.Object convert(java.lang.Object,org.springframework.core.convert.TypeDescriptor,org.springframework.core.convert.TypeDescriptor)>: 0 -> result(java.util.Currency) }
InferredTransfer{ <org.springframework.core.convert.support.ByteBufferConverter: java.lang.Object convertFromByteBuffer(java.nio.ByteBuffer,org.springframework.core.convert.TypeDescriptor)>: base -> result(java.util.NavigableMap[]) }
InferredTransfer{ <org.springframework.core.convert.support.StreamConverter: java.lang.Object convert(java.lang.Object,org.springframework.core.convert.TypeDescriptor,org.springframework.core.convert.TypeDescriptor)>: 1 -> result(java.util.TreeMap[]) }
InferredTransfer{ <org.springframework.core.convert.support.ObjectToArrayConverter: java.lang.Object convert(java.lang.Object,org.springframework.core.convert.TypeDescriptor,org.springframework.core.convert.TypeDescriptor)>: 2 -> result(java.math.BigInteger[]) }
InferredTransfer{ <org.springframework.core.convert.support.ZoneIdToTimeZoneConverter: java.util.TimeZone convert(java.time.ZoneId)>: base -> result(sun.util.calendar.ZoneInfo) }
InferredTransfer{ <org.springframework.core.convert.support.ObjectToArrayConverter: java.lang.Object convert(java.lang.Object,org.springframework.core.convert.TypeDescriptor,org.springframework.core.convert.TypeDescriptor)>: 0 -> result(java.util.stream.Stream[]) }
InferredTransfer{ <org.springframework.core.convert.support.ArrayToObjectConverter: java.lang.Object convert(java.lang.Object,org.springframework.core.convert.TypeDescriptor,org.springframework.core.convert.TypeDescriptor)>: base -> result(java.util.Currency) }
InferredTransfer{ <org.springframework.core.convert.support.StreamConverter: java.lang.Object convert(java.lang.Object,org.springframework.core.convert.TypeDescriptor,org.springframework.core.convert.TypeDescriptor)>: 0 -> result(java.util.TreeMap[]) }
InferredTransfer{ <org.springframework.core.ResolvableType: org.springframework.core.ResolvableType access$300(org.springframework.core.ResolvableType,java.lang.reflect.TypeVariable)>: 1 -> result(org.springframework.core.ResolvableType) }
InferredTransfer{ <org.springframework.core.convert.support.StreamConverter: java.lang.Object convert(java.lang.Object,org.springframework.core.convert.TypeDescriptor,org.springframework.core.convert.TypeDescriptor)>: 2 -> result(java.lang.AutoCloseable[]) }
InferredTransfer{ <org.springframework.core.ResolvableType: org.springframework.core.ResolvableType access$300(org.springframework.core.ResolvableType,java.lang.reflect.TypeVariable)>: 0 -> result(org.springframework.core.ResolvableType) }
InferredTransfer{ <org.springframework.core.convert.support.StreamConverter: java.lang.Object convert(java.lang.Object,org.springframework.core.convert.TypeDescriptor,org.springframework.core.convert.TypeDescriptor)>: base -> result(java.util.TreeMap[]) }
InferredTransfer{ <org.springframework.core.convert.support.ObjectToArrayConverter: java.lang.Object convert(java.lang.Object,org.springframework.core.convert.TypeDescriptor,org.springframework.core.convert.TypeDescriptor)>: 0 -> result(java.math.BigInteger[]) }
InferredTransfer{ <org.springframework.core.convert.support.StreamConverter: java.lang.Object convert(java.lang.Object,org.springframework.core.convert.TypeDescriptor,org.springframework.core.convert.TypeDescriptor)>: 1 -> result(java.lang.AutoCloseable[]) }
InferredTransfer{ <org.springframework.core.convert.support.CollectionToObjectConverter: java.lang.Object convert(java.lang.Object,org.springframework.core.convert.TypeDescriptor,org.springframework.core.convert.TypeDescriptor)>: 0 -> result(java.util.Currency) }
InferredTransfer{ <org.springframework.core.convert.support.ObjectToArrayConverter: java.lang.Object convert(java.lang.Object,org.springframework.core.convert.TypeDescriptor,org.springframework.core.convert.TypeDescriptor)>: base -> result(java.math.BigInteger[]) }
InferredTransfer{ <org.springframework.core.convert.support.ObjectToArrayConverter: java.lang.Object convert(java.lang.Object,org.springframework.core.convert.TypeDescriptor,org.springframework.core.convert.TypeDescriptor)>: 0 -> result(java.lang.Error[]) }
InferredTransfer{ <org.springframework.core.convert.support.StreamConverter: java.lang.Object convert(java.lang.Object,org.springframework.core.convert.TypeDescriptor,org.springframework.core.convert.TypeDescriptor)>: 0 -> result(java.lang.AutoCloseable[]) }
InferredTransfer{ <org.springframework.core.convert.support.CollectionToObjectConverter: java.lang.Object convert(java.lang.Object,org.springframework.core.convert.TypeDescriptor,org.springframework.core.convert.TypeDescriptor)>: base -> result(java.util.Currency) }
InferredTransfer{ <org.springframework.core.convert.support.StreamConverter: java.lang.Object convert(java.lang.Object,org.springframework.core.convert.TypeDescriptor,org.springframework.core.convert.TypeDescriptor)>: 2 -> result(java.util.SortedMap[]) }
InferredTransfer{ <org.springframework.core.convert.support.StreamConverter: java.lang.Object convert(java.lang.Object,org.springframework.core.convert.TypeDescriptor,org.springframework.core.convert.TypeDescriptor)>: base -> result(java.lang.AutoCloseable[]) }
InferredTransfer{ <org.springframework.core.convert.support.ConversionUtils: java.lang.Object invokeConverter(org.springframework.core.convert.converter.GenericConverter,java.lang.Object,org.springframework.core.convert.TypeDescriptor,org.springframework.core.convert.TypeDescriptor)>: 3 -> result(org.springframework.core.convert.support.StringToEnumConverterFactory[]) }
InferredTransfer{ <org.springframework.core.ResolvableType: java.lang.Class toClass()>: base -> result(java.lang.Class) }
InferredTransfer{ <org.springframework.core.convert.support.ArrayToObjectConverter: java.lang.Object convert(java.lang.Object,org.springframework.core.convert.TypeDescriptor,org.springframework.core.convert.TypeDescriptor)>: 0 -> result(sun.reflect.Reflection[]) }
InferredTransfer{ <org.springframework.core.convert.support.ByteBufferConverter: java.lang.Object convert(java.lang.Object,org.springframework.core.convert.TypeDescriptor,org.springframework.core.convert.TypeDescriptor)>: 0 -> result(java.util.Map[]) }
InferredTransfer{ <org.springframework.core.convert.support.ConversionUtils: java.lang.Object invokeConverter(org.springframework.core.convert.converter.GenericConverter,java.lang.Object,org.springframework.core.convert.TypeDescriptor,org.springframework.core.convert.TypeDescriptor)>: 2 -> result(org.springframework.core.convert.support.StringToEnumConverterFactory[]) }
InferredTransfer{ <org.springframework.core.convert.support.StreamConverter: java.lang.Object convert(java.lang.Object,org.springframework.core.convert.TypeDescriptor,org.springframework.core.convert.TypeDescriptor)>: 0 -> result(java.util.SortedMap[]) }
InferredTransfer{ <org.springframework.core.convert.support.ObjectToArrayConverter: java.lang.Object convert(java.lang.Object,org.springframework.core.convert.TypeDescriptor,org.springframework.core.convert.TypeDescriptor)>: 0 -> result(java.util.Set[]) }
InferredTransfer{ <org.springframework.core.convert.support.ConversionUtils: java.lang.Object invokeConverter(org.springframework.core.convert.converter.GenericConverter,java.lang.Object,org.springframework.core.convert.TypeDescriptor,org.springframework.core.convert.TypeDescriptor)>: 1 -> result(org.springframework.core.convert.support.StringToEnumConverterFactory[]) }
InferredTransfer{ <org.springframework.core.convert.support.StreamConverter: java.lang.Object convert(java.lang.Object,org.springframework.core.convert.TypeDescriptor,org.springframework.core.convert.TypeDescriptor)>: base -> result(java.util.SortedMap[]) }
InferredTransfer{ <org.springframework.core.convert.support.GenericConversionService: java.lang.Object convert(java.lang.Object,org.springframework.core.convert.TypeDescriptor,org.springframework.core.convert.TypeDescriptor)>: 2 -> result(java.lang.Float) }
InferredTransfer{ <org.springframework.core.convert.support.ObjectToArrayConverter: java.lang.Object convert(java.lang.Object,org.springframework.core.convert.TypeDescriptor,org.springframework.core.convert.TypeDescriptor)>: 2 -> result(java.util.HashMap[]) }
InferredTransfer{ <org.springframework.core.convert.support.CollectionToObjectConverter: java.lang.Object convert(java.lang.Object,org.springframework.core.convert.TypeDescriptor,org.springframework.core.convert.TypeDescriptor)>: 2 -> result(java.util.GregorianCalendar) }
InferredTransfer{ <org.springframework.core.convert.support.ConversionUtils: java.lang.Object invokeConverter(org.springframework.core.convert.converter.GenericConverter,java.lang.Object,org.springframework.core.convert.TypeDescriptor,org.springframework.core.convert.TypeDescriptor)>: 0 -> result(org.springframework.core.convert.support.StringToEnumConverterFactory[]) }
InferredTransfer{ <org.springframework.core.convert.support.GenericConversionService: java.lang.Object convert(java.lang.Object,org.springframework.core.convert.TypeDescriptor,org.springframework.core.convert.TypeDescriptor)>: 1 -> result(java.lang.Float) }
InferredTransfer{ <org.springframework.core.convert.support.ObjectToArrayConverter: java.lang.Object convert(java.lang.Object,org.springframework.core.convert.TypeDescriptor,org.springframework.core.convert.TypeDescriptor)>: 1 -> result(java.util.HashMap[]) }
InferredTransfer{ <org.springframework.core.convert.support.CollectionToObjectConverter: java.lang.Object convert(java.lang.Object,org.springframework.core.convert.TypeDescriptor,org.springframework.core.convert.TypeDescriptor)>: 1 -> result(java.util.GregorianCalendar) }
InferredTransfer{ <org.springframework.core.convert.support.StreamConverter: java.lang.Object convert(java.lang.Object,org.springframework.core.convert.TypeDescriptor,org.springframework.core.convert.TypeDescriptor)>: 0 -> result(java.util.EnumSet[]) }
InferredTransfer{ <org.springframework.core.convert.support.GenericConversionService: java.lang.Object convert(java.lang.Object,org.springframework.core.convert.TypeDescriptor,org.springframework.core.convert.TypeDescriptor)>: 0 -> result(java.lang.Float) }
InferredTransfer{ <org.springframework.core.convert.support.ObjectToArrayConverter: java.lang.Object convert(java.lang.Object,org.springframework.core.convert.TypeDescriptor,org.springframework.core.convert.TypeDescriptor)>: 0 -> result(java.util.HashMap[]) }
InferredTransfer{ <org.springframework.core.convert.support.CollectionToObjectConverter: java.lang.Object convert(java.lang.Object,org.springframework.core.convert.TypeDescriptor,org.springframework.core.convert.TypeDescriptor)>: 0 -> result(java.util.GregorianCalendar) }
InferredTransfer{ <org.springframework.core.convert.support.GenericConversionService: java.lang.Object convert(java.lang.Object,org.springframework.core.convert.TypeDescriptor,org.springframework.core.convert.TypeDescriptor)>: base -> result(java.lang.Float) }
InferredTransfer{ <org.springframework.core.convert.support.ObjectToArrayConverter: java.lang.Object convert(java.lang.Object,org.springframework.core.convert.TypeDescriptor,org.springframework.core.convert.TypeDescriptor)>: base -> result(java.util.HashMap[]) }
InferredTransfer{ <java.lang.Long: java.lang.Long decode(java.lang.String)>: 0 -> result(java.lang.Long) }
InferredTransfer{ <org.springframework.core.convert.support.ByteBufferConverter: java.lang.Object convert(java.lang.Object,org.springframework.core.convert.TypeDescriptor,org.springframework.core.convert.TypeDescriptor)>: 2 -> result(org.springframework.core.convert.support.PropertiesToStringConverter[]) }
InferredTransfer{ <org.springframework.core.convert.support.CollectionToObjectConverter: java.lang.Object convert(java.lang.Object,org.springframework.core.convert.TypeDescriptor,org.springframework.core.convert.TypeDescriptor)>: base -> result(java.util.GregorianCalendar) }
InferredTransfer{ <org.springframework.core.convert.support.GenericConversionService: java.lang.Object convert(java.lang.Object,org.springframework.core.convert.TypeDescriptor,org.springframework.core.convert.TypeDescriptor)>: 2 -> result(sun.security.jca.ProviderConfig[]) }
InferredTransfer{ <org.springframework.core.convert.support.ObjectToArrayConverter: java.lang.Object convert(java.lang.Object,org.springframework.core.convert.TypeDescriptor,org.springframework.core.convert.TypeDescriptor)>: 2 -> result(org.springframework.core.convert.support.StringToCharacterConverter[]) }
InferredTransfer{ <org.springframework.core.convert.support.ByteBufferConverter: java.lang.Object convert(java.lang.Object,org.springframework.core.convert.TypeDescriptor,org.springframework.core.convert.TypeDescriptor)>: 1 -> result(org.springframework.core.convert.support.PropertiesToStringConverter[]) }
InferredTransfer{ <java.lang.Byte: java.lang.Byte decode(java.lang.String)>: 0 -> result(java.lang.Byte) }
InferredTransfer{ <org.springframework.core.convert.support.GenericConversionService: java.lang.Object convert(java.lang.Object,org.springframework.core.convert.TypeDescriptor,org.springframework.core.convert.TypeDescriptor)>: 1 -> result(sun.security.jca.ProviderConfig[]) }
InferredTransfer{ <org.springframework.core.convert.support.ObjectToArrayConverter: java.lang.Object convert(java.lang.Object,org.springframework.core.convert.TypeDescriptor,org.springframework.core.convert.TypeDescriptor)>: 1 -> result(org.springframework.core.convert.support.StringToCharacterConverter[]) }
InferredTransfer{ <org.springframework.core.convert.support.ByteBufferConverter: java.lang.Object convert(java.lang.Object,org.springframework.core.convert.TypeDescriptor,org.springframework.core.convert.TypeDescriptor)>: 0 -> result(org.springframework.core.convert.support.PropertiesToStringConverter[]) }
InferredTransfer{ <org.springframework.core.convert.support.ArrayToStringConverter: java.lang.Object convert(java.lang.Object,org.springframework.core.convert.TypeDescriptor,org.springframework.core.convert.TypeDescriptor)>: 2 -> result(java.lang.String) }
InferredTransfer{ <org.springframework.core.convert.support.ObjectToArrayConverter: java.lang.Object convert(java.lang.Object,org.springframework.core.convert.TypeDescriptor,org.springframework.core.convert.TypeDescriptor)>: 0 -> result(char[][]) }
InferredTransfer{ <org.springframework.core.convert.support.GenericConversionService: java.lang.Object convert(java.lang.Object,org.springframework.core.convert.TypeDescriptor,org.springframework.core.convert.TypeDescriptor)>: 0 -> result(sun.security.jca.ProviderConfig[]) }
InferredTransfer{ <org.springframework.core.convert.support.ByteBufferConverter: java.lang.Object convert(java.lang.Object,org.springframework.core.convert.TypeDescriptor,org.springframework.core.convert.TypeDescriptor)>: base -> result(org.springframework.core.convert.support.PropertiesToStringConverter[]) }
InferredTransfer{ <org.springframework.core.convert.support.GenericConversionService: java.lang.Object convert(java.lang.Object,org.springframework.core.convert.TypeDescriptor,org.springframework.core.convert.TypeDescriptor)>: 0 -> result(java.lang.String[]) }
InferredTransfer{ <org.springframework.core.convert.support.ObjectToArrayConverter: java.lang.Object convert(java.lang.Object,org.springframework.core.convert.TypeDescriptor,org.springframework.core.convert.TypeDescriptor)>: 0 -> result(org.springframework.core.convert.support.StringToCharacterConverter[]) }
InferredTransfer{ <org.springframework.core.convert.support.ArrayToStringConverter: java.lang.Object convert(java.lang.Object,org.springframework.core.convert.TypeDescriptor,org.springframework.core.convert.TypeDescriptor)>: 1 -> result(java.lang.String) }
InferredTransfer{ <org.springframework.core.convert.support.GenericConversionService: java.lang.Object convert(java.lang.Object,org.springframework.core.convert.TypeDescriptor,org.springframework.core.convert.TypeDescriptor)>: base -> result(sun.security.jca.ProviderConfig[]) }
InferredTransfer{ <org.springframework.core.convert.support.ObjectToArrayConverter: java.lang.Object convert(java.lang.Object,org.springframework.core.convert.TypeDescriptor,org.springframework.core.convert.TypeDescriptor)>: base -> result(org.springframework.core.convert.support.StringToCharacterConverter[]) }
InferredTransfer{ <org.springframework.core.convert.support.ArrayToStringConverter: java.lang.Object convert(java.lang.Object,org.springframework.core.convert.TypeDescriptor,org.springframework.core.convert.TypeDescriptor)>: 0 -> result(java.lang.String) }
InferredTransfer{ <org.springframework.core.convert.support.ObjectToArrayConverter: java.lang.Object convert(java.lang.Object,org.springframework.core.convert.TypeDescriptor,org.springframework.core.convert.TypeDescriptor)>: 2 -> result(java.util.NavigableMap[]) }
InferredTransfer{ <org.springframework.core.convert.support.IdToEntityConverter: java.lang.Object convert(java.lang.Object,org.springframework.core.convert.TypeDescriptor,org.springframework.core.convert.TypeDescriptor)>: 2 -> base(org.springframework.core.convert.support.IdToEntityConverter) }
InferredTransfer{ <org.springframework.core.convert.support.ArrayToStringConverter: java.lang.Object convert(java.lang.Object,org.springframework.core.convert.TypeDescriptor,org.springframework.core.convert.TypeDescriptor)>: base -> result(java.lang.String) }
InferredTransfer{ <org.springframework.core.convert.support.ConversionUtils: java.lang.Object invokeConverter(org.springframework.core.convert.converter.GenericConverter,java.lang.Object,org.springframework.core.convert.TypeDescriptor,org.springframework.core.convert.TypeDescriptor)>: 3 -> result(org.springframework.core.convert.support.StringToPropertiesConverter[]) }
InferredTransfer{ <org.springframework.core.convert.support.IdToEntityConverter: java.lang.Object convert(java.lang.Object,org.springframework.core.convert.TypeDescriptor,org.springframework.core.convert.TypeDescriptor)>: 1 -> base(org.springframework.core.convert.support.IdToEntityConverter) }
InferredTransfer{ <org.springframework.core.convert.support.ObjectToArrayConverter: java.lang.Object convert(java.lang.Object,org.springframework.core.convert.TypeDescriptor,org.springframework.core.convert.TypeDescriptor)>: 0 -> result(java.util.NavigableMap[]) }
InferredTransfer{ <org.springframework.core.convert.support.ConversionUtils: java.lang.Object invokeConverter(org.springframework.core.convert.converter.GenericConverter,java.lang.Object,org.springframework.core.convert.TypeDescriptor,org.springframework.core.convert.TypeDescriptor)>: 2 -> result(org.springframework.core.convert.support.StringToPropertiesConverter[]) }
InferredTransfer{ <org.springframework.core.convert.support.IdToEntityConverter: java.lang.Object convert(java.lang.Object,org.springframework.core.convert.TypeDescriptor,org.springframework.core.convert.TypeDescriptor)>: 0 -> base(org.springframework.core.convert.support.IdToEntityConverter) }
InferredTransfer{ <org.springframework.core.convert.support.ObjectToArrayConverter: java.lang.Object convert(java.lang.Object,org.springframework.core.convert.TypeDescriptor,org.springframework.core.convert.TypeDescriptor)>: 0 -> result(java.lang.System[]) }
InferredTransfer{ <org.springframework.core.convert.support.ObjectToArrayConverter: java.lang.Object convert(java.lang.Object,org.springframework.core.convert.TypeDescriptor,org.springframework.core.convert.TypeDescriptor)>: 0 -> result(java.lang.Byte[]) }
InferredTransfer{ <org.springframework.core.convert.support.ObjectToArrayConverter: java.lang.Object convert(java.lang.Object,org.springframework.core.convert.TypeDescriptor,org.springframework.core.convert.TypeDescriptor)>: base -> result(java.util.NavigableMap[]) }
InferredTransfer{ <org.springframework.core.convert.support.ConversionUtils: java.lang.Object invokeConverter(org.springframework.core.convert.converter.GenericConverter,java.lang.Object,org.springframework.core.convert.TypeDescriptor,org.springframework.core.convert.TypeDescriptor)>: 1 -> result(org.springframework.core.convert.support.StringToPropertiesConverter[]) }
InferredTransfer{ <org.springframework.core.convert.support.ArrayToObjectConverter: java.lang.Object convert(java.lang.Object,org.springframework.core.convert.TypeDescriptor,org.springframework.core.convert.TypeDescriptor)>: 0 -> result(java.util.EnumMap[]) }
InferredTransfer{ <org.springframework.core.convert.support.ConversionUtils: java.lang.Object invokeConverter(org.springframework.core.convert.converter.GenericConverter,java.lang.Object,org.springframework.core.convert.TypeDescriptor,org.springframework.core.convert.TypeDescriptor)>: 0 -> result(org.springframework.core.convert.support.StringToPropertiesConverter[]) }
InferredTransfer{ <org.springframework.core.convert.support.ArrayToObjectConverter: java.lang.Object convert(java.lang.Object,org.springframework.core.convert.TypeDescriptor,org.springframework.core.convert.TypeDescriptor)>: 0 -> result(java.lang.Boolean[]) }
InferredTransfer{ <java.util.Locale: java.lang.String getLanguage()>: base -> result(java.lang.String) }
InferredTransfer{ <org.springframework.core.convert.support.StringToArrayConverter: java.lang.Object convert(java.lang.Object,org.springframework.core.convert.TypeDescriptor,org.springframework.core.convert.TypeDescriptor)>: 2 -> result(org.springframework.core.convert.support.ZonedDateTimeToCalendarConverter[]) }
InferredTransfer{ <org.springframework.core.convert.support.StringToArrayConverter: java.lang.Object convert(java.lang.Object,org.springframework.core.convert.TypeDescriptor,org.springframework.core.convert.TypeDescriptor)>: 2 -> result(org.springframework.core.convert.support.CharacterToNumberFactory[]) }
InferredTransfer{ <org.springframework.core.convert.support.StringToArrayConverter: java.lang.Object convert(java.lang.Object,org.springframework.core.convert.TypeDescriptor,org.springframework.core.convert.TypeDescriptor)>: 1 -> result(org.springframework.core.convert.support.ZonedDateTimeToCalendarConverter[]) }
InferredTransfer{ <org.springframework.core.convert.support.StringToArrayConverter: java.lang.Object convert(java.lang.Object,org.springframework.core.convert.TypeDescriptor,org.springframework.core.convert.TypeDescriptor)>: 1 -> result(org.springframework.core.convert.support.CharacterToNumberFactory[]) }
InferredTransfer{ <org.springframework.core.convert.support.StringToArrayConverter: java.lang.Object convert(java.lang.Object,org.springframework.core.convert.TypeDescriptor,org.springframework.core.convert.TypeDescriptor)>: 0 -> result(org.springframework.core.convert.support.ZonedDateTimeToCalendarConverter[]) }
InferredTransfer{ <org.springframework.core.convert.support.StringToArrayConverter: java.lang.Object convert(java.lang.Object,org.springframework.core.convert.TypeDescriptor,org.springframework.core.convert.TypeDescriptor)>: 0 -> result(org.springframework.core.convert.support.CharacterToNumberFactory[]) }
InferredTransfer{ <org.springframework.core.convert.support.StringToArrayConverter: java.lang.Object convert(java.lang.Object,org.springframework.core.convert.TypeDescriptor,org.springframework.core.convert.TypeDescriptor)>: base -> result(org.springframework.core.convert.support.ZonedDateTimeToCalendarConverter[]) }
InferredTransfer{ <org.springframework.web.util.UrlPathHelper: java.lang.String removeSemicolonContentInternal(java.lang.String)>: 0 -> base(org.springframework.web.util.UrlPathHelper) }
InferredTransfer{ <java.lang.String: char[] toCharArray()>: base -> result(char[]) }
InferredTransfer{ <org.springframework.core.convert.support.StringToArrayConverter: java.lang.Object convert(java.lang.Object,org.springframework.core.convert.TypeDescriptor,org.springframework.core.convert.TypeDescriptor)>: base -> result(org.springframework.core.convert.support.CharacterToNumberFactory[]) }
InferredTransfer{ <org.springframework.core.convert.support.MapToMapConverter: java.lang.Object convertValue(java.lang.Object,org.springframework.core.convert.TypeDescriptor,org.springframework.core.convert.TypeDescriptor)>: 2 -> result(sun.security.jca.ServiceId) }
InferredTransfer{ <org.springframework.core.convert.support.CollectionToArrayConverter: java.lang.Object convert(java.lang.Object,org.springframework.core.convert.TypeDescriptor,org.springframework.core.convert.TypeDescriptor)>: 2 -> result(org.springframework.core.convert.support.StringToCharsetConverter[]) }
InferredTransfer{ <org.springframework.util.NumberUtils: java.lang.Number convertNumberToTargetClass(java.lang.Number,java.lang.Class)>: 1 -> result(java.lang.Double) }
InferredTransfer{ <org.springframework.core.convert.support.ArrayToArrayConverter: java.lang.Object convert(java.lang.Object,org.springframework.core.convert.TypeDescriptor,org.springframework.core.convert.TypeDescriptor)>: 2 -> result(org.springframework.core.convert.support.StringToCharsetConverter[]) }
InferredTransfer{ <org.springframework.core.convert.support.MapToMapConverter: java.lang.Object convertValue(java.lang.Object,org.springframework.core.convert.TypeDescriptor,org.springframework.core.convert.TypeDescriptor)>: 1 -> result(sun.security.jca.ServiceId) }
InferredTransfer{ <org.springframework.core.convert.support.CollectionToArrayConverter: java.lang.Object convert(java.lang.Object,org.springframework.core.convert.TypeDescriptor,org.springframework.core.convert.TypeDescriptor)>: 1 -> result(org.springframework.core.convert.support.StringToCharsetConverter[]) }
InferredTransfer{ <org.springframework.core.convert.support.ArrayToArrayConverter: java.lang.Object convert(java.lang.Object,org.springframework.core.convert.TypeDescriptor,org.springframework.core.convert.TypeDescriptor)>: 1 -> result(org.springframework.core.convert.support.StringToCharsetConverter[]) }
InferredTransfer{ <org.springframework.core.convert.support.ObjectToArrayConverter: java.lang.Object convert(java.lang.Object,org.springframework.core.convert.TypeDescriptor,org.springframework.core.convert.TypeDescriptor)>: 0 -> result(java.io.Serializable[]) }
InferredTransfer{ <org.springframework.core.convert.support.StreamConverter: java.lang.Object convert(java.lang.Object,org.springframework.core.convert.TypeDescriptor,org.springframework.core.convert.TypeDescriptor)>: 2 -> result(org.springframework.core.convert.support.ZoneIdToTimeZoneConverter[]) }
InferredTransfer{ <org.springframework.core.convert.support.CollectionToArrayConverter: java.lang.Object convert(java.lang.Object,org.springframework.core.convert.TypeDescriptor,org.springframework.core.convert.TypeDescriptor)>: 0 -> result(org.springframework.core.convert.support.StringToCharsetConverter[]) }
InferredTransfer{ <org.springframework.core.convert.support.ArrayToArrayConverter: java.lang.Object convert(java.lang.Object,org.springframework.core.convert.TypeDescriptor,org.springframework.core.convert.TypeDescriptor)>: 0 -> result(org.springframework.core.convert.support.StringToCharsetConverter[]) }
InferredTransfer{ <org.springframework.core.convert.support.StreamConverter: java.lang.Object convert(java.lang.Object,org.springframework.core.convert.TypeDescriptor,org.springframework.core.convert.TypeDescriptor)>: 1 -> result(org.springframework.core.convert.support.ZoneIdToTimeZoneConverter[]) }
InferredTransfer{ <org.springframework.core.convert.support.MapToMapConverter: java.lang.Object convertValue(java.lang.Object,org.springframework.core.convert.TypeDescriptor,org.springframework.core.convert.TypeDescriptor)>: base -> result(sun.security.jca.ServiceId) }
InferredTransfer{ <org.springframework.core.convert.support.CollectionToArrayConverter: java.lang.Object convert(java.lang.Object,org.springframework.core.convert.TypeDescriptor,org.springframework.core.convert.TypeDescriptor)>: base -> result(org.springframework.core.convert.support.StringToCharsetConverter[]) }
InferredTransfer{ <org.springframework.core.convert.support.ArrayToObjectConverter: java.lang.Object convert(java.lang.Object,org.springframework.core.convert.TypeDescriptor,org.springframework.core.convert.TypeDescriptor)>: 0 -> result(java.lang.Character[]) }
InferredTransfer{ <org.springframework.core.convert.support.ArrayToArrayConverter: java.lang.Object convert(java.lang.Object,org.springframework.core.convert.TypeDescriptor,org.springframework.core.convert.TypeDescriptor)>: base -> result(org.springframework.core.convert.support.StringToCharsetConverter[]) }
InferredTransfer{ <org.springframework.core.convert.support.StreamConverter: java.lang.Object convert(java.lang.Object,org.springframework.core.convert.TypeDescriptor,org.springframework.core.convert.TypeDescriptor)>: 0 -> result(org.springframework.core.convert.support.ZoneIdToTimeZoneConverter[]) }
InferredTransfer{ <org.springframework.core.convert.support.MapToMapConverter: java.lang.Object convertValue(java.lang.Object,org.springframework.core.convert.TypeDescriptor,org.springframework.core.convert.TypeDescriptor)>: 2 -> result(java.util.HashMap[]) }
InferredTransfer{ <org.springframework.core.convert.support.StreamConverter: java.lang.Object convertFromStream(java.util.stream.Stream,org.springframework.core.convert.TypeDescriptor,org.springframework.core.convert.TypeDescriptor)>: 2 -> result(org.springframework.core.convert.support.StringToNumberConverterFactory[]) }
InferredTransfer{ <java.lang.StringBuilder: java.lang.StringBuilder appendCodePoint(int)>: 0 -> base(java.lang.StringBuilder) }
InferredTransfer{ <org.springframework.core.convert.support.StreamConverter: java.lang.Object convert(java.lang.Object,org.springframework.core.convert.TypeDescriptor,org.springframework.core.convert.TypeDescriptor)>: base -> result(org.springframework.core.convert.support.ZoneIdToTimeZoneConverter[]) }
InferredTransfer{ <org.springframework.core.convert.support.MapToMapConverter: java.lang.Object convertValue(java.lang.Object,org.springframework.core.convert.TypeDescriptor,org.springframework.core.convert.TypeDescriptor)>: 1 -> result(java.util.HashMap[]) }
InferredTransfer{ <org.springframework.core.convert.support.CollectionToArrayConverter: java.lang.Object convert(java.lang.Object,org.springframework.core.convert.TypeDescriptor,org.springframework.core.convert.TypeDescriptor)>: 2 -> result(java.util.HashSet[]) }
InferredTransfer{ <org.springframework.core.convert.support.GenericConversionService: java.lang.Object convert(java.lang.Object,org.springframework.core.convert.TypeDescriptor,org.springframework.core.convert.TypeDescriptor)>: 2 -> result(java.lang.Boolean) }
InferredTransfer{ <org.springframework.core.convert.support.ArrayToArrayConverter: java.lang.Object convert(java.lang.Object,org.springframework.core.convert.TypeDescriptor,org.springframework.core.convert.TypeDescriptor)>: 2 -> result(java.util.HashSet[]) }
InferredTransfer{ <org.springframework.core.convert.support.StreamConverter: java.lang.Object convertFromStream(java.util.stream.Stream,org.springframework.core.convert.TypeDescriptor,org.springframework.core.convert.TypeDescriptor)>: 1 -> result(org.springframework.core.convert.support.StringToNumberConverterFactory[]) }
InferredTransfer{ <org.springframework.core.convert.support.ArrayToArrayConverter: java.lang.Object convert(java.lang.Object,org.springframework.core.convert.TypeDescriptor,org.springframework.core.convert.TypeDescriptor)>: 0 -> result(java.io.Closeable[]) }
InferredTransfer{ <org.springframework.core.convert.support.CollectionToArrayConverter: java.lang.Object convert(java.lang.Object,org.springframework.core.convert.TypeDescriptor,org.springframework.core.convert.TypeDescriptor)>: 1 -> result(java.util.HashSet[]) }
InferredTransfer{ <org.springframework.core.convert.support.ArrayToArrayConverter: java.lang.Object convert(java.lang.Object,org.springframework.core.convert.TypeDescriptor,org.springframework.core.convert.TypeDescriptor)>: 1 -> result(java.util.HashSet[]) }
InferredTransfer{ <org.springframework.core.convert.support.GenericConversionService: java.lang.Object convert(java.lang.Object,org.springframework.core.convert.TypeDescriptor,org.springframework.core.convert.TypeDescriptor)>: 0 -> result(java.lang.Boolean) }
InferredTransfer{ <org.springframework.core.convert.support.CollectionToObjectConverter: java.lang.Object convert(java.lang.Object,org.springframework.core.convert.TypeDescriptor,org.springframework.core.convert.TypeDescriptor)>: 0 -> result(java.io.Externalizable[]) }
InferredTransfer{ <org.springframework.core.convert.TypeDescriptor: org.springframework.core.convert.TypeDescriptor getMapKeyTypeDescriptor()>: base -> result(org.springframework.core.convert.support.ObjectToOptionalConverter$GenericTypeDescriptor) }
InferredTransfer{ <org.springframework.core.convert.support.CollectionToArrayConverter: java.lang.Object convert(java.lang.Object,org.springframework.core.convert.TypeDescriptor,org.springframework.core.convert.TypeDescriptor)>: 0 -> result(java.util.HashSet[]) }
InferredTransfer{ <org.springframework.core.convert.support.StreamConverter: java.lang.Object convertFromStream(java.util.stream.Stream,org.springframework.core.convert.TypeDescriptor,org.springframework.core.convert.TypeDescriptor)>: base -> result(org.springframework.core.convert.support.StringToNumberConverterFactory[]) }
InferredTransfer{ <org.springframework.core.convert.support.ArrayToArrayConverter: java.lang.Object convert(java.lang.Object,org.springframework.core.convert.TypeDescriptor,org.springframework.core.convert.TypeDescriptor)>: 0 -> result(java.util.HashSet[]) }
InferredTransfer{ <org.springframework.core.convert.support.GenericConversionService: java.lang.Object convert(java.lang.Object,org.springframework.core.convert.TypeDescriptor,org.springframework.core.convert.TypeDescriptor)>: base -> result(java.lang.Boolean) }
InferredTransfer{ <org.springframework.core.ResolvableType: java.lang.reflect.Type getType()>: base -> result(sun.reflect.generics.reflectiveObjects.WildcardTypeImpl) }
InferredTransfer{ <org.springframework.core.convert.support.CollectionToArrayConverter: java.lang.Object convert(java.lang.Object,org.springframework.core.convert.TypeDescriptor,org.springframework.core.convert.TypeDescriptor)>: base -> result(java.util.HashSet[]) }
InferredTransfer{ <org.springframework.core.convert.support.StreamConverter: java.lang.Object convert(java.lang.Object,org.springframework.core.convert.TypeDescriptor,org.springframework.core.convert.TypeDescriptor)>: 0 -> result(java.lang.RuntimeException[]) }
InferredTransfer{ <org.springframework.core.convert.support.ArrayToArrayConverter: java.lang.Object convert(java.lang.Object,org.springframework.core.convert.TypeDescriptor,org.springframework.core.convert.TypeDescriptor)>: base -> result(java.util.HashSet[]) }
InferredTransfer{ <org.springframework.core.convert.support.MapToMapConverter: java.lang.Object convertValue(java.lang.Object,org.springframework.core.convert.TypeDescriptor,org.springframework.core.convert.TypeDescriptor)>: 2 -> result(org.springframework.core.convert.support.StringToCharacterConverter[]) }
InferredTransfer{ <org.springframework.core.convert.support.StreamConverter: java.lang.Object convertFromStream(java.util.stream.Stream,org.springframework.core.convert.TypeDescriptor,org.springframework.core.convert.TypeDescriptor)>: 2 -> result(java.util.TreeMap[]) }
InferredTransfer{ <org.springframework.core.convert.support.MapToMapConverter: java.lang.Object convertValue(java.lang.Object,org.springframework.core.convert.TypeDescriptor,org.springframework.core.convert.TypeDescriptor)>: 1 -> result(org.springframework.core.convert.support.StringToCharacterConverter[]) }
InferredTransfer{ <org.springframework.core.convert.support.StreamConverter: java.lang.Object convertFromStream(java.util.stream.Stream,org.springframework.core.convert.TypeDescriptor,org.springframework.core.convert.TypeDescriptor)>: 1 -> result(java.util.TreeMap[]) }
InferredTransfer{ <org.springframework.core.convert.support.StringToCharacterConverter: java.lang.Object convert(java.lang.Object)>: 0 -> base(org.springframework.core.convert.support.StringToCharacterConverter) }
InferredTransfer{ <org.springframework.core.convert.support.ArrayToObjectConverter: java.lang.Object convert(java.lang.Object,org.springframework.core.convert.TypeDescriptor,org.springframework.core.convert.TypeDescriptor)>: 2 -> base(org.springframework.core.convert.support.ArrayToObjectConverter) }
InferredTransfer{ <org.springframework.core.convert.support.StreamConverter: java.lang.Object convertFromStream(java.util.stream.Stream,org.springframework.core.convert.TypeDescriptor,org.springframework.core.convert.TypeDescriptor)>: 2 -> result(java.lang.AutoCloseable[]) }
InferredTransfer{ <org.springframework.core.convert.support.MapToMapConverter: java.lang.Object convertValue(java.lang.Object,org.springframework.core.convert.TypeDescriptor,org.springframework.core.convert.TypeDescriptor)>: base -> result(org.springframework.core.convert.support.StringToCharacterConverter[]) }
InferredTransfer{ <org.springframework.core.convert.support.StreamConverter: java.lang.Object convertFromStream(java.util.stream.Stream,org.springframework.core.convert.TypeDescriptor,org.springframework.core.convert.TypeDescriptor)>: base -> result(java.util.TreeMap[]) }
InferredTransfer{ <org.springframework.core.convert.support.ArrayToObjectConverter: java.lang.Object convert(java.lang.Object,org.springframework.core.convert.TypeDescriptor,org.springframework.core.convert.TypeDescriptor)>: 1 -> base(org.springframework.core.convert.support.ArrayToObjectConverter) }
InferredTransfer{ <org.springframework.core.convert.support.StreamConverter: java.lang.Object convertFromStream(java.util.stream.Stream,org.springframework.core.convert.TypeDescriptor,org.springframework.core.convert.TypeDescriptor)>: 1 -> result(java.lang.AutoCloseable[]) }
InferredTransfer{ <org.springframework.core.convert.support.ObjectToArrayConverter: java.lang.Object convert(java.lang.Object,org.springframework.core.convert.TypeDescriptor,org.springframework.core.convert.TypeDescriptor)>: 0 -> result(java.util.Locale[]) }
InferredTransfer{ <org.springframework.core.convert.support.ArrayToObjectConverter: java.lang.Object convert(java.lang.Object,org.springframework.core.convert.TypeDescriptor,org.springframework.core.convert.TypeDescriptor)>: 0 -> base(org.springframework.core.convert.support.ArrayToObjectConverter) }
InferredTransfer{ <org.springframework.core.convert.support.CollectionToArrayConverter: java.lang.Object convert(java.lang.Object,org.springframework.core.convert.TypeDescriptor,org.springframework.core.convert.TypeDescriptor)>: 2 -> result(java.util.NavigableSet[]) }
InferredTransfer{ <org.springframework.core.convert.support.StreamConverter: java.lang.Object convertFromStream(java.util.stream.Stream,org.springframework.core.convert.TypeDescriptor,org.springframework.core.convert.TypeDescriptor)>: 2 -> result(java.util.SortedMap[]) }
InferredTransfer{ <org.springframework.core.convert.support.StreamConverter: java.lang.Object convertFromStream(java.util.stream.Stream,org.springframework.core.convert.TypeDescriptor,org.springframework.core.convert.TypeDescriptor)>: base -> result(java.lang.AutoCloseable[]) }
InferredTransfer{ <org.springframework.core.convert.support.StringToCharacterConverter: java.lang.Character convert(java.lang.String)>: 0 -> base(org.springframework.core.convert.support.StringToCharacterConverter) }
InferredTransfer{ <org.springframework.core.convert.support.CollectionToArrayConverter: java.lang.Object convert(java.lang.Object,org.springframework.core.convert.TypeDescriptor,org.springframework.core.convert.TypeDescriptor)>: 0 -> result(java.util.NavigableSet[]) }
InferredTransfer{ <org.springframework.core.convert.support.ConversionUtils: java.lang.Object invokeConverter(org.springframework.core.convert.converter.GenericConverter,java.lang.Object,org.springframework.core.convert.TypeDescriptor,org.springframework.core.convert.TypeDescriptor)>: 1 -> result(double[][]) }
InferredTransfer{ <org.springframework.core.convert.support.ObjectToArrayConverter: java.lang.Object convert(java.lang.Object,org.springframework.core.convert.TypeDescriptor,org.springframework.core.convert.TypeDescriptor)>: 0 -> result(java.lang.Long[]) }
InferredTransfer{ <java.lang.StringBuilder: char charAt(int)>: base -> result(char) }
InferredTransfer{ <org.springframework.core.convert.support.CollectionToArrayConverter: java.lang.Object convert(java.lang.Object,org.springframework.core.convert.TypeDescriptor,org.springframework.core.convert.TypeDescriptor)>: base -> result(java.util.NavigableSet[]) }
InferredTransfer{ <org.springframework.core.convert.support.GenericConversionService: java.lang.Object convert(java.lang.Object,org.springframework.core.convert.TypeDescriptor,org.springframework.core.convert.TypeDescriptor)>: 2 -> result(org.springframework.core.convert.support.PropertiesToStringConverter[]) }
InferredTransfer{ <org.springframework.core.convert.support.GenericConversionService: java.lang.Object convert(java.lang.Object,org.springframework.core.convert.TypeDescriptor,org.springframework.core.convert.TypeDescriptor)>: 1 -> result(org.springframework.core.convert.support.PropertiesToStringConverter[]) }
InferredTransfer{ <org.springframework.core.convert.support.GenericConversionService: java.lang.Object convert(java.lang.Object,org.springframework.core.convert.TypeDescriptor,org.springframework.core.convert.TypeDescriptor)>: 0 -> result(org.springframework.core.convert.support.PropertiesToStringConverter[]) }
InferredTransfer{ <org.springframework.core.convert.support.MapToMapConverter: java.lang.Object convertKey(java.lang.Object,org.springframework.core.convert.TypeDescriptor,org.springframework.core.convert.TypeDescriptor)>: 2 -> result(org.springframework.core.convert.support.StringToNumberConverterFactory[]) }
InferredTransfer{ <org.springframework.core.convert.support.GenericConversionService: java.lang.Object convert(java.lang.Object,org.springframework.core.convert.TypeDescriptor,org.springframework.core.convert.TypeDescriptor)>: base -> result(org.springframework.core.convert.support.PropertiesToStringConverter[]) }
InferredTransfer{ <org.springframework.core.convert.support.CollectionToArrayConverter: java.lang.Object convert(java.lang.Object,org.springframework.core.convert.TypeDescriptor,org.springframework.core.convert.TypeDescriptor)>: 0 -> result(java.lang.Float[]) }
InferredTransfer{ <org.springframework.core.convert.support.MapToMapConverter: java.lang.Object convertKey(java.lang.Object,org.springframework.core.convert.TypeDescriptor,org.springframework.core.convert.TypeDescriptor)>: 1 -> result(org.springframework.core.convert.support.StringToNumberConverterFactory[]) }
InferredTransfer{ <org.springframework.web.util.UrlPathHelper: java.lang.String getSanitizedPath(java.lang.String)>: 0 -> result(java.lang.String) }
InferredTransfer{ <org.springframework.core.convert.support.ByteBufferConverter: java.lang.Object convert(java.lang.Object,org.springframework.core.convert.TypeDescriptor,org.springframework.core.convert.TypeDescriptor)>: 2 -> result(java.math.BigInteger[]) }
InferredTransfer{ <org.springframework.core.convert.support.ByteBufferConverter: java.lang.Object convert(java.lang.Object,org.springframework.core.convert.TypeDescriptor,org.springframework.core.convert.TypeDescriptor)>: 0 -> result(java.util.stream.Stream[]) }
InferredTransfer{ <org.springframework.core.convert.support.ByteBufferConverter: java.lang.Object convertFromByteBuffer(java.nio.ByteBuffer,org.springframework.core.convert.TypeDescriptor)>: 1 -> result(org.springframework.core.convert.support.StringToPropertiesConverter[]) }
InferredTransfer{ <org.springframework.core.convert.support.ZoneIdToTimeZoneConverter: java.lang.Object convert(java.lang.Object)>: 0 -> result(sun.util.calendar.ZoneInfo) }
InferredTransfer{ <org.springframework.core.convert.support.CollectionToObjectConverter: java.lang.Object convert(java.lang.Object,org.springframework.core.convert.TypeDescriptor,org.springframework.core.convert.TypeDescriptor)>: 0 -> result(java.lang.Byte) }
InferredTransfer{ <org.springframework.web.util.UrlPathHelper: java.lang.String getSanitizedPath(java.lang.String)>: base -> result(java.lang.String) }
InferredTransfer{ <org.springframework.core.convert.support.ZoneIdToTimeZoneConverter: java.lang.Object convert(java.lang.Object)>: base -> result(sun.util.calendar.ZoneInfo) }
InferredTransfer{ <org.springframework.core.convert.support.CollectionToObjectConverter: java.lang.Object convert(java.lang.Object,org.springframework.core.convert.TypeDescriptor,org.springframework.core.convert.TypeDescriptor)>: base -> result(java.lang.Byte) }
InferredTransfer{ <org.springframework.core.convert.support.MapToMapConverter: java.lang.Object convertKey(java.lang.Object,org.springframework.core.convert.TypeDescriptor,org.springframework.core.convert.TypeDescriptor)>: base -> result(org.springframework.core.convert.support.StringToNumberConverterFactory[]) }
InferredTransfer{ <org.springframework.core.convert.support.ByteBufferConverter: java.lang.Object convert(java.lang.Object,org.springframework.core.convert.TypeDescriptor,org.springframework.core.convert.TypeDescriptor)>: 0 -> result(java.math.BigInteger[]) }
InferredTransfer{ <org.springframework.core.convert.support.ByteBufferConverter: java.lang.Object convertFromByteBuffer(java.nio.ByteBuffer,org.springframework.core.convert.TypeDescriptor)>: base -> result(org.springframework.core.convert.support.StringToPropertiesConverter[]) }
InferredTransfer{ <org.springframework.core.convert.support.ByteBufferConverter: java.lang.Object convert(java.lang.Object,org.springframework.core.convert.TypeDescriptor,org.springframework.core.convert.TypeDescriptor)>: base -> result(java.math.BigInteger[]) }
InferredTransfer{ <org.springframework.core.convert.support.StreamConverter: java.lang.Object convert(java.lang.Object,org.springframework.core.convert.TypeDescriptor,org.springframework.core.convert.TypeDescriptor)>: 2 -> result(java.lang.Short) }
InferredTransfer{ <org.springframework.core.convert.support.ByteBufferConverter: java.lang.Object convert(java.lang.Object,org.springframework.core.convert.TypeDescriptor,org.springframework.core.convert.TypeDescriptor)>: 2 -> result(sun.security.jca.ServiceId) }
InferredTransfer{ <org.springframework.core.convert.support.ByteBufferConverter: java.lang.Object convert(java.lang.Object,org.springframework.core.convert.TypeDescriptor,org.springframework.core.convert.TypeDescriptor)>: 0 -> result(java.lang.Error[]) }
InferredTransfer{ <org.springframework.core.convert.support.StringToArrayConverter: java.lang.Object convert(java.lang.Object,org.springframework.core.convert.TypeDescriptor,org.springframework.core.convert.TypeDescriptor)>: 0 -> result(java.lang.Cloneable[]) }
InferredTransfer{ <org.springframework.core.convert.support.ByteBufferConverter: java.lang.Object convert(java.lang.Object,org.springframework.core.convert.TypeDescriptor,org.springframework.core.convert.TypeDescriptor)>: 1 -> result(sun.security.jca.ServiceId) }
InferredTransfer{ <org.springframework.core.convert.support.StreamConverter: java.lang.Object convert(java.lang.Object,org.springframework.core.convert.TypeDescriptor,org.springframework.core.convert.TypeDescriptor)>: 1 -> result(java.lang.Short) }
InferredTransfer{ <org.springframework.core.convert.support.StringToCurrencyConverter: java.util.Currency convert(java.lang.String)>: 0 -> result(java.util.Currency) }
InferredTransfer{ <org.springframework.core.convert.support.StreamConverter: java.lang.Object convert(java.lang.Object,org.springframework.core.convert.TypeDescriptor,org.springframework.core.convert.TypeDescriptor)>: 0 -> result(java.lang.Short) }
InferredTransfer{ <org.springframework.core.convert.support.ByteBufferConverter: java.lang.Object convert(java.lang.Object,org.springframework.core.convert.TypeDescriptor,org.springframework.core.convert.TypeDescriptor)>: 0 -> result(sun.security.jca.ServiceId) }
InferredTransfer{ <org.springframework.core.convert.support.StringToCurrencyConverter: java.util.Currency convert(java.lang.String)>: base -> result(java.util.Currency) }
InferredTransfer{ <org.springframework.core.convert.support.StreamConverter: java.lang.Object convert(java.lang.Object,org.springframework.core.convert.TypeDescriptor,org.springframework.core.convert.TypeDescriptor)>: base -> result(java.lang.Short) }
InferredTransfer{ <org.springframework.core.convert.support.ByteBufferConverter: java.lang.Object convert(java.lang.Object,org.springframework.core.convert.TypeDescriptor,org.springframework.core.convert.TypeDescriptor)>: base -> result(sun.security.jca.ServiceId) }
InferredTransfer{ <org.springframework.core.convert.support.ObjectToArrayConverter: java.lang.Object convert(java.lang.Object,org.springframework.core.convert.TypeDescriptor,org.springframework.core.convert.TypeDescriptor)>: 2 -> result(org.springframework.core.convert.support.StringToEnumConverterFactory[]) }
InferredTransfer{ <org.springframework.core.convert.support.ConversionUtils: java.lang.Object invokeConverter(org.springframework.core.convert.converter.GenericConverter,java.lang.Object,org.springframework.core.convert.TypeDescriptor,org.springframework.core.convert.TypeDescriptor)>: 1 -> result(sun.reflect.Reflection[]) }
InferredTransfer{ <org.springframework.core.ResolvableType: java.lang.Class resolveClass()>: base -> result(java.lang.Class) }
InferredTransfer{ <org.springframework.core.convert.support.NumberToCharacterConverter: java.lang.Object convert(java.lang.Object)>: 0 -> base(org.springframework.core.convert.support.NumberToCharacterConverter) }
InferredTransfer{ <org.springframework.core.convert.support.ByteBufferConverter: java.lang.Object convert(java.lang.Object,org.springframework.core.convert.TypeDescriptor,org.springframework.core.convert.TypeDescriptor)>: 2 -> result(java.util.HashMap[]) }
InferredTransfer{ <org.springframework.core.convert.support.ObjectToArrayConverter: java.lang.Object convert(java.lang.Object,org.springframework.core.convert.TypeDescriptor,org.springframework.core.convert.TypeDescriptor)>: 1 -> result(org.springframework.core.convert.support.StringToEnumConverterFactory[]) }
InferredTransfer{ <org.springframework.core.CollectionFactory: java.lang.Class asEnumType(java.lang.Class)>: 0 -> result(java.lang.Class) }
InferredTransfer{ <org.springframework.core.convert.support.ObjectToArrayConverter: java.lang.Object convert(java.lang.Object,org.springframework.core.convert.TypeDescriptor,org.springframework.core.convert.TypeDescriptor)>: 0 -> result(org.springframework.core.convert.support.StringToEnumConverterFactory[]) }
InferredTransfer{ <org.springframework.core.convert.support.CollectionToArrayConverter: java.lang.Object convert(java.lang.Object,org.springframework.core.convert.TypeDescriptor,org.springframework.core.convert.TypeDescriptor)>: 0 -> result(java.lang.Enum[]) }
InferredTransfer{ <org.springframework.core.convert.support.ByteBufferConverter: java.lang.Object convert(java.lang.Object,org.springframework.core.convert.TypeDescriptor,org.springframework.core.convert.TypeDescriptor)>: 1 -> result(java.util.HashMap[]) }
InferredTransfer{ <org.springframework.core.convert.support.ConversionUtils: java.lang.Object invokeConverter(org.springframework.core.convert.converter.GenericConverter,java.lang.Object,org.springframework.core.convert.TypeDescriptor,org.springframework.core.convert.TypeDescriptor)>: 3 -> result(org.springframework.core.convert.support.NumberToNumberConverterFactory[]) }
InferredTransfer{ <org.springframework.core.convert.support.CollectionToObjectConverter: java.lang.Object convert(java.lang.Object,org.springframework.core.convert.TypeDescriptor,org.springframework.core.convert.TypeDescriptor)>: 2 -> result(org.springframework.core.convert.support.StringToNumberConverterFactory[]) }
InferredTransfer{ <org.springframework.core.convert.TypeDescriptor: org.springframework.core.convert.TypeDescriptor getRelatedIfResolvable(org.springframework.core.convert.TypeDescriptor,org.springframework.core.ResolvableType)>: 1 -> result(org.springframework.core.convert.TypeDescriptor) }
InferredTransfer{ <org.springframework.core.convert.support.ByteBufferConverter: java.lang.Object convert(java.lang.Object,org.springframework.core.convert.TypeDescriptor,org.springframework.core.convert.TypeDescriptor)>: 0 -> result(java.util.HashMap[]) }
InferredTransfer{ <org.springframework.core.convert.support.ObjectToArrayConverter: java.lang.Object convert(java.lang.Object,org.springframework.core.convert.TypeDescriptor,org.springframework.core.convert.TypeDescriptor)>: base -> result(org.springframework.core.convert.support.StringToEnumConverterFactory[]) }
InferredTransfer{ <org.springframework.core.convert.support.GenericConversionService: java.lang.Object convert(java.lang.Object,org.springframework.core.convert.TypeDescriptor,org.springframework.core.convert.TypeDescriptor)>: 2 -> result(org.springframework.core.convert.support.EnumToStringConverter[]) }
InferredTransfer{ <org.springframework.core.convert.support.ConversionUtils: java.lang.Object invokeConverter(org.springframework.core.convert.converter.GenericConverter,java.lang.Object,org.springframework.core.convert.TypeDescriptor,org.springframework.core.convert.TypeDescriptor)>: 2 -> result(org.springframework.core.convert.support.NumberToNumberConverterFactory[]) }
InferredTransfer{ <org.springframework.core.convert.support.CollectionToObjectConverter: java.lang.Object convert(java.lang.Object,org.springframework.core.convert.TypeDescriptor,org.springframework.core.convert.TypeDescriptor)>: 1 -> result(org.springframework.core.convert.support.StringToNumberConverterFactory[]) }
InferredTransfer{ <org.springframework.core.convert.TypeDescriptor: org.springframework.core.convert.TypeDescriptor getRelatedIfResolvable(org.springframework.core.convert.TypeDescriptor,org.springframework.core.ResolvableType)>: 0 -> result(org.springframework.core.convert.TypeDescriptor) }
InferredTransfer{ <org.springframework.core.convert.support.ByteBufferConverter: java.lang.Object convert(java.lang.Object,org.springframework.core.convert.TypeDescriptor,org.springframework.core.convert.TypeDescriptor)>: base -> result(java.util.HashMap[]) }
InferredTransfer{ <org.springframework.core.convert.support.GenericConversionService: java.lang.Object convert(java.lang.Object,org.springframework.core.convert.TypeDescriptor,org.springframework.core.convert.TypeDescriptor)>: 2 -> result(java.util.ArrayList[]) }
InferredTransfer{ <org.springframework.core.convert.support.GenericConversionService: java.lang.Object convert(java.lang.Object,org.springframework.core.convert.TypeDescriptor,org.springframework.core.convert.TypeDescriptor)>: 1 -> result(org.springframework.core.convert.support.EnumToStringConverter[]) }
InferredTransfer{ <org.springframework.core.convert.support.ConversionUtils: java.lang.Object invokeConverter(org.springframework.core.convert.converter.GenericConverter,java.lang.Object,org.springframework.core.convert.TypeDescriptor,org.springframework.core.convert.TypeDescriptor)>: 1 -> result(org.springframework.core.convert.support.NumberToNumberConverterFactory[]) }
InferredTransfer{ <org.springframework.core.convert.support.CollectionToObjectConverter: java.lang.Object convert(java.lang.Object,org.springframework.core.convert.TypeDescriptor,org.springframework.core.convert.TypeDescriptor)>: 0 -> result(org.springframework.core.convert.support.StringToNumberConverterFactory[]) }
InferredTransfer{ <org.springframework.core.convert.support.GenericConversionService: java.lang.Object convert(java.lang.Object,org.springframework.core.convert.TypeDescriptor,org.springframework.core.convert.TypeDescriptor)>: 1 -> result(java.util.ArrayList[]) }
InferredTransfer{ <org.springframework.core.convert.support.ByteBufferConverter: java.lang.Object convert(java.lang.Object,org.springframework.core.convert.TypeDescriptor,org.springframework.core.convert.TypeDescriptor)>: 2 -> result(org.springframework.core.convert.support.StringToCharacterConverter[]) }
InferredTransfer{ <org.springframework.core.convert.support.GenericConversionService: java.lang.Object convert(java.lang.Object,org.springframework.core.convert.TypeDescriptor,org.springframework.core.convert.TypeDescriptor)>: 0 -> result(org.springframework.core.convert.support.EnumToStringConverter[]) }
InferredTransfer{ <org.springframework.core.convert.support.ConversionUtils: java.lang.Object invokeConverter(org.springframework.core.convert.converter.GenericConverter,java.lang.Object,org.springframework.core.convert.TypeDescriptor,org.springframework.core.convert.TypeDescriptor)>: 0 -> result(org.springframework.core.convert.support.NumberToNumberConverterFactory[]) }
InferredTransfer{ <org.springframework.core.convert.support.CollectionToObjectConverter: java.lang.Object convert(java.lang.Object,org.springframework.core.convert.TypeDescriptor,org.springframework.core.convert.TypeDescriptor)>: base -> result(org.springframework.core.convert.support.StringToNumberConverterFactory[]) }
InferredTransfer{ <org.springframework.core.convert.support.GenericConversionService: java.lang.Object convert(java.lang.Object,org.springframework.core.convert.TypeDescriptor,org.springframework.core.convert.TypeDescriptor)>: 0 -> result(java.util.ArrayList[]) }
InferredTransfer{ <org.springframework.core.convert.support.StringToArrayConverter: java.lang.Object convert(java.lang.Object,org.springframework.core.convert.TypeDescriptor,org.springframework.core.convert.TypeDescriptor)>: 0 -> result(java.util.Currency[]) }
InferredTransfer{ <org.springframework.core.convert.support.ByteBufferConverter: java.lang.Object convert(java.lang.Object,org.springframework.core.convert.TypeDescriptor,org.springframework.core.convert.TypeDescriptor)>: 1 -> result(org.springframework.core.convert.support.StringToCharacterConverter[]) }
InferredTransfer{ <org.springframework.core.convert.support.GenericConversionService: java.lang.Object convert(java.lang.Object,org.springframework.core.convert.TypeDescriptor,org.springframework.core.convert.TypeDescriptor)>: base -> result(org.springframework.core.convert.support.EnumToStringConverter[]) }
InferredTransfer{ <org.springframework.core.convert.support.GenericConversionService: java.lang.Object convert(java.lang.Object,org.springframework.core.convert.TypeDescriptor,org.springframework.core.convert.TypeDescriptor)>: base -> result(java.util.ArrayList[]) }
InferredTransfer{ <org.springframework.core.convert.support.ByteBufferConverter: java.lang.Object convert(java.lang.Object,org.springframework.core.convert.TypeDescriptor,org.springframework.core.convert.TypeDescriptor)>: 0 -> result(char[][]) }
InferredTransfer{ <org.springframework.core.convert.support.ByteBufferConverter: java.lang.Object convert(java.lang.Object,org.springframework.core.convert.TypeDescriptor,org.springframework.core.convert.TypeDescriptor)>: 0 -> result(org.springframework.core.convert.support.StringToCharacterConverter[]) }
InferredTransfer{ <org.springframework.core.convert.support.ByteBufferConverter: java.lang.Object convert(java.lang.Object,org.springframework.core.convert.TypeDescriptor,org.springframework.core.convert.TypeDescriptor)>: base -> result(org.springframework.core.convert.support.StringToCharacterConverter[]) }
InferredTransfer{ <java.lang.StringBuilder: java.lang.StringBuilder append(java.lang.String)>: 0 -> base(java.lang.StringBuilder) }
InferredTransfer{ <org.springframework.core.convert.support.ArrayToArrayConverter: java.lang.Object convert(java.lang.Object,org.springframework.core.convert.TypeDescriptor,org.springframework.core.convert.TypeDescriptor)>: 2 -> result(java.util.UUID[]) }
InferredTransfer{ <org.springframework.core.convert.support.ByteBufferConverter: java.lang.Object convert(java.lang.Object,org.springframework.core.convert.TypeDescriptor,org.springframework.core.convert.TypeDescriptor)>: 2 -> result(java.util.NavigableMap[]) }
InferredTransfer{ <org.springframework.core.convert.support.ArrayToArrayConverter: java.lang.Object convert(java.lang.Object,org.springframework.core.convert.TypeDescriptor,org.springframework.core.convert.TypeDescriptor)>: 1 -> result(java.util.UUID[]) }
InferredTransfer{ <org.springframework.core.convert.support.CollectionToStringConverter: java.lang.Object convert(java.lang.Object,org.springframework.core.convert.TypeDescriptor,org.springframework.core.convert.TypeDescriptor)>: 2 -> base(org.springframework.core.convert.support.CollectionToStringConverter) }
InferredTransfer{ <java.lang.String: char charAt(int)>: base -> result(char) }
InferredTransfer{ <org.springframework.core.convert.support.ArrayToArrayConverter: java.lang.Object convert(java.lang.Object,org.springframework.core.convert.TypeDescriptor,org.springframework.core.convert.TypeDescriptor)>: 0 -> result(java.util.UUID[]) }
InferredTransfer{ <java.math.BigInteger: void <init>(java.lang.String,int)>: 0 -> base(java.math.BigInteger) }
InferredTransfer{ <org.springframework.core.convert.support.ObjectToArrayConverter: java.lang.Object convert(java.lang.Object,org.springframework.core.convert.TypeDescriptor,org.springframework.core.convert.TypeDescriptor)>: 2 -> result(org.springframework.core.convert.support.IntegerToEnumConverterFactory[]) }
InferredTransfer{ <org.springframework.core.convert.support.CollectionToStringConverter: java.lang.Object convert(java.lang.Object,org.springframework.core.convert.TypeDescriptor,org.springframework.core.convert.TypeDescriptor)>: 1 -> base(org.springframework.core.convert.support.CollectionToStringConverter) }
InferredTransfer{ <org.springframework.core.convert.support.ByteBufferConverter: java.lang.Object convert(java.lang.Object,org.springframework.core.convert.TypeDescriptor,org.springframework.core.convert.TypeDescriptor)>: 0 -> result(java.util.NavigableMap[]) }
InferredTransfer{ <org.springframework.core.convert.support.ArrayToArrayConverter: java.lang.Object convert(java.lang.Object,org.springframework.core.convert.TypeDescriptor,org.springframework.core.convert.TypeDescriptor)>: base -> result(java.util.UUID[]) }
InferredTransfer{ <org.springframework.core.convert.support.ObjectToArrayConverter: java.lang.Object convert(java.lang.Object,org.springframework.core.convert.TypeDescriptor,org.springframework.core.convert.TypeDescriptor)>: 1 -> result(org.springframework.core.convert.support.IntegerToEnumConverterFactory[]) }
InferredTransfer{ <org.springframework.core.convert.support.CollectionToStringConverter: java.lang.Object convert(java.lang.Object,org.springframework.core.convert.TypeDescriptor,org.springframework.core.convert.TypeDescriptor)>: 0 -> base(org.springframework.core.convert.support.CollectionToStringConverter) }
InferredTransfer{ <org.springframework.core.convert.support.ByteBufferConverter: java.lang.Object convert(java.lang.Object,org.springframework.core.convert.TypeDescriptor,org.springframework.core.convert.TypeDescriptor)>: 0 -> result(java.lang.System[]) }
InferredTransfer{ <org.springframework.core.convert.support.ObjectToArrayConverter: java.lang.Object convert(java.lang.Object,org.springframework.core.convert.TypeDescriptor,org.springframework.core.convert.TypeDescriptor)>: 2 -> result(org.springframework.core.convert.support.StringToPropertiesConverter[]) }
InferredTransfer{ <org.springframework.core.convert.support.ByteBufferConverter: java.lang.Object convert(java.lang.Object,org.springframework.core.convert.TypeDescriptor,org.springframework.core.convert.TypeDescriptor)>: base -> result(java.util.NavigableMap[]) }
InferredTransfer{ <org.springframework.core.convert.support.CollectionToObjectConverter: java.lang.Object convert(java.lang.Object,org.springframework.core.convert.TypeDescriptor,org.springframework.core.convert.TypeDescriptor)>: 2 -> result(java.util.SortedMap[]) }
InferredTransfer{ <org.springframework.core.convert.support.ObjectToArrayConverter: java.lang.Object convert(java.lang.Object,org.springframework.core.convert.TypeDescriptor,org.springframework.core.convert.TypeDescriptor)>: 0 -> result(org.springframework.core.convert.support.IntegerToEnumConverterFactory[]) }
InferredTransfer{ <org.springframework.core.convert.support.ArrayToArrayConverter: java.lang.Object convert(java.lang.Object,org.springframework.core.convert.TypeDescriptor,org.springframework.core.convert.TypeDescriptor)>: 2 -> result(java.lang.String) }
InferredTransfer{ <org.springframework.core.convert.support.StreamConverter: java.lang.Object convertFromStream(java.util.stream.Stream,org.springframework.core.convert.TypeDescriptor,org.springframework.core.convert.TypeDescriptor)>: 2 -> result(org.springframework.core.convert.support.ZoneIdToTimeZoneConverter[]) }
InferredTransfer{ <org.springframework.core.convert.support.StreamConverter: java.lang.Object convert(java.lang.Object,org.springframework.core.convert.TypeDescriptor,org.springframework.core.convert.TypeDescriptor)>: 0 -> result(java.lang.Integer[]) }
InferredTransfer{ <org.springframework.core.convert.support.ObjectToArrayConverter: java.lang.Object convert(java.lang.Object,org.springframework.core.convert.TypeDescriptor,org.springframework.core.convert.TypeDescriptor)>: 1 -> result(org.springframework.core.convert.support.StringToPropertiesConverter[]) }
InferredTransfer{ <org.springframework.core.convert.support.ObjectToArrayConverter: java.lang.Object convert(java.lang.Object,org.springframework.core.convert.TypeDescriptor,org.springframework.core.convert.TypeDescriptor)>: base -> result(org.springframework.core.convert.support.IntegerToEnumConverterFactory[]) }
InferredTransfer{ <org.springframework.core.convert.support.ArrayToArrayConverter: java.lang.Object convert(java.lang.Object,org.springframework.core.convert.TypeDescriptor,org.springframework.core.convert.TypeDescriptor)>: 1 -> result(java.lang.String) }
InferredTransfer{ <org.springframework.core.convert.support.StreamConverter: java.lang.Object convertFromStream(java.util.stream.Stream,org.springframework.core.convert.TypeDescriptor,org.springframework.core.convert.TypeDescriptor)>: 1 -> result(org.springframework.core.convert.support.ZoneIdToTimeZoneConverter[]) }
InferredTransfer{ <org.springframework.core.convert.support.ObjectToArrayConverter: java.lang.Object convert(java.lang.Object,org.springframework.core.convert.TypeDescriptor,org.springframework.core.convert.TypeDescriptor)>: 0 -> result(org.springframework.core.convert.support.StringToPropertiesConverter[]) }
InferredTransfer{ <org.springframework.core.convert.support.ConversionUtils: java.lang.Object invokeConverter(org.springframework.core.convert.converter.GenericConverter,java.lang.Object,org.springframework.core.convert.TypeDescriptor,org.springframework.core.convert.TypeDescriptor)>: 1 -> result(java.util.EnumMap[]) }
InferredTransfer{ <java.lang.String: java.lang.String replaceAll(java.lang.String,java.lang.String)>: base -> result(java.lang.String) }
InferredTransfer{ <org.springframework.core.convert.support.CollectionToObjectConverter: java.lang.Object convert(java.lang.Object,org.springframework.core.convert.TypeDescriptor,org.springframework.core.convert.TypeDescriptor)>: 0 -> result(java.util.SortedMap[]) }
InferredTransfer{ <org.springframework.core.convert.support.ArrayToArrayConverter: java.lang.Object convert(java.lang.Object,org.springframework.core.convert.TypeDescriptor,org.springframework.core.convert.TypeDescriptor)>: 0 -> result(java.lang.String) }
InferredTransfer{ <org.springframework.core.convert.support.ObjectToArrayConverter: java.lang.Object convert(java.lang.Object,org.springframework.core.convert.TypeDescriptor,org.springframework.core.convert.TypeDescriptor)>: base -> result(org.springframework.core.convert.support.StringToPropertiesConverter[]) }
InferredTransfer{ <org.springframework.core.convert.support.CollectionToObjectConverter: java.lang.Object convert(java.lang.Object,org.springframework.core.convert.TypeDescriptor,org.springframework.core.convert.TypeDescriptor)>: base -> result(java.util.SortedMap[]) }
InferredTransfer{ <org.springframework.core.convert.support.ArrayToArrayConverter: java.lang.Object convert(java.lang.Object,org.springframework.core.convert.TypeDescriptor,org.springframework.core.convert.TypeDescriptor)>: base -> result(java.lang.String) }
InferredTransfer{ <org.springframework.core.convert.support.StreamConverter: java.lang.Object convertFromStream(java.util.stream.Stream,org.springframework.core.convert.TypeDescriptor,org.springframework.core.convert.TypeDescriptor)>: base -> result(org.springframework.core.convert.support.ZoneIdToTimeZoneConverter[]) }
InferredTransfer{ <org.springframework.core.convert.support.GenericConversionService: java.lang.Object convert(java.lang.Object,java.lang.Class)>: 0 -> base(org.springframework.core.convert.support.DefaultConversionService) }
InferredTransfer{ <org.springframework.core.convert.support.ConversionUtils: java.lang.Object invokeConverter(org.springframework.core.convert.converter.GenericConverter,java.lang.Object,org.springframework.core.convert.TypeDescriptor,org.springframework.core.convert.TypeDescriptor)>: 1 -> result(java.lang.Boolean[]) }
InferredTransfer{ <org.springframework.core.convert.support.ObjectToStringConverter: java.lang.Object convert(java.lang.Object)>: 0 -> result(java.lang.String) }
InferredTransfer{ <org.springframework.core.convert.support.CollectionToObjectConverter: java.lang.Object convert(java.lang.Object,org.springframework.core.convert.TypeDescriptor,org.springframework.core.convert.TypeDescriptor)>: 0 -> result(java.util.EnumSet[]) }
InferredTransfer{ <org.springframework.core.convert.support.ObjectToStringConverter: java.lang.Object convert(java.lang.Object)>: base -> result(java.lang.String) }
InferredTransfer{ <org.springframework.core.convert.support.StreamConverter: java.lang.Object convert(java.lang.Object,org.springframework.core.convert.TypeDescriptor,org.springframework.core.convert.TypeDescriptor)>: 2 -> result(org.springframework.core.convert.support.StringToLocaleConverter[]) }
InferredTransfer{ <org.springframework.core.convert.support.StreamConverter: java.lang.Object convert(java.lang.Object,org.springframework.core.convert.TypeDescriptor,org.springframework.core.convert.TypeDescriptor)>: 1 -> result(org.springframework.core.convert.support.StringToLocaleConverter[]) }
InferredTransfer{ <org.springframework.core.convert.support.StreamConverter: java.lang.Object convert(java.lang.Object,org.springframework.core.convert.TypeDescriptor,org.springframework.core.convert.TypeDescriptor)>: 0 -> result(org.springframework.core.convert.support.StringToLocaleConverter[]) }
InferredTransfer{ <org.springframework.core.convert.support.ByteBufferConverter: java.lang.Object convert(java.lang.Object,org.springframework.core.convert.TypeDescriptor,org.springframework.core.convert.TypeDescriptor)>: 0 -> result(int[][]) }
InferredTransfer{ <org.springframework.core.convert.support.StreamConverter: java.lang.Object convert(java.lang.Object,org.springframework.core.convert.TypeDescriptor,org.springframework.core.convert.TypeDescriptor)>: base -> result(org.springframework.core.convert.support.StringToLocaleConverter[]) }
InferredTransfer{ <org.springframework.core.convert.support.ByteBufferConverter: java.lang.Object convert(java.lang.Object,org.springframework.core.convert.TypeDescriptor,org.springframework.core.convert.TypeDescriptor)>: 0 -> result(java.io.Serializable[]) }
InferredTransfer{ <org.springframework.core.convert.support.ConversionUtils: java.lang.Object invokeConverter(org.springframework.core.convert.converter.GenericConverter,java.lang.Object,org.springframework.core.convert.TypeDescriptor,org.springframework.core.convert.TypeDescriptor)>: 3 -> result(java.lang.Double) }
InferredTransfer{ <org.springframework.core.convert.support.ArrayToObjectConverter: java.lang.Object convert(java.lang.Object,org.springframework.core.convert.TypeDescriptor,org.springframework.core.convert.TypeDescriptor)>: 0 -> result(java.lang.Number[]) }
InferredTransfer{ <java.lang.Class: java.lang.Class asSubclass(java.lang.Class)>: base -> result(java.lang.Class) }
InferredTransfer{ <org.springframework.core.convert.support.ConversionUtils: java.lang.Object invokeConverter(org.springframework.core.convert.converter.GenericConverter,java.lang.Object,org.springframework.core.convert.TypeDescriptor,org.springframework.core.convert.TypeDescriptor)>: 2 -> result(java.lang.Double) }
InferredTransfer{ <org.springframework.core.convert.support.ConversionUtils: java.lang.Object invokeConverter(org.springframework.core.convert.converter.GenericConverter,java.lang.Object,org.springframework.core.convert.TypeDescriptor,org.springframework.core.convert.TypeDescriptor)>: 1 -> result(java.lang.Double) }
InferredTransfer{ <org.springframework.core.convert.support.ConversionUtils: java.lang.Object invokeConverter(org.springframework.core.convert.converter.GenericConverter,java.lang.Object,org.springframework.core.convert.TypeDescriptor,org.springframework.core.convert.TypeDescriptor)>: 1 -> result(java.lang.Character[]) }
InferredTransfer{ <org.springframework.core.convert.TypeDescriptor: java.lang.Class getObjectType()>: base -> result(java.lang.Class) }
InferredTransfer{ <org.springframework.core.convert.support.ConversionUtils: java.lang.Object invokeConverter(org.springframework.core.convert.converter.GenericConverter,java.lang.Object,org.springframework.core.convert.TypeDescriptor,org.springframework.core.convert.TypeDescriptor)>: 0 -> result(java.lang.Double) }
InferredTransfer{ <org.springframework.core.env.AbstractPropertyResolver: java.lang.String resolveNestedPlaceholders(java.lang.String)>: 0 -> base(org.springframework.core.env.PropertySourcesPropertyResolver) }
InferredTransfer{ <org.springframework.core.convert.support.CollectionToObjectConverter: java.lang.Object convert(java.lang.Object,org.springframework.core.convert.TypeDescriptor,org.springframework.core.convert.TypeDescriptor)>: 0 -> result(java.lang.Number[]) }
InferredTransfer{ <org.springframework.core.convert.support.MapToMapConverter: java.lang.Object convertKey(java.lang.Object,org.springframework.core.convert.TypeDescriptor,org.springframework.core.convert.TypeDescriptor)>: 2 -> result(org.springframework.core.convert.support.ZoneIdToTimeZoneConverter[]) }
InferredTransfer{ <org.springframework.core.ResolvableType: void <init>(java.lang.reflect.Type,org.springframework.core.SerializableTypeWrapper$TypeProvider,org.springframework.core.ResolvableType$VariableResolver,java.lang.Integer)>: 2 -> base(org.springframework.core.ResolvableType) }
InferredTransfer{ <org.springframework.core.convert.support.MapToMapConverter: java.lang.Object convertKey(java.lang.Object,org.springframework.core.convert.TypeDescriptor,org.springframework.core.convert.TypeDescriptor)>: 1 -> result(org.springframework.core.convert.support.ZoneIdToTimeZoneConverter[]) }
InferredTransfer{ <org.springframework.core.convert.support.GenericConversionService: java.lang.Object convert(java.lang.Object,org.springframework.core.convert.TypeDescriptor,org.springframework.core.convert.TypeDescriptor)>: 2 -> result(java.util.UUID) }
InferredTransfer{ <org.springframework.core.ResolvableType: void <init>(java.lang.reflect.Type,org.springframework.core.SerializableTypeWrapper$TypeProvider,org.springframework.core.ResolvableType$VariableResolver,java.lang.Integer)>: 0 -> base(org.springframework.core.ResolvableType) }
InferredTransfer{ <org.springframework.util.StringUtils: java.util.Locale parseLocale(java.lang.String)>: 0 -> result(java.util.Locale) }
InferredTransfer{ <org.springframework.core.convert.support.GenericConversionService: java.lang.Object convert(java.lang.Object,org.springframework.core.convert.TypeDescriptor,org.springframework.core.convert.TypeDescriptor)>: 1 -> result(java.util.UUID) }
InferredTransfer{ <org.springframework.core.convert.support.AbstractConditionalEnumConverter: boolean matches(org.springframework.core.convert.TypeDescriptor,org.springframework.core.convert.TypeDescriptor)>: 1 -> base(org.springframework.core.convert.support.EnumToStringConverter) }
InferredTransfer{ <org.springframework.core.convert.support.GenericConversionService: java.lang.Object convert(java.lang.Object,org.springframework.core.convert.TypeDescriptor,org.springframework.core.convert.TypeDescriptor)>: 2 -> result(sun.security.jca.ServiceId) }
InferredTransfer{ <org.springframework.core.convert.support.MapToMapConverter: java.lang.Object convertKey(java.lang.Object,org.springframework.core.convert.TypeDescriptor,org.springframework.core.convert.TypeDescriptor)>: base -> result(org.springframework.core.convert.support.ZoneIdToTimeZoneConverter[]) }
InferredTransfer{ <org.springframework.core.convert.support.StreamConverter: java.lang.Object convert(java.lang.Object,org.springframework.core.convert.TypeDescriptor,org.springframework.core.convert.TypeDescriptor)>: 2 -> result(java.lang.Float) }
InferredTransfer{ <org.springframework.core.convert.support.StreamConverter: java.lang.Object convert(java.lang.Object,org.springframework.core.convert.TypeDescriptor,org.springframework.core.convert.TypeDescriptor)>: 0 -> result(short[][]) }
InferredTransfer{ <org.springframework.core.convert.support.GenericConversionService: java.lang.Object convert(java.lang.Object,org.springframework.core.convert.TypeDescriptor,org.springframework.core.convert.TypeDescriptor)>: 0 -> result(java.util.UUID) }
InferredTransfer{ <org.springframework.web.util.UrlPathHelper: java.lang.String determineEncoding(javax.servlet.http.HttpServletRequest)>: 0 -> result(java.lang.String) }
InferredTransfer{ <org.springframework.core.convert.support.GenericConversionService: java.lang.Object convert(java.lang.Object,org.springframework.core.convert.TypeDescriptor,org.springframework.core.convert.TypeDescriptor)>: 1 -> result(sun.security.jca.ServiceId) }
InferredTransfer{ <org.springframework.core.convert.support.StringToArrayConverter: java.lang.Object convert(java.lang.Object,org.springframework.core.convert.TypeDescriptor,org.springframework.core.convert.TypeDescriptor)>: 2 -> result(java.util.TreeMap[]) }
InferredTransfer{ <org.springframework.core.convert.support.StreamConverter: java.lang.Object convert(java.lang.Object,org.springframework.core.convert.TypeDescriptor,org.springframework.core.convert.TypeDescriptor)>: 1 -> result(java.lang.Float) }
InferredTransfer{ <org.springframework.core.ResolvableType: void <init>(java.lang.reflect.Type,org.springframework.core.SerializableTypeWrapper$TypeProvider,org.springframework.core.ResolvableType$VariableResolver)>: 2 -> base(org.springframework.core.ResolvableType) }
InferredTransfer{ <org.springframework.core.convert.support.AbstractConditionalEnumConverter: boolean matches(org.springframework.core.convert.TypeDescriptor,org.springframework.core.convert.TypeDescriptor)>: 0 -> base(org.springframework.core.convert.support.EnumToStringConverter) }
InferredTransfer{ <org.springframework.core.convert.support.GenericConversionService: java.lang.Object convert(java.lang.Object,org.springframework.core.convert.TypeDescriptor,org.springframework.core.convert.TypeDescriptor)>: base -> result(java.util.UUID) }
InferredTransfer{ <org.springframework.web.util.UrlPathHelper: java.lang.String determineEncoding(javax.servlet.http.HttpServletRequest)>: base -> result(java.lang.String) }
InferredTransfer{ <org.springframework.core.convert.TypeDescriptor: org.springframework.core.convert.TypeDescriptor getMapValueTypeDescriptor()>: base -> result(org.springframework.core.convert.support.ObjectToOptionalConverter$GenericTypeDescriptor) }
InferredTransfer{ <org.springframework.core.convert.support.StringToArrayConverter: java.lang.Object convert(java.lang.Object,org.springframework.core.convert.TypeDescriptor,org.springframework.core.convert.TypeDescriptor)>: 1 -> result(java.util.TreeMap[]) }
InferredTransfer{ <org.springframework.core.env.PropertySourcesPropertyResolver: java.lang.Object getProperty(java.lang.String,java.lang.Class,boolean)>: 0 -> base(org.springframework.core.env.PropertySourcesPropertyResolver) }
InferredTransfer{ <org.springframework.core.convert.support.StreamConverter: java.lang.Object convert(java.lang.Object,org.springframework.core.convert.TypeDescriptor,org.springframework.core.convert.TypeDescriptor)>: 0 -> result(java.lang.Float) }
InferredTransfer{ <org.springframework.core.convert.support.ArrayToObjectConverter: java.lang.Object convert(java.lang.Object,org.springframework.core.convert.TypeDescriptor,org.springframework.core.convert.TypeDescriptor)>: 2 -> result(java.util.Optional) }
InferredTransfer{ <org.springframework.core.ResolvableType: void <init>(java.lang.reflect.Type,org.springframework.core.SerializableTypeWrapper$TypeProvider,org.springframework.core.ResolvableType$VariableResolver)>: 0 -> base(org.springframework.core.ResolvableType) }
InferredTransfer{ <org.springframework.core.convert.support.GenericConversionService: java.lang.Object convert(java.lang.Object,org.springframework.core.convert.TypeDescriptor,org.springframework.core.convert.TypeDescriptor)>: 0 -> result(sun.security.jca.ServiceId) }
InferredTransfer{ <org.springframework.core.convert.support.StringToArrayConverter: java.lang.Object convert(java.lang.Object,org.springframework.core.convert.TypeDescriptor,org.springframework.core.convert.TypeDescriptor)>: 0 -> result(java.util.TreeMap[]) }
InferredTransfer{ <org.springframework.core.convert.support.GenericConversionService: java.lang.Object convert(java.lang.Object,org.springframework.core.convert.TypeDescriptor,org.springframework.core.convert.TypeDescriptor)>: base -> result(sun.security.jca.ServiceId) }
InferredTransfer{ <org.springframework.core.convert.support.StreamConverter: java.lang.Object convert(java.lang.Object,org.springframework.core.convert.TypeDescriptor,org.springframework.core.convert.TypeDescriptor)>: base -> result(java.lang.Float) }
InferredTransfer{ <org.springframework.core.convert.support.StringToArrayConverter: java.lang.Object convert(java.lang.Object,org.springframework.core.convert.TypeDescriptor,org.springframework.core.convert.TypeDescriptor)>: 2 -> result(java.lang.AutoCloseable[]) }
InferredTransfer{ <org.springframework.core.convert.support.ByteBufferConverter: java.lang.Object convert(java.lang.Object,org.springframework.core.convert.TypeDescriptor,org.springframework.core.convert.TypeDescriptor)>: 0 -> result(java.util.Locale[]) }
InferredTransfer{ <org.springframework.core.convert.support.ByteBufferConverter: java.lang.Object convert(java.lang.Object,org.springframework.core.convert.TypeDescriptor,org.springframework.core.convert.TypeDescriptor)>: 0 -> result(long[][]) }
InferredTransfer{ <org.springframework.core.convert.support.StringToArrayConverter: java.lang.Object convert(java.lang.Object,org.springframework.core.convert.TypeDescriptor,org.springframework.core.convert.TypeDescriptor)>: base -> result(java.util.TreeMap[]) }
InferredTransfer{ <org.springframework.core.convert.support.StreamConverter: java.lang.Object convertFromStream(java.util.stream.Stream,org.springframework.core.convert.TypeDescriptor,org.springframework.core.convert.TypeDescriptor)>: 2 -> result(java.lang.Short) }
InferredTransfer{ <org.springframework.core.convert.support.GenericConversionService: java.lang.Object convert(java.lang.Object,org.springframework.core.convert.TypeDescriptor,org.springframework.core.convert.TypeDescriptor)>: 2 -> result(java.lang.Class) }
InferredTransfer{ <org.springframework.core.convert.support.ByteBufferConverter: java.lang.Object convertFromByteBuffer(java.nio.ByteBuffer,org.springframework.core.convert.TypeDescriptor)>: 1 -> result(org.springframework.core.convert.support.NumberToNumberConverterFactory[]) }
InferredTransfer{ <org.springframework.core.convert.support.StreamConverter: java.lang.Object convert(java.lang.Object,org.springframework.core.convert.TypeDescriptor,org.springframework.core.convert.TypeDescriptor)>: 2 -> result(sun.security.jca.ProviderConfig[]) }
InferredTransfer{ <org.springframework.core.convert.support.CollectionToCollectionConverter: java.lang.Object convert(java.lang.Object,org.springframework.core.convert.TypeDescriptor,org.springframework.core.convert.TypeDescriptor)>: 0 -> result(byte[]) }
InferredTransfer{ <org.springframework.core.convert.support.StringToArrayConverter: java.lang.Object convert(java.lang.Object,org.springframework.core.convert.TypeDescriptor,org.springframework.core.convert.TypeDescriptor)>: 1 -> result(java.lang.AutoCloseable[]) }
InferredTransfer{ <org.springframework.core.convert.support.ArrayToObjectConverter: java.lang.Object convert(java.lang.Object,org.springframework.core.convert.TypeDescriptor,org.springframework.core.convert.TypeDescriptor)>: 0 -> result(java.util.Optional) }
InferredTransfer{ <org.springframework.core.convert.support.StreamConverter: java.lang.Object convertFromStream(java.util.stream.Stream,org.springframework.core.convert.TypeDescriptor,org.springframework.core.convert.TypeDescriptor)>: 1 -> result(java.lang.Short) }
InferredTransfer{ <org.springframework.core.convert.support.GenericConversionService: java.lang.Object convert(java.lang.Object,org.springframework.core.convert.TypeDescriptor,org.springframework.core.convert.TypeDescriptor)>: 1 -> result(java.lang.Class) }
InferredTransfer{ <org.springframework.core.convert.support.ArrayToObjectConverter: java.lang.Object convert(java.lang.Object,org.springframework.core.convert.TypeDescriptor,org.springframework.core.convert.TypeDescriptor)>: base -> result(java.util.Optional) }
InferredTransfer{ <org.springframework.core.convert.support.StreamConverter: java.lang.Object convert(java.lang.Object,org.springframework.core.convert.TypeDescriptor,org.springframework.core.convert.TypeDescriptor)>: 1 -> result(sun.security.jca.ProviderConfig[]) }
InferredTransfer{ <org.springframework.core.convert.support.StringToArrayConverter: java.lang.Object convert(java.lang.Object,org.springframework.core.convert.TypeDescriptor,org.springframework.core.convert.TypeDescriptor)>: 0 -> result(java.lang.AutoCloseable[]) }
InferredTransfer{ <org.springframework.core.convert.support.ByteBufferConverter: java.lang.Object convertFromByteBuffer(java.nio.ByteBuffer,org.springframework.core.convert.TypeDescriptor)>: base -> result(org.springframework.core.convert.support.NumberToNumberConverterFactory[]) }
InferredTransfer{ <org.springframework.core.convert.support.MapToMapConverter: java.lang.Object convertValue(java.lang.Object,org.springframework.core.convert.TypeDescriptor,org.springframework.core.convert.TypeDescriptor)>: 2 -> result(org.springframework.core.convert.support.StringToPropertiesConverter[]) }
InferredTransfer{ <org.springframework.core.convert.support.GenericConversionService: java.lang.Object convert(java.lang.Object,org.springframework.core.convert.TypeDescriptor,org.springframework.core.convert.TypeDescriptor)>: 0 -> result(java.lang.Class) }
InferredTransfer{ <org.springframework.core.convert.support.StringToArrayConverter: java.lang.Object convert(java.lang.Object,org.springframework.core.convert.TypeDescriptor,org.springframework.core.convert.TypeDescriptor)>: base -> result(java.lang.AutoCloseable[]) }
InferredTransfer{ <org.springframework.core.convert.support.StreamConverter: java.lang.Object convert(java.lang.Object,org.springframework.core.convert.TypeDescriptor,org.springframework.core.convert.TypeDescriptor)>: 0 -> result(sun.security.jca.ProviderConfig[]) }
InferredTransfer{ <org.springframework.core.convert.support.MapToMapConverter: java.lang.Object convertValue(java.lang.Object,org.springframework.core.convert.TypeDescriptor,org.springframework.core.convert.TypeDescriptor)>: 1 -> result(org.springframework.core.convert.support.StringToPropertiesConverter[]) }
InferredTransfer{ <org.springframework.core.convert.support.StreamConverter: java.lang.Object convertFromStream(java.util.stream.Stream,org.springframework.core.convert.TypeDescriptor,org.springframework.core.convert.TypeDescriptor)>: base -> result(java.lang.Short) }
InferredTransfer{ <org.springframework.core.convert.support.GenericConversionService: java.lang.Object convert(java.lang.Object,org.springframework.core.convert.TypeDescriptor,org.springframework.core.convert.TypeDescriptor)>: base -> result(java.lang.Class) }
InferredTransfer{ <org.springframework.core.convert.support.CollectionToObjectConverter: java.lang.Object convert(java.lang.Object,org.springframework.core.convert.TypeDescriptor,org.springframework.core.convert.TypeDescriptor)>: 2 -> result(org.springframework.core.convert.support.ZoneIdToTimeZoneConverter[]) }
InferredTransfer{ <org.springframework.core.convert.support.StreamConverter: java.lang.Object convert(java.lang.Object,org.springframework.core.convert.TypeDescriptor,org.springframework.core.convert.TypeDescriptor)>: base -> result(sun.security.jca.ProviderConfig[]) }
InferredTransfer{ <org.springframework.core.convert.support.StringToArrayConverter: java.lang.Object convert(java.lang.Object,org.springframework.core.convert.TypeDescriptor,org.springframework.core.convert.TypeDescriptor)>: 0 -> result(java.util.Collection[]) }
InferredTransfer{ <org.springframework.core.convert.support.ObjectToArrayConverter: java.lang.Object convert(java.lang.Object,org.springframework.core.convert.TypeDescriptor,org.springframework.core.convert.TypeDescriptor)>: 0 -> result(double[][]) }
InferredTransfer{ <org.springframework.core.convert.support.CollectionToObjectConverter: java.lang.Object convert(java.lang.Object,org.springframework.core.convert.TypeDescriptor,org.springframework.core.convert.TypeDescriptor)>: 1 -> result(org.springframework.core.convert.support.ZoneIdToTimeZoneConverter[]) }
InferredTransfer{ <org.springframework.core.convert.support.MapToMapConverter: java.lang.Object convertValue(java.lang.Object,org.springframework.core.convert.TypeDescriptor,org.springframework.core.convert.TypeDescriptor)>: base -> result(org.springframework.core.convert.support.StringToPropertiesConverter[]) }
InferredTransfer{ <org.springframework.core.convert.support.GenericConversionService: java.lang.Object convert(java.lang.Object,org.springframework.core.convert.TypeDescriptor,org.springframework.core.convert.TypeDescriptor)>: 2 -> base(org.springframework.core.convert.support.DefaultConversionService) }
InferredTransfer{ <org.springframework.core.convert.support.CollectionToObjectConverter: java.lang.Object convert(java.lang.Object,org.springframework.core.convert.TypeDescriptor,org.springframework.core.convert.TypeDescriptor)>: 0 -> result(org.springframework.core.convert.support.ZoneIdToTimeZoneConverter[]) }
InferredTransfer{ <org.springframework.core.convert.support.GenericConversionService: java.lang.Object convert(java.lang.Object,org.springframework.core.convert.TypeDescriptor,org.springframework.core.convert.TypeDescriptor)>: 1 -> base(org.springframework.core.convert.support.DefaultConversionService) }
InferredTransfer{ <org.springframework.core.convert.support.CollectionToObjectConverter: java.lang.Object convert(java.lang.Object,org.springframework.core.convert.TypeDescriptor,org.springframework.core.convert.TypeDescriptor)>: base -> result(org.springframework.core.convert.support.ZoneIdToTimeZoneConverter[]) }
InferredTransfer{ <org.springframework.core.convert.support.GenericConversionService: java.lang.Object convert(java.lang.Object,org.springframework.core.convert.TypeDescriptor,org.springframework.core.convert.TypeDescriptor)>: 0 -> base(org.springframework.core.convert.support.DefaultConversionService) }
InferredTransfer{ <org.springframework.web.util.UrlPathHelper: java.lang.String getContextPath(javax.servlet.http.HttpServletRequest)>: 0 -> base(org.springframework.web.util.UrlPathHelper) }
InferredTransfer{ <org.springframework.core.SerializableTypeWrapper: java.lang.reflect.Type unwrap(java.lang.reflect.Type)>: 0 -> result(org.springframework.core.ResolvableType$SyntheticParameterizedType) }
InferredTransfer{ <org.springframework.core.convert.support.CollectionToObjectConverter: java.lang.Object convert(java.lang.Object,org.springframework.core.convert.TypeDescriptor,org.springframework.core.convert.TypeDescriptor)>: 0 -> result(java.lang.RuntimeException[]) }
InferredTransfer{ <org.springframework.core.convert.support.GenericConversionService: org.springframework.core.convert.converter.GenericConverter getConverter(org.springframework.core.convert.TypeDescriptor,org.springframework.core.convert.TypeDescriptor)>: 1 -> result(org.springframework.core.convert.support.MapToMapConverter) }
InferredTransfer{ <org.springframework.core.convert.support.GenericConversionService: org.springframework.core.convert.converter.GenericConverter getConverter(org.springframework.core.convert.TypeDescriptor,org.springframework.core.convert.TypeDescriptor)>: 0 -> result(org.springframework.core.convert.support.MapToMapConverter) }
InferredTransfer{ <org.springframework.core.convert.support.StringToArrayConverter: java.lang.Object convert(java.lang.Object,org.springframework.core.convert.TypeDescriptor,org.springframework.core.convert.TypeDescriptor)>: 0 -> result(java.lang.Comparable[]) }
InferredTransfer{ <org.springframework.core.convert.support.GenericConversionService: org.springframework.core.convert.converter.GenericConverter getConverter(org.springframework.core.convert.TypeDescriptor,org.springframework.core.convert.TypeDescriptor)>: base -> result(org.springframework.core.convert.support.MapToMapConverter) }
InferredTransfer{ <org.springframework.core.convert.support.ObjectToOptionalConverter: java.lang.Object convert(java.lang.Object,org.springframework.core.convert.TypeDescriptor,org.springframework.core.convert.TypeDescriptor)>: 2 -> base(org.springframework.core.convert.support.ObjectToOptionalConverter) }
InferredTransfer{ <org.springframework.core.convert.support.ObjectToArrayConverter: java.lang.Object convert(java.lang.Object,org.springframework.core.convert.TypeDescriptor,org.springframework.core.convert.TypeDescriptor)>: 0 -> result(sun.reflect.Reflection[]) }
InferredTransfer{ <org.springframework.core.convert.support.ObjectToOptionalConverter: java.lang.Object convert(java.lang.Object,org.springframework.core.convert.TypeDescriptor,org.springframework.core.convert.TypeDescriptor)>: 1 -> base(org.springframework.core.convert.support.ObjectToOptionalConverter) }
InferredTransfer{ <java.nio.charset.Charset: java.nio.charset.Charset forName(java.lang.String)>: 0 -> result(sun.nio.cs.US_ASCII) }
InferredTransfer{ <org.springframework.core.convert.support.ObjectToOptionalConverter: java.lang.Object convert(java.lang.Object,org.springframework.core.convert.TypeDescriptor,org.springframework.core.convert.TypeDescriptor)>: 0 -> base(org.springframework.core.convert.support.ObjectToOptionalConverter) }
InferredTransfer{ <org.springframework.core.convert.support.CollectionToArrayConverter: java.lang.Object convert(java.lang.Object,org.springframework.core.convert.TypeDescriptor,org.springframework.core.convert.TypeDescriptor)>: 0 -> result(java.io.Externalizable[]) }
InferredTransfer{ <org.springframework.core.convert.support.ArrayToArrayConverter: java.lang.Object convert(java.lang.Object,org.springframework.core.convert.TypeDescriptor,org.springframework.core.convert.TypeDescriptor)>: 0 -> result(java.io.Externalizable[]) }
InferredTransfer{ <org.springframework.core.convert.support.ArrayToObjectConverter: java.lang.Object convert(java.lang.Object,org.springframework.core.convert.TypeDescriptor,org.springframework.core.convert.TypeDescriptor)>: 2 -> result(org.springframework.core.convert.support.ZonedDateTimeToCalendarConverter[]) }
InferredTransfer{ <org.springframework.core.convert.support.ByteBufferConverter: java.lang.Object convert(java.lang.Object,org.springframework.core.convert.TypeDescriptor,org.springframework.core.convert.TypeDescriptor)>: 0 -> result(java.lang.Object[]) }
InferredTransfer{ <org.springframework.core.convert.support.ArrayToObjectConverter: java.lang.Object convert(java.lang.Object,org.springframework.core.convert.TypeDescriptor,org.springframework.core.convert.TypeDescriptor)>: 2 -> result(org.springframework.core.convert.support.CharacterToNumberFactory[]) }
InferredTransfer{ <org.springframework.core.convert.support.ArrayToObjectConverter: java.lang.Object convert(java.lang.Object,org.springframework.core.convert.TypeDescriptor,org.springframework.core.convert.TypeDescriptor)>: 1 -> result(org.springframework.core.convert.support.ZonedDateTimeToCalendarConverter[]) }
InferredTransfer{ <org.springframework.core.convert.support.ArrayToObjectConverter: java.lang.Object convert(java.lang.Object,org.springframework.core.convert.TypeDescriptor,org.springframework.core.convert.TypeDescriptor)>: 1 -> result(org.springframework.core.convert.support.CharacterToNumberFactory[]) }
InferredTransfer{ <org.springframework.core.convert.support.ArrayToObjectConverter: java.lang.Object convert(java.lang.Object,org.springframework.core.convert.TypeDescriptor,org.springframework.core.convert.TypeDescriptor)>: 0 -> result(org.springframework.core.convert.support.ZonedDateTimeToCalendarConverter[]) }
InferredTransfer{ <org.springframework.core.convert.support.GenericConversionService: java.lang.Object convert(java.lang.Object,org.springframework.core.convert.TypeDescriptor,org.springframework.core.convert.TypeDescriptor)>: 0 -> result(int[][]) }
InferredTransfer{ <java.lang.System: java.lang.String getenv(java.lang.String)>: 0 -> result(java.lang.String) }
InferredTransfer{ <org.springframework.core.convert.support.ArrayToObjectConverter: java.lang.Object convert(java.lang.Object,org.springframework.core.convert.TypeDescriptor,org.springframework.core.convert.TypeDescriptor)>: 0 -> result(org.springframework.core.convert.support.CharacterToNumberFactory[]) }
InferredTransfer{ <org.springframework.core.convert.support.ArrayToObjectConverter: java.lang.Object convert(java.lang.Object,org.springframework.core.convert.TypeDescriptor,org.springframework.core.convert.TypeDescriptor)>: base -> result(org.springframework.core.convert.support.ZonedDateTimeToCalendarConverter[]) }
InferredTransfer{ <org.springframework.core.convert.support.ByteBufferConverter: java.lang.Object convertFromByteBuffer(java.nio.ByteBuffer,org.springframework.core.convert.TypeDescriptor)>: 1 -> result(java.lang.Double) }
InferredTransfer{ <org.springframework.core.convert.support.StreamConverter: java.lang.Object convert(java.lang.Object,org.springframework.core.convert.TypeDescriptor,org.springframework.core.convert.TypeDescriptor)>: 2 -> result(java.lang.Boolean) }
InferredTransfer{ <org.springframework.core.convert.support.ArrayToObjectConverter: java.lang.Object convert(java.lang.Object,org.springframework.core.convert.TypeDescriptor,org.springframework.core.convert.TypeDescriptor)>: base -> result(org.springframework.core.convert.support.CharacterToNumberFactory[]) }
InferredTransfer{ <org.springframework.core.convert.support.StreamConverter: java.lang.Object convertFromStream(java.util.stream.Stream,org.springframework.core.convert.TypeDescriptor,org.springframework.core.convert.TypeDescriptor)>: 2 -> result(org.springframework.core.convert.support.StringToLocaleConverter[]) }
InferredTransfer{ <org.springframework.core.convert.support.ByteBufferConverter: java.lang.Object convertFromByteBuffer(java.nio.ByteBuffer,org.springframework.core.convert.TypeDescriptor)>: base -> result(java.lang.Double) }
InferredTransfer{ <org.springframework.util.NumberUtils: java.lang.Number parseNumber(java.lang.String,java.lang.Class)>: 1 -> result(java.lang.Double) }
InferredTransfer{ <org.springframework.core.convert.support.StreamConverter: java.lang.Object convertFromStream(java.util.stream.Stream,org.springframework.core.convert.TypeDescriptor,org.springframework.core.convert.TypeDescriptor)>: 1 -> result(org.springframework.core.convert.support.StringToLocaleConverter[]) }
InferredTransfer{ <org.springframework.core.convert.support.StreamConverter: java.lang.Object convert(java.lang.Object,org.springframework.core.convert.TypeDescriptor,org.springframework.core.convert.TypeDescriptor)>: 0 -> result(java.lang.Boolean) }
InferredTransfer{ <org.springframework.util.NumberUtils: java.lang.Number parseNumber(java.lang.String,java.lang.Class)>: 0 -> result(java.lang.Double) }
InferredTransfer{ <org.springframework.core.convert.support.StreamConverter: java.lang.Object convert(java.lang.Object,org.springframework.core.convert.TypeDescriptor,org.springframework.core.convert.TypeDescriptor)>: base -> result(java.lang.Boolean) }
InferredTransfer{ <org.springframework.core.convert.support.StreamConverter: java.lang.Object convert(java.lang.Object,org.springframework.core.convert.TypeDescriptor,org.springframework.core.convert.TypeDescriptor)>: 0 -> result(java.lang.Short[]) }
InferredTransfer{ <org.springframework.core.convert.support.ConversionUtils: java.lang.Object invokeConverter(org.springframework.core.convert.converter.GenericConverter,java.lang.Object,org.springframework.core.convert.TypeDescriptor,org.springframework.core.convert.TypeDescriptor)>: 3 -> result(org.springframework.core.convert.support.StringToCharsetConverter[]) }
InferredTransfer{ <org.springframework.core.convert.support.ByteBufferConverter: java.lang.Object convert(java.lang.Object,org.springframework.core.convert.TypeDescriptor,org.springframework.core.convert.TypeDescriptor)>: 2 -> result(org.springframework.core.convert.support.StringToPropertiesConverter[]) }
InferredTransfer{ <org.springframework.core.convert.support.StreamConverter: java.lang.Object convertFromStream(java.util.stream.Stream,org.springframework.core.convert.TypeDescriptor,org.springframework.core.convert.TypeDescriptor)>: base -> result(org.springframework.core.convert.support.StringToLocaleConverter[]) }
InferredTransfer{ <org.springframework.core.convert.support.ConversionUtils: java.lang.Object invokeConverter(org.springframework.core.convert.converter.GenericConverter,java.lang.Object,org.springframework.core.convert.TypeDescriptor,org.springframework.core.convert.TypeDescriptor)>: 2 -> result(org.springframework.core.convert.support.StringToCharsetConverter[]) }
InferredTransfer{ <org.springframework.core.convert.support.ByteBufferConverter: java.lang.Object convert(java.lang.Object,org.springframework.core.convert.TypeDescriptor,org.springframework.core.convert.TypeDescriptor)>: 1 -> result(org.springframework.core.convert.support.StringToPropertiesConverter[]) }
InferredTransfer{ <org.springframework.core.convert.TypeDescriptor: org.springframework.core.convert.TypeDescriptor getMapValueTypeDescriptor(java.lang.Object)>: base -> result(org.springframework.core.convert.TypeDescriptor) }
InferredTransfer{ <org.springframework.core.convert.support.ConversionUtils: java.lang.Object invokeConverter(org.springframework.core.convert.converter.GenericConverter,java.lang.Object,org.springframework.core.convert.TypeDescriptor,org.springframework.core.convert.TypeDescriptor)>: 1 -> result(org.springframework.core.convert.support.StringToCharsetConverter[]) }
InferredTransfer{ <org.springframework.core.convert.support.ByteBufferConverter: java.lang.Object convert(java.lang.Object,org.springframework.core.convert.TypeDescriptor,org.springframework.core.convert.TypeDescriptor)>: 0 -> result(org.springframework.core.convert.support.StringToPropertiesConverter[]) }
InferredTransfer{ <org.springframework.core.convert.support.ObjectToOptionalConverter: java.lang.Object convert(java.lang.Object,org.springframework.core.convert.TypeDescriptor,org.springframework.core.convert.TypeDescriptor)>: 2 -> result(sun.security.jca.ServiceId) }
InferredTransfer{ <org.springframework.core.convert.support.ConversionUtils: java.lang.Object invokeConverter(org.springframework.core.convert.converter.GenericConverter,java.lang.Object,org.springframework.core.convert.TypeDescriptor,org.springframework.core.convert.TypeDescriptor)>: 0 -> result(org.springframework.core.convert.support.StringToCharsetConverter[]) }
InferredTransfer{ <org.springframework.core.convert.support.ByteBufferConverter: java.lang.Object convert(java.lang.Object,org.springframework.core.convert.TypeDescriptor,org.springframework.core.convert.TypeDescriptor)>: base -> result(org.springframework.core.convert.support.StringToPropertiesConverter[]) }
InferredTransfer{ <org.springframework.core.convert.support.ObjectToOptionalConverter: java.lang.Object convert(java.lang.Object,org.springframework.core.convert.TypeDescriptor,org.springframework.core.convert.TypeDescriptor)>: 1 -> result(sun.security.jca.ServiceId) }
InferredTransfer{ <org.springframework.core.convert.support.ObjectToArrayConverter: java.lang.Object convert(java.lang.Object,org.springframework.core.convert.TypeDescriptor,org.springframework.core.convert.TypeDescriptor)>: 0 -> result(java.util.EnumMap[]) }
InferredTransfer{ <org.springframework.core.convert.support.ObjectToOptionalConverter: java.lang.Object convert(java.lang.Object,org.springframework.core.convert.TypeDescriptor,org.springframework.core.convert.TypeDescriptor)>: 0 -> result(sun.security.jca.ServiceId) }
InferredTransfer{ <org.springframework.core.convert.support.StringToEnumConverterFactory: org.springframework.core.convert.converter.Converter getConverter(java.lang.Class)>: 0 -> base(org.springframework.core.convert.support.StringToEnumConverterFactory) }
InferredTransfer{ <org.springframework.core.convert.support.ObjectToOptionalConverter: java.lang.Object convert(java.lang.Object,org.springframework.core.convert.TypeDescriptor,org.springframework.core.convert.TypeDescriptor)>: base -> result(sun.security.jca.ServiceId) }
InferredTransfer{ <org.springframework.core.convert.support.ConversionUtils: java.lang.Object invokeConverter(org.springframework.core.convert.converter.GenericConverter,java.lang.Object,org.springframework.core.convert.TypeDescriptor,org.springframework.core.convert.TypeDescriptor)>: 1 -> result(java.io.Closeable[]) }
InferredTransfer{ <org.springframework.core.convert.support.ObjectToArrayConverter: java.lang.Object convert(java.lang.Object,org.springframework.core.convert.TypeDescriptor,org.springframework.core.convert.TypeDescriptor)>: 0 -> result(java.lang.Boolean[]) }
InferredTransfer{ <org.springframework.core.convert.support.GenericConversionService: java.lang.Object convert(java.lang.Object,org.springframework.core.convert.TypeDescriptor,org.springframework.core.convert.TypeDescriptor)>: 0 -> result(long[][]) }
InferredTransfer{ <org.springframework.core.convert.support.StringToArrayConverter: java.lang.Object convert(java.lang.Object,org.springframework.core.convert.TypeDescriptor,org.springframework.core.convert.TypeDescriptor)>: 2 -> result(java.util.LinkedHashMap[]) }
InferredTransfer{ <org.springframework.util.PropertyPlaceholderHelper: int findPlaceholderEndIndex(java.lang.CharSequence,int)>: 0 -> base(org.springframework.util.PropertyPlaceholderHelper) }
InferredTransfer{ <org.springframework.core.convert.support.StreamConverter: java.lang.Object convertFromStream(java.util.stream.Stream,org.springframework.core.convert.TypeDescriptor,org.springframework.core.convert.TypeDescriptor)>: 2 -> result(java.lang.Float) }
InferredTransfer{ <org.springframework.core.convert.support.StringToArrayConverter: java.lang.Object convert(java.lang.Object,org.springframework.core.convert.TypeDescriptor,org.springframework.core.convert.TypeDescriptor)>: 1 -> result(java.util.LinkedHashMap[]) }
InferredTransfer{ <org.springframework.core.ResolvableType: java.lang.reflect.Type getType()>: base -> result(sun.reflect.generics.reflectiveObjects.TypeVariableImpl) }
InferredTransfer{ <org.springframework.core.convert.support.StreamConverter: java.lang.Object convertFromStream(java.util.stream.Stream,org.springframework.core.convert.TypeDescriptor,org.springframework.core.convert.TypeDescriptor)>: 1 -> result(java.lang.Float) }
InferredTransfer{ <org.springframework.core.convert.support.StringToArrayConverter: java.lang.Object convert(java.lang.Object,org.springframework.core.convert.TypeDescriptor,org.springframework.core.convert.TypeDescriptor)>: 0 -> result(java.util.LinkedHashMap[]) }
InferredTransfer{ <org.springframework.core.convert.support.GenericConversionService: java.lang.Object convert(java.lang.Object,org.springframework.core.convert.TypeDescriptor,org.springframework.core.convert.TypeDescriptor)>: 2 -> result(org.springframework.core.convert.support.StringToTimeZoneConverter[]) }
InferredTransfer{ <org.springframework.core.convert.support.CollectionToCollectionConverter: java.lang.Object convert(java.lang.Object,org.springframework.core.convert.TypeDescriptor,org.springframework.core.convert.TypeDescriptor)>: 2 -> result(java.lang.Class) }
InferredTransfer{ <org.springframework.core.convert.support.StringToArrayConverter: java.lang.Object convert(java.lang.Object,org.springframework.core.convert.TypeDescriptor,org.springframework.core.convert.TypeDescriptor)>: base -> result(java.util.LinkedHashMap[]) }
InferredTransfer{ <org.springframework.core.convert.support.GenericConversionService: java.lang.Object convert(java.lang.Object,org.springframework.core.convert.TypeDescriptor,org.springframework.core.convert.TypeDescriptor)>: 1 -> result(org.springframework.core.convert.support.StringToTimeZoneConverter[]) }
InferredTransfer{ <org.springframework.core.convert.support.CollectionToCollectionConverter: java.lang.Object convert(java.lang.Object,org.springframework.core.convert.TypeDescriptor,org.springframework.core.convert.TypeDescriptor)>: 1 -> result(java.lang.Class) }
InferredTransfer{ <org.springframework.core.convert.support.StreamConverter: java.lang.Object convertFromStream(java.util.stream.Stream,org.springframework.core.convert.TypeDescriptor,org.springframework.core.convert.TypeDescriptor)>: base -> result(java.lang.Float) }
InferredTransfer{ <org.springframework.core.convert.support.GenericConversionService: java.lang.Object convert(java.lang.Object,org.springframework.core.convert.TypeDescriptor,org.springframework.core.convert.TypeDescriptor)>: 0 -> result(org.springframework.core.convert.support.StringToTimeZoneConverter[]) }
InferredTransfer{ <org.springframework.core.convert.support.CollectionToCollectionConverter: java.lang.Object convert(java.lang.Object,org.springframework.core.convert.TypeDescriptor,org.springframework.core.convert.TypeDescriptor)>: 0 -> result(java.lang.Class) }
InferredTransfer{ <org.springframework.core.convert.support.StringToLocaleConverter: java.lang.Object convert(java.lang.Object)>: 0 -> result(java.util.Locale) }
InferredTransfer{ <org.springframework.core.convert.support.GenericConversionService: java.lang.Object convert(java.lang.Object,org.springframework.core.convert.TypeDescriptor,org.springframework.core.convert.TypeDescriptor)>: base -> result(org.springframework.core.convert.support.StringToTimeZoneConverter[]) }
InferredTransfer{ <org.springframework.core.convert.support.CollectionToCollectionConverter: java.lang.Object convert(java.lang.Object,org.springframework.core.convert.TypeDescriptor,org.springframework.core.convert.TypeDescriptor)>: base -> result(java.lang.Class) }
InferredTransfer{ <org.springframework.core.convert.support.StringToLocaleConverter: java.lang.Object convert(java.lang.Object)>: base -> result(java.util.Locale) }
InferredTransfer{ <org.springframework.core.ResolvableType: java.lang.reflect.Type getType()>: base -> result(java.lang.Class) }
InferredTransfer{ <org.springframework.core.convert.support.CollectionToArrayConverter: java.lang.Object convert(java.lang.Object,org.springframework.core.convert.TypeDescriptor,org.springframework.core.convert.TypeDescriptor)>: 2 -> result(org.springframework.core.convert.support.StringToNumberConverterFactory[]) }
InferredTransfer{ <org.springframework.core.ResolvableType: org.springframework.core.ResolvableType forType(java.lang.reflect.Type,org.springframework.core.ResolvableType)>: 1 -> result(org.springframework.core.ResolvableType) }
InferredTransfer{ <org.springframework.core.convert.support.ArrayToArrayConverter: java.lang.Object convert(java.lang.Object,org.springframework.core.convert.TypeDescriptor,org.springframework.core.convert.TypeDescriptor)>: 2 -> result(org.springframework.core.convert.support.StringToNumberConverterFactory[]) }
InferredTransfer{ <org.springframework.core.convert.support.ObjectToArrayConverter: java.lang.Object convert(java.lang.Object,org.springframework.core.convert.TypeDescriptor,org.springframework.core.convert.TypeDescriptor)>: 0 -> result(java.lang.Character[]) }
InferredTransfer{ <org.springframework.core.convert.support.CollectionToArrayConverter: java.lang.Object convert(java.lang.Object,org.springframework.core.convert.TypeDescriptor,org.springframework.core.convert.TypeDescriptor)>: 1 -> result(org.springframework.core.convert.support.StringToNumberConverterFactory[]) }
InferredTransfer{ <org.springframework.core.ResolvableType: org.springframework.core.ResolvableType forType(java.lang.reflect.Type,org.springframework.core.ResolvableType)>: 0 -> result(org.springframework.core.ResolvableType) }
InferredTransfer{ <org.springframework.core.convert.support.ArrayToArrayConverter: java.lang.Object convert(java.lang.Object,org.springframework.core.convert.TypeDescriptor,org.springframework.core.convert.TypeDescriptor)>: 1 -> result(org.springframework.core.convert.support.StringToNumberConverterFactory[]) }
InferredTransfer{ <org.springframework.core.convert.support.ConversionUtils: java.lang.Object invokeConverter(org.springframework.core.convert.converter.GenericConverter,java.lang.Object,org.springframework.core.convert.TypeDescriptor,org.springframework.core.convert.TypeDescriptor)>: 1 -> result(java.lang.Class[]) }
InferredTransfer{ <org.springframework.core.convert.support.MapToMapConverter: java.lang.Object convertValue(java.lang.Object,org.springframework.core.convert.TypeDescriptor,org.springframework.core.convert.TypeDescriptor)>: 2 -> result(org.springframework.core.convert.support.NumberToNumberConverterFactory[]) }
InferredTransfer{ <org.springframework.core.convert.support.CollectionToArrayConverter: java.lang.Object convert(java.lang.Object,org.springframework.core.convert.TypeDescriptor,org.springframework.core.convert.TypeDescriptor)>: 0 -> result(org.springframework.core.convert.support.StringToNumberConverterFactory[]) }
InferredTransfer{ <org.springframework.core.convert.support.ArrayToArrayConverter: java.lang.Object convert(java.lang.Object,org.springframework.core.convert.TypeDescriptor,org.springframework.core.convert.TypeDescriptor)>: 0 -> result(org.springframework.core.convert.support.StringToNumberConverterFactory[]) }
InferredTransfer{ <org.springframework.core.convert.support.MapToMapConverter: java.lang.Object convertValue(java.lang.Object,org.springframework.core.convert.TypeDescriptor,org.springframework.core.convert.TypeDescriptor)>: 1 -> result(org.springframework.core.convert.support.NumberToNumberConverterFactory[]) }
InferredTransfer{ <org.springframework.core.convert.support.StreamConverter: java.lang.Object convert(java.lang.Object,org.springframework.core.convert.TypeDescriptor,org.springframework.core.convert.TypeDescriptor)>: 0 -> result(byte[]) }
InferredTransfer{ <org.springframework.core.convert.support.CollectionToArrayConverter: java.lang.Object convert(java.lang.Object,org.springframework.core.convert.TypeDescriptor,org.springframework.core.convert.TypeDescriptor)>: base -> result(org.springframework.core.convert.support.StringToNumberConverterFactory[]) }
InferredTransfer{ <org.springframework.core.convert.support.ArrayToArrayConverter: java.lang.Object convert(java.lang.Object,org.springframework.core.convert.TypeDescriptor,org.springframework.core.convert.TypeDescriptor)>: base -> result(org.springframework.core.convert.support.StringToNumberConverterFactory[]) }
InferredTransfer{ <org.springframework.core.convert.support.GenericConversionService: java.lang.Object convert(java.lang.Object,org.springframework.core.convert.TypeDescriptor,org.springframework.core.convert.TypeDescriptor)>: 2 -> result(sun.security.jca.ServiceId[]) }
InferredTransfer{ <org.springframework.core.convert.support.ArrayToObjectConverter: java.lang.Object convert(java.lang.Object,org.springframework.core.convert.TypeDescriptor,org.springframework.core.convert.TypeDescriptor)>: 2 -> result(java.math.BigDecimal) }
InferredTransfer{ <org.springframework.core.convert.support.ArrayToArrayConverter: java.lang.Object convert(java.lang.Object,org.springframework.core.convert.TypeDescriptor,org.springframework.core.convert.TypeDescriptor)>: 2 -> result(java.util.TreeMap[]) }
InferredTransfer{ <org.springframework.core.convert.support.MapToMapConverter: java.lang.Object convertValue(java.lang.Object,org.springframework.core.convert.TypeDescriptor,org.springframework.core.convert.TypeDescriptor)>: base -> result(org.springframework.core.convert.support.NumberToNumberConverterFactory[]) }
InferredTransfer{ <org.springframework.core.convert.support.GenericConversionService: java.lang.Object convert(java.lang.Object,org.springframework.core.convert.TypeDescriptor,org.springframework.core.convert.TypeDescriptor)>: 1 -> result(sun.security.jca.ServiceId[]) }
InferredTransfer{ <org.springframework.core.convert.support.ArrayToArrayConverter: java.lang.Object convert(java.lang.Object,org.springframework.core.convert.TypeDescriptor,org.springframework.core.convert.TypeDescriptor)>: 1 -> result(java.util.TreeMap[]) }
InferredTransfer{ <org.springframework.core.convert.support.GenericConversionService: java.lang.Object convert(java.lang.Object,org.springframework.core.convert.TypeDescriptor,org.springframework.core.convert.TypeDescriptor)>: 0 -> result(sun.security.jca.ServiceId[]) }
InferredTransfer{ <org.springframework.core.convert.support.ArrayToObjectConverter: java.lang.Object convert(java.lang.Object,org.springframework.core.convert.TypeDescriptor,org.springframework.core.convert.TypeDescriptor)>: 0 -> result(java.math.BigDecimal) }
InferredTransfer{ <org.springframework.core.convert.support.StreamConverter: java.lang.Object convert(java.lang.Object,org.springframework.core.convert.TypeDescriptor,org.springframework.core.convert.TypeDescriptor)>: 2 -> result(org.springframework.core.convert.support.EnumToStringConverter[]) }
InferredTransfer{ <org.springframework.core.convert.support.ArrayToArrayConverter: java.lang.Object convert(java.lang.Object,org.springframework.core.convert.TypeDescriptor,org.springframework.core.convert.TypeDescriptor)>: 0 -> result(java.util.TreeMap[]) }
InferredTransfer{ <org.springframework.core.convert.support.GenericConversionService: java.lang.Object convert(java.lang.Object,org.springframework.core.convert.TypeDescriptor,org.springframework.core.convert.TypeDescriptor)>: base -> result(sun.security.jca.ServiceId[]) }
InferredTransfer{ <org.springframework.core.convert.support.ArrayToObjectConverter: java.lang.Object convert(java.lang.Object,org.springframework.core.convert.TypeDescriptor,org.springframework.core.convert.TypeDescriptor)>: base -> result(java.math.BigDecimal) }
InferredTransfer{ <org.springframework.core.convert.support.ArrayToArrayConverter: java.lang.Object convert(java.lang.Object,org.springframework.core.convert.TypeDescriptor,org.springframework.core.convert.TypeDescriptor)>: 2 -> result(java.lang.AutoCloseable[]) }
InferredTransfer{ <org.springframework.core.convert.support.ArrayToObjectConverter: java.lang.Object convert(java.lang.Object,org.springframework.core.convert.TypeDescriptor,org.springframework.core.convert.TypeDescriptor)>: 0 -> result(java.lang.Cloneable[]) }
InferredTransfer{ <org.springframework.core.convert.support.StreamConverter: java.lang.Object convert(java.lang.Object,org.springframework.core.convert.TypeDescriptor,org.springframework.core.convert.TypeDescriptor)>: 1 -> result(org.springframework.core.convert.support.EnumToStringConverter[]) }
InferredTransfer{ <org.springframework.core.convert.support.ArrayToArrayConverter: java.lang.Object convert(java.lang.Object,org.springframework.core.convert.TypeDescriptor,org.springframework.core.convert.TypeDescriptor)>: base -> result(java.util.TreeMap[]) }
InferredTransfer{ <org.springframework.core.convert.support.ArrayToArrayConverter: java.lang.Object convert(java.lang.Object,org.springframework.core.convert.TypeDescriptor,org.springframework.core.convert.TypeDescriptor)>: 1 -> result(java.lang.AutoCloseable[]) }
InferredTransfer{ <org.springframework.core.convert.support.StreamConverter: java.lang.Object convert(java.lang.Object,org.springframework.core.convert.TypeDescriptor,org.springframework.core.convert.TypeDescriptor)>: 0 -> result(org.springframework.core.convert.support.EnumToStringConverter[]) }
InferredTransfer{ <org.springframework.core.convert.support.ArrayToArrayConverter: java.lang.Object convert(java.lang.Object,org.springframework.core.convert.TypeDescriptor,org.springframework.core.convert.TypeDescriptor)>: 0 -> result(java.lang.AutoCloseable[]) }
InferredTransfer{ <java.util.regex.Pattern: java.util.regex.Matcher matcher(java.lang.CharSequence)>: 0 -> result(java.util.regex.Matcher) }
InferredTransfer{ <org.springframework.core.convert.support.StreamConverter: java.lang.Object convert(java.lang.Object,org.springframework.core.convert.TypeDescriptor,org.springframework.core.convert.TypeDescriptor)>: base -> result(org.springframework.core.convert.support.EnumToStringConverter[]) }
InferredTransfer{ <org.springframework.core.convert.support.CollectionToArrayConverter: java.lang.Object convert(java.lang.Object,org.springframework.core.convert.TypeDescriptor,org.springframework.core.convert.TypeDescriptor)>: 2 -> result(java.util.SortedMap[]) }
InferredTransfer{ <org.springframework.core.convert.support.ArrayToArrayConverter: java.lang.Object convert(java.lang.Object,org.springframework.core.convert.TypeDescriptor,org.springframework.core.convert.TypeDescriptor)>: 2 -> result(java.util.SortedMap[]) }
InferredTransfer{ <org.springframework.core.convert.support.ArrayToArrayConverter: java.lang.Object convert(java.lang.Object,org.springframework.core.convert.TypeDescriptor,org.springframework.core.convert.TypeDescriptor)>: base -> result(java.lang.AutoCloseable[]) }
InferredTransfer{ <java.util.regex.Pattern: java.util.regex.Matcher matcher(java.lang.CharSequence)>: base -> result(java.util.regex.Matcher) }
InferredTransfer{ <org.springframework.core.env.MapPropertySource: java.lang.Object getProperty(java.lang.String)>: 0 -> base(org.springframework.core.env.SystemEnvironmentPropertySource) }
InferredTransfer{ <java.lang.StringBuilder: java.lang.StringBuilder append(char)>: 0 -> base(java.lang.StringBuilder) }
InferredTransfer{ <org.springframework.core.convert.support.StringToArrayConverter: java.lang.Object convert(java.lang.Object,org.springframework.core.convert.TypeDescriptor,org.springframework.core.convert.TypeDescriptor)>: 2 -> result(org.springframework.core.convert.support.NumberToCharacterConverter[]) }
InferredTransfer{ <org.springframework.core.convert.support.StringToArrayConverter: java.lang.Object convert(java.lang.Object,org.springframework.core.convert.TypeDescriptor,org.springframework.core.convert.TypeDescriptor)>: 2 -> result(java.util.SortedSet[]) }
InferredTransfer{ <org.springframework.core.convert.support.CollectionToArrayConverter: java.lang.Object convert(java.lang.Object,org.springframework.core.convert.TypeDescriptor,org.springframework.core.convert.TypeDescriptor)>: 0 -> result(java.util.SortedMap[]) }
InferredTransfer{ <org.springframework.core.convert.support.GenericConversionService: java.lang.Object convert(java.lang.Object,org.springframework.core.convert.TypeDescriptor,org.springframework.core.convert.TypeDescriptor)>: 0 -> result(java.nio.ByteBuffer[]) }
InferredTransfer{ <org.springframework.core.convert.support.GenericConversionService: java.lang.Object convert(java.lang.Object,org.springframework.core.convert.TypeDescriptor,org.springframework.core.convert.TypeDescriptor)>: 0 -> result(java.lang.Object[]) }
InferredTransfer{ <org.springframework.core.convert.support.ArrayToArrayConverter: java.lang.Object convert(java.lang.Object,org.springframework.core.convert.TypeDescriptor,org.springframework.core.convert.TypeDescriptor)>: 0 -> result(java.util.SortedMap[]) }
InferredTransfer{ <org.springframework.core.convert.support.StringToArrayConverter: java.lang.Object convert(java.lang.Object,org.springframework.core.convert.TypeDescriptor,org.springframework.core.convert.TypeDescriptor)>: 1 -> result(org.springframework.core.convert.support.NumberToCharacterConverter[]) }
InferredTransfer{ <org.springframework.core.convert.support.CollectionToArrayConverter: java.lang.Object convert(java.lang.Object,org.springframework.core.convert.TypeDescriptor,org.springframework.core.convert.TypeDescriptor)>: base -> result(java.util.SortedMap[]) }
InferredTransfer{ <org.springframework.core.convert.support.ArrayToArrayConverter: java.lang.Object convert(java.lang.Object,org.springframework.core.convert.TypeDescriptor,org.springframework.core.convert.TypeDescriptor)>: base -> result(java.util.SortedMap[]) }
InferredTransfer{ <org.springframework.core.convert.support.StringToArrayConverter: java.lang.Object convert(java.lang.Object,org.springframework.core.convert.TypeDescriptor,org.springframework.core.convert.TypeDescriptor)>: 0 -> result(java.util.SortedSet[]) }
InferredTransfer{ <org.springframework.core.convert.support.StringToArrayConverter: java.lang.Object convert(java.lang.Object,org.springframework.core.convert.TypeDescriptor,org.springframework.core.convert.TypeDescriptor)>: 0 -> result(org.springframework.core.convert.support.NumberToCharacterConverter[]) }
InferredTransfer{ <org.springframework.core.convert.support.StringToArrayConverter: java.lang.Object convert(java.lang.Object,org.springframework.core.convert.TypeDescriptor,org.springframework.core.convert.TypeDescriptor)>: base -> result(java.util.SortedSet[]) }
InferredTransfer{ <org.springframework.core.convert.support.StringToArrayConverter: java.lang.Object convert(java.lang.Object,org.springframework.core.convert.TypeDescriptor,org.springframework.core.convert.TypeDescriptor)>: base -> result(org.springframework.core.convert.support.NumberToCharacterConverter[]) }
InferredTransfer{ <org.springframework.core.convert.support.CollectionToArrayConverter: java.lang.Object convert(java.lang.Object,org.springframework.core.convert.TypeDescriptor,org.springframework.core.convert.TypeDescriptor)>: 0 -> result(java.util.EnumSet[]) }
InferredTransfer{ <org.springframework.core.convert.support.ArrayToArrayConverter: java.lang.Object convert(java.lang.Object,org.springframework.core.convert.TypeDescriptor,org.springframework.core.convert.TypeDescriptor)>: 0 -> result(java.util.EnumSet[]) }
InferredTransfer{ <org.springframework.core.convert.support.ArrayToObjectConverter: java.lang.Object convert(java.lang.Object,org.springframework.core.convert.TypeDescriptor,org.springframework.core.convert.TypeDescriptor)>: 0 -> result(java.util.Currency[]) }
InferredTransfer{ <org.springframework.core.convert.support.StreamConverter: java.lang.Object convertFromStream(java.util.stream.Stream,org.springframework.core.convert.TypeDescriptor,org.springframework.core.convert.TypeDescriptor)>: 2 -> result(org.springframework.core.convert.support.StringToCurrencyConverter[]) }
InferredTransfer{ <org.springframework.core.convert.support.EnumToIntegerConverter: java.lang.Integer convert(java.lang.Enum)>: base -> result(java.lang.Integer) }
InferredTransfer{ <java.util.StringTokenizer: java.lang.String nextToken()>: base -> result(java.lang.String) }
InferredTransfer{ <java.lang.Short: java.lang.Short valueOf(java.lang.String)>: 0 -> result(java.lang.Short) }
InferredTransfer{ <org.springframework.core.convert.support.ByteBufferConverter: java.lang.Object convertFromByteBuffer(java.nio.ByteBuffer,org.springframework.core.convert.TypeDescriptor)>: 1 -> result(org.springframework.core.convert.support.StringToCharsetConverter[]) }
InferredTransfer{ <org.springframework.core.convert.support.StreamConverter: java.lang.Object convertFromStream(java.util.stream.Stream,org.springframework.core.convert.TypeDescriptor,org.springframework.core.convert.TypeDescriptor)>: 1 -> result(org.springframework.core.convert.support.StringToCurrencyConverter[]) }
InferredTransfer{ <org.springframework.core.convert.support.CollectionToObjectConverter: java.lang.Object convert(java.lang.Object,org.springframework.core.convert.TypeDescriptor,org.springframework.core.convert.TypeDescriptor)>: 0 -> result(short[][]) }
InferredTransfer{ <org.springframework.web.util.UrlPathHelper: java.lang.String decodeAndCleanUriString(javax.servlet.http.HttpServletRequest,java.lang.String)>: 1 -> result(java.lang.String) }
InferredTransfer{ <org.springframework.core.convert.support.GenericConversionService: java.lang.Object convert(java.lang.Object,org.springframework.core.convert.TypeDescriptor,org.springframework.core.convert.TypeDescriptor)>: 0 -> result(float[][]) }
InferredTransfer{ <org.springframework.core.convert.support.ByteBufferConverter: java.lang.Object convertFromByteBuffer(java.nio.ByteBuffer,org.springframework.core.convert.TypeDescriptor)>: base -> result(org.springframework.core.convert.support.StringToCharsetConverter[]) }
InferredTransfer{ <org.springframework.core.convert.support.StreamConverter: java.lang.Object convertFromStream(java.util.stream.Stream,org.springframework.core.convert.TypeDescriptor,org.springframework.core.convert.TypeDescriptor)>: base -> result(org.springframework.core.convert.support.StringToCurrencyConverter[]) }
InferredTransfer{ <org.springframework.core.convert.support.StreamConverter: java.lang.Object convertFromStream(java.util.stream.Stream,org.springframework.core.convert.TypeDescriptor,org.springframework.core.convert.TypeDescriptor)>: 2 -> result(java.lang.Boolean) }
InferredTransfer{ <org.springframework.web.util.UrlPathHelper: java.lang.String decodeAndCleanUriString(javax.servlet.http.HttpServletRequest,java.lang.String)>: 0 -> result(java.lang.String) }
InferredTransfer{ <org.springframework.core.convert.support.MapToMapConverter: java.lang.Object convert(java.lang.Object,org.springframework.core.convert.TypeDescriptor,org.springframework.core.convert.TypeDescriptor)>: 2 -> base(org.springframework.core.convert.support.MapToMapConverter) }
InferredTransfer{ <org.springframework.core.convert.support.ConversionUtils: java.lang.Object invokeConverter(org.springframework.core.convert.converter.GenericConverter,java.lang.Object,org.springframework.core.convert.TypeDescriptor,org.springframework.core.convert.TypeDescriptor)>: 3 -> result(java.util.UUID[]) }
InferredTransfer{ <org.springframework.web.util.UrlPathHelper: java.lang.String decodeAndCleanUriString(javax.servlet.http.HttpServletRequest,java.lang.String)>: base -> result(java.lang.String) }
InferredTransfer{ <org.springframework.core.convert.support.GenericConversionService: java.lang.Object convert(java.lang.Object,org.springframework.core.convert.TypeDescriptor,org.springframework.core.convert.TypeDescriptor)>: 0 -> result(sun.misc.Unsafe[]) }
InferredTransfer{ <org.springframework.core.convert.support.MapToMapConverter: java.lang.Object convert(java.lang.Object,org.springframework.core.convert.TypeDescriptor,org.springframework.core.convert.TypeDescriptor)>: 1 -> base(org.springframework.core.convert.support.MapToMapConverter) }
InferredTransfer{ <org.springframework.core.convert.support.ConversionUtils: java.lang.Object invokeConverter(org.springframework.core.convert.converter.GenericConverter,java.lang.Object,org.springframework.core.convert.TypeDescriptor,org.springframework.core.convert.TypeDescriptor)>: 2 -> result(java.util.UUID[]) }
InferredTransfer{ <org.springframework.core.convert.support.MapToMapConverter: java.lang.Object convert(java.lang.Object,org.springframework.core.convert.TypeDescriptor,org.springframework.core.convert.TypeDescriptor)>: 0 -> base(org.springframework.core.convert.support.MapToMapConverter) }
InferredTransfer{ <org.springframework.core.convert.support.ConversionUtils: java.lang.Object invokeConverter(org.springframework.core.convert.converter.GenericConverter,java.lang.Object,org.springframework.core.convert.TypeDescriptor,org.springframework.core.convert.TypeDescriptor)>: 1 -> result(java.util.UUID[]) }
InferredTransfer{ <org.springframework.core.convert.support.ConversionUtils: java.lang.Object invokeConverter(org.springframework.core.convert.converter.GenericConverter,java.lang.Object,org.springframework.core.convert.TypeDescriptor,org.springframework.core.convert.TypeDescriptor)>: 0 -> result(java.util.UUID[]) }
InferredTransfer{ <org.springframework.core.convert.support.MapToMapConverter: java.lang.Object convertValue(java.lang.Object,org.springframework.core.convert.TypeDescriptor,org.springframework.core.convert.TypeDescriptor)>: 2 -> result(java.lang.Double) }
InferredTransfer{ <org.springframework.core.convert.support.MapToMapConverter: java.lang.Object convertValue(java.lang.Object,org.springframework.core.convert.TypeDescriptor,org.springframework.core.convert.TypeDescriptor)>: 1 -> result(java.lang.Double) }
InferredTransfer{ <org.springframework.core.convert.support.CollectionToArrayConverter: java.lang.Object convert(java.lang.Object,org.springframework.core.convert.TypeDescriptor,org.springframework.core.convert.TypeDescriptor)>: 0 -> result(java.lang.Number[]) }
InferredTransfer{ <org.springframework.core.convert.support.StringToArrayConverter: java.lang.Object convert(java.lang.Object,org.springframework.core.convert.TypeDescriptor,org.springframework.core.convert.TypeDescriptor)>: 0 -> result(java.lang.Integer[]) }
InferredTransfer{ <org.springframework.core.convert.support.ByteBufferConverter: java.lang.Object convert(java.lang.Object,org.springframework.core.convert.TypeDescriptor,org.springframework.core.convert.TypeDescriptor)>: 2 -> result(org.springframework.core.convert.support.NumberToNumberConverterFactory[]) }
InferredTransfer{ <java.lang.String: java.lang.String substring(int,int)>: base -> result(java.lang.String) }
InferredTransfer{ <org.springframework.core.convert.support.MapToMapConverter: java.lang.Object convertValue(java.lang.Object,org.springframework.core.convert.TypeDescriptor,org.springframework.core.convert.TypeDescriptor)>: base -> result(java.lang.Double) }
InferredTransfer{ <org.springframework.core.convert.support.ByteBufferConverter: java.lang.Object convert(java.lang.Object,org.springframework.core.convert.TypeDescriptor,org.springframework.core.convert.TypeDescriptor)>: 1 -> result(org.springframework.core.convert.support.NumberToNumberConverterFactory[]) }
InferredTransfer{ <org.springframework.core.convert.support.ConversionUtils: java.lang.Object invokeConverter(org.springframework.core.convert.converter.GenericConverter,java.lang.Object,org.springframework.core.convert.TypeDescriptor,org.springframework.core.convert.TypeDescriptor)>: 3 -> result(org.springframework.core.convert.support.ZonedDateTimeToCalendarConverter[]) }
InferredTransfer{ <org.springframework.core.convert.support.ByteBufferConverter: java.lang.Object convert(java.lang.Object,org.springframework.core.convert.TypeDescriptor,org.springframework.core.convert.TypeDescriptor)>: 0 -> result(org.springframework.core.convert.support.NumberToNumberConverterFactory[]) }
InferredTransfer{ <org.springframework.core.convert.support.ConversionUtils: java.lang.Object invokeConverter(org.springframework.core.convert.converter.GenericConverter,java.lang.Object,org.springframework.core.convert.TypeDescriptor,org.springframework.core.convert.TypeDescriptor)>: 3 -> result(org.springframework.core.convert.support.CharacterToNumberFactory[]) }
InferredTransfer{ <org.springframework.core.convert.support.ByteBufferConverter: java.lang.Object convert(java.lang.Object,org.springframework.core.convert.TypeDescriptor,org.springframework.core.convert.TypeDescriptor)>: base -> result(org.springframework.core.convert.support.NumberToNumberConverterFactory[]) }
InferredTransfer{ <org.springframework.core.convert.support.ConversionUtils: java.lang.Object invokeConverter(org.springframework.core.convert.converter.GenericConverter,java.lang.Object,org.springframework.core.convert.TypeDescriptor,org.springframework.core.convert.TypeDescriptor)>: 2 -> result(org.springframework.core.convert.support.ZonedDateTimeToCalendarConverter[]) }
InferredTransfer{ <org.springframework.core.convert.support.ConversionUtils: java.lang.Object invokeConverter(org.springframework.core.convert.converter.GenericConverter,java.lang.Object,org.springframework.core.convert.TypeDescriptor,org.springframework.core.convert.TypeDescriptor)>: 2 -> result(org.springframework.core.convert.support.CharacterToNumberFactory[]) }
InferredTransfer{ <org.springframework.core.convert.support.ConversionUtils: java.lang.Object invokeConverter(org.springframework.core.convert.converter.GenericConverter,java.lang.Object,org.springframework.core.convert.TypeDescriptor,org.springframework.core.convert.TypeDescriptor)>: 1 -> result(org.springframework.core.convert.support.ZonedDateTimeToCalendarConverter[]) }
InferredTransfer{ <org.springframework.core.convert.support.ConversionUtils: java.lang.Object invokeConverter(org.springframework.core.convert.converter.GenericConverter,java.lang.Object,org.springframework.core.convert.TypeDescriptor,org.springframework.core.convert.TypeDescriptor)>: 1 -> result(org.springframework.core.convert.support.CharacterToNumberFactory[]) }
InferredTransfer{ <org.springframework.core.convert.support.ConversionUtils: java.lang.Object invokeConverter(org.springframework.core.convert.converter.GenericConverter,java.lang.Object,org.springframework.core.convert.TypeDescriptor,org.springframework.core.convert.TypeDescriptor)>: 0 -> result(org.springframework.core.convert.support.ZonedDateTimeToCalendarConverter[]) }
InferredTransfer{ <org.springframework.core.convert.support.NumberToNumberConverterFactory: org.springframework.core.convert.converter.Converter getConverter(java.lang.Class)>: 0 -> base(org.springframework.core.convert.support.NumberToNumberConverterFactory) }
InferredTransfer{ <org.springframework.core.convert.support.MapToMapConverter: java.lang.Object convertKey(java.lang.Object,org.springframework.core.convert.TypeDescriptor,org.springframework.core.convert.TypeDescriptor)>: 2 -> result(org.springframework.core.convert.support.StringToCurrencyConverter[]) }
InferredTransfer{ <org.springframework.core.convert.support.ConversionUtils: java.lang.Object invokeConverter(org.springframework.core.convert.converter.GenericConverter,java.lang.Object,org.springframework.core.convert.TypeDescriptor,org.springframework.core.convert.TypeDescriptor)>: 0 -> result(org.springframework.core.convert.support.CharacterToNumberFactory[]) }
InferredTransfer{ <org.springframework.core.convert.support.MapToMapConverter: java.lang.Object convertKey(java.lang.Object,org.springframework.core.convert.TypeDescriptor,org.springframework.core.convert.TypeDescriptor)>: 1 -> result(org.springframework.core.convert.support.StringToCurrencyConverter[]) }
InferredTransfer{ <org.springframework.core.convert.support.StringToArrayConverter: java.lang.Object convert(java.lang.Object,org.springframework.core.convert.TypeDescriptor,org.springframework.core.convert.TypeDescriptor)>: 2 -> result(org.springframework.core.convert.support.StringToLocaleConverter[]) }
InferredTransfer{ <org.springframework.core.convert.support.StreamConverter: java.lang.Object convert(java.lang.Object,org.springframework.core.convert.TypeDescriptor,org.springframework.core.convert.TypeDescriptor)>: 2 -> result(java.util.UUID) }
InferredTransfer{ <org.springframework.core.convert.support.GenericConversionService: org.springframework.core.convert.converter.GenericConverter getConverter(org.springframework.core.convert.TypeDescriptor,org.springframework.core.convert.TypeDescriptor)>: 1 -> result(org.springframework.core.convert.support.ArrayToCollectionConverter) }
InferredTransfer{ <org.springframework.core.convert.support.StringToArrayConverter: java.lang.Object convert(java.lang.Object,org.springframework.core.convert.TypeDescriptor,org.springframework.core.convert.TypeDescriptor)>: 1 -> result(org.springframework.core.convert.support.StringToLocaleConverter[]) }
InferredTransfer{ <org.springframework.core.convert.support.StreamConverter: java.lang.Object convert(java.lang.Object,org.springframework.core.convert.TypeDescriptor,org.springframework.core.convert.TypeDescriptor)>: 1 -> result(java.util.UUID) }
InferredTransfer{ <org.springframework.core.convert.support.MapToMapConverter: java.lang.Object convertKey(java.lang.Object,org.springframework.core.convert.TypeDescriptor,org.springframework.core.convert.TypeDescriptor)>: base -> result(org.springframework.core.convert.support.StringToCurrencyConverter[]) }
InferredTransfer{ <org.springframework.core.convert.support.StringToArrayConverter: java.lang.Object convert(java.lang.Object,org.springframework.core.convert.TypeDescriptor,org.springframework.core.convert.TypeDescriptor)>: 0 -> result(org.springframework.core.convert.support.StringToLocaleConverter[]) }
InferredTransfer{ <org.springframework.core.convert.support.GenericConversionService: org.springframework.core.convert.converter.GenericConverter getConverter(org.springframework.core.convert.TypeDescriptor,org.springframework.core.convert.TypeDescriptor)>: 0 -> result(org.springframework.core.convert.support.ArrayToCollectionConverter) }
InferredTransfer{ <org.springframework.core.convert.support.StreamConverter: java.lang.Object convert(java.lang.Object,org.springframework.core.convert.TypeDescriptor,org.springframework.core.convert.TypeDescriptor)>: 0 -> result(java.util.UUID) }
InferredTransfer{ <org.springframework.core.convert.support.GenericConversionService: org.springframework.core.convert.converter.GenericConverter getConverter(org.springframework.core.convert.TypeDescriptor,org.springframework.core.convert.TypeDescriptor)>: base -> result(org.springframework.core.convert.support.ArrayToCollectionConverter) }
InferredTransfer{ <org.springframework.core.convert.support.StringToArrayConverter: java.lang.Object convert(java.lang.Object,org.springframework.core.convert.TypeDescriptor,org.springframework.core.convert.TypeDescriptor)>: base -> result(org.springframework.core.convert.support.StringToLocaleConverter[]) }
InferredTransfer{ <org.springframework.core.convert.support.CollectionToArrayConverter: java.lang.Object convert(java.lang.Object,org.springframework.core.convert.TypeDescriptor,org.springframework.core.convert.TypeDescriptor)>: 2 -> result(org.springframework.core.convert.support.ZoneIdToTimeZoneConverter[]) }
InferredTransfer{ <org.springframework.core.convert.support.ArrayToArrayConverter: java.lang.Object convert(java.lang.Object,org.springframework.core.convert.TypeDescriptor,org.springframework.core.convert.TypeDescriptor)>: 2 -> result(org.springframework.core.convert.support.ZoneIdToTimeZoneConverter[]) }
InferredTransfer{ <org.springframework.core.convert.support.StreamConverter: java.lang.Object convert(java.lang.Object,org.springframework.core.convert.TypeDescriptor,org.springframework.core.convert.TypeDescriptor)>: base -> result(java.util.UUID) }
InferredTransfer{ <sun.reflect.generics.reflectiveObjects.GenericArrayTypeImpl: java.lang.reflect.Type getGenericComponentType()>: base -> result(sun.reflect.generics.reflectiveObjects.TypeVariableImpl) }
InferredTransfer{ <org.springframework.core.convert.support.CollectionToArrayConverter: java.lang.Object convert(java.lang.Object,org.springframework.core.convert.TypeDescriptor,org.springframework.core.convert.TypeDescriptor)>: 1 -> result(org.springframework.core.convert.support.ZoneIdToTimeZoneConverter[]) }
InferredTransfer{ <org.springframework.core.convert.support.GenericConversionService: java.lang.Object convert(java.lang.Object,org.springframework.core.convert.TypeDescriptor,org.springframework.core.convert.TypeDescriptor)>: 2 -> result(sun.util.calendar.ZoneInfo) }
InferredTransfer{ <org.springframework.core.convert.support.ArrayToArrayConverter: java.lang.Object convert(java.lang.Object,org.springframework.core.convert.TypeDescriptor,org.springframework.core.convert.TypeDescriptor)>: 1 -> result(org.springframework.core.convert.support.ZoneIdToTimeZoneConverter[]) }
InferredTransfer{ <org.springframework.core.convert.support.StreamConverter: java.lang.Object convert(java.lang.Object,org.springframework.core.convert.TypeDescriptor,org.springframework.core.convert.TypeDescriptor)>: 0 -> result(java.util.List[]) }
InferredTransfer{ <org.springframework.core.convert.support.CollectionToArrayConverter: java.lang.Object convert(java.lang.Object,org.springframework.core.convert.TypeDescriptor,org.springframework.core.convert.TypeDescriptor)>: 0 -> result(org.springframework.core.convert.support.ZoneIdToTimeZoneConverter[]) }
InferredTransfer{ <org.springframework.core.convert.support.GenericConversionService: java.lang.Object convert(java.lang.Object,org.springframework.core.convert.TypeDescriptor,org.springframework.core.convert.TypeDescriptor)>: 1 -> result(sun.util.calendar.ZoneInfo) }
InferredTransfer{ <org.springframework.core.convert.support.ArrayToArrayConverter: java.lang.Object convert(java.lang.Object,org.springframework.core.convert.TypeDescriptor,org.springframework.core.convert.TypeDescriptor)>: 0 -> result(org.springframework.core.convert.support.ZoneIdToTimeZoneConverter[]) }
InferredTransfer{ <org.springframework.core.convert.support.ByteBufferConverter: java.lang.Object convert(java.lang.Object,org.springframework.core.convert.TypeDescriptor,org.springframework.core.convert.TypeDescriptor)>: 0 -> result(java.util.EnumMap[]) }
InferredTransfer{ <org.springframework.core.convert.support.ArrayToObjectConverter: java.lang.Object convert(java.lang.Object,org.springframework.core.convert.TypeDescriptor,org.springframework.core.convert.TypeDescriptor)>: 2 -> result(org.springframework.core.convert.support.StringToCurrencyConverter[]) }
InferredTransfer{ <org.springframework.core.convert.support.StreamConverter: java.lang.Object convert(java.lang.Object,org.springframework.core.convert.TypeDescriptor,org.springframework.core.convert.TypeDescriptor)>: 2 -> result(java.lang.Class) }
InferredTransfer{ <org.springframework.core.convert.support.CollectionToArrayConverter: java.lang.Object convert(java.lang.Object,org.springframework.core.convert.TypeDescriptor,org.springframework.core.convert.TypeDescriptor)>: base -> result(org.springframework.core.convert.support.ZoneIdToTimeZoneConverter[]) }
InferredTransfer{ <org.springframework.core.convert.support.GenericConversionService: java.lang.Object convert(java.lang.Object,org.springframework.core.convert.TypeDescriptor,org.springframework.core.convert.TypeDescriptor)>: 0 -> result(sun.util.calendar.ZoneInfo) }
InferredTransfer{ <org.springframework.core.convert.support.ArrayToArrayConverter: java.lang.Object convert(java.lang.Object,org.springframework.core.convert.TypeDescriptor,org.springframework.core.convert.TypeDescriptor)>: base -> result(org.springframework.core.convert.support.ZoneIdToTimeZoneConverter[]) }
InferredTransfer{ <org.springframework.core.convert.support.ArrayToObjectConverter: java.lang.Object convert(java.lang.Object,org.springframework.core.convert.TypeDescriptor,org.springframework.core.convert.TypeDescriptor)>: 1 -> result(org.springframework.core.convert.support.StringToCurrencyConverter[]) }
InferredTransfer{ <org.springframework.core.ResolvableType: org.springframework.core.ResolvableType resolveType()>: base -> result(org.springframework.core.ResolvableType) }
InferredTransfer{ <org.springframework.core.convert.support.StreamConverter: java.lang.Object convert(java.lang.Object,org.springframework.core.convert.TypeDescriptor,org.springframework.core.convert.TypeDescriptor)>: 1 -> result(java.lang.Class) }
InferredTransfer{ <org.springframework.core.convert.support.GenericConversionService: java.lang.Object convert(java.lang.Object,org.springframework.core.convert.TypeDescriptor,org.springframework.core.convert.TypeDescriptor)>: base -> result(sun.util.calendar.ZoneInfo) }
InferredTransfer{ <org.springframework.core.convert.support.GenericConversionService: java.lang.Object convert(java.lang.Object,org.springframework.core.convert.TypeDescriptor,org.springframework.core.convert.TypeDescriptor)>: 2 -> result(java.math.BigDecimal[]) }
InferredTransfer{ <org.springframework.core.convert.support.ArrayToObjectConverter: java.lang.Object convert(java.lang.Object,org.springframework.core.convert.TypeDescriptor,org.springframework.core.convert.TypeDescriptor)>: 0 -> result(org.springframework.core.convert.support.StringToCurrencyConverter[]) }
InferredTransfer{ <org.springframework.core.convert.support.ByteBufferConverter: java.lang.Object convert(java.lang.Object,org.springframework.core.convert.TypeDescriptor,org.springframework.core.convert.TypeDescriptor)>: 0 -> result(java.lang.Boolean[]) }
InferredTransfer{ <org.springframework.core.convert.support.StreamConverter: java.lang.Object convert(java.lang.Object,org.springframework.core.convert.TypeDescriptor,org.springframework.core.convert.TypeDescriptor)>: 0 -> result(java.lang.Class) }
InferredTransfer{ <org.springframework.core.convert.support.ObjectToArrayConverter: java.lang.Object convert(java.lang.Object,org.springframework.core.convert.TypeDescriptor,org.springframework.core.convert.TypeDescriptor)>: 0 -> result(java.io.Closeable[]) }
InferredTransfer{ <org.springframework.core.convert.support.ArrayToObjectConverter: java.lang.Object convert(java.lang.Object,org.springframework.core.convert.TypeDescriptor,org.springframework.core.convert.TypeDescriptor)>: base -> result(org.springframework.core.convert.support.StringToCurrencyConverter[]) }
InferredTransfer{ <org.springframework.core.convert.support.StreamConverter: java.lang.Object convert(java.lang.Object,org.springframework.core.convert.TypeDescriptor,org.springframework.core.convert.TypeDescriptor)>: base -> result(java.lang.Class) }
InferredTransfer{ <org.springframework.core.convert.support.CollectionToObjectConverter: java.lang.Object convert(java.lang.Object,org.springframework.core.convert.TypeDescriptor,org.springframework.core.convert.TypeDescriptor)>: 2 -> result(org.springframework.core.convert.support.StringToCurrencyConverter[]) }
InferredTransfer{ <org.springframework.core.convert.support.GenericConversionService: java.lang.Object convert(java.lang.Object,org.springframework.core.convert.TypeDescriptor,org.springframework.core.convert.TypeDescriptor)>: 0 -> result(java.math.BigDecimal[]) }
InferredTransfer{ <org.springframework.core.convert.support.CollectionToArrayConverter: java.lang.Object convert(java.lang.Object,org.springframework.core.convert.TypeDescriptor,org.springframework.core.convert.TypeDescriptor)>: 0 -> result(java.lang.RuntimeException[]) }
InferredTransfer{ <org.springframework.core.convert.support.ArrayToArrayConverter: java.lang.Object convert(java.lang.Object,org.springframework.core.convert.TypeDescriptor,org.springframework.core.convert.TypeDescriptor)>: 0 -> result(java.lang.RuntimeException[]) }
InferredTransfer{ <org.springframework.core.convert.support.CollectionToObjectConverter: java.lang.Object convert(java.lang.Object,org.springframework.core.convert.TypeDescriptor,org.springframework.core.convert.TypeDescriptor)>: 1 -> result(org.springframework.core.convert.support.StringToCurrencyConverter[]) }
InferredTransfer{ <org.springframework.core.convert.support.GenericConversionService: java.lang.Object convert(java.lang.Object,org.springframework.core.convert.TypeDescriptor,org.springframework.core.convert.TypeDescriptor)>: base -> result(java.math.BigDecimal[]) }
InferredTransfer{ <java.lang.Class: java.lang.reflect.Type getGenericSuperclass()>: base -> result(sun.reflect.generics.reflectiveObjects.TypeVariableImpl) }
InferredTransfer{ <org.springframework.core.convert.support.CollectionToObjectConverter: java.lang.Object convert(java.lang.Object,org.springframework.core.convert.TypeDescriptor,org.springframework.core.convert.TypeDescriptor)>: 0 -> result(org.springframework.core.convert.support.StringToCurrencyConverter[]) }
InferredTransfer{ <org.springframework.core.convert.support.GenericConversionService: org.springframework.core.convert.converter.GenericConverter getConverter(org.springframework.core.convert.TypeDescriptor,org.springframework.core.convert.TypeDescriptor)>: 1 -> result(org.springframework.core.convert.support.CollectionToArrayConverter) }
InferredTransfer{ <org.springframework.core.convert.support.CollectionToObjectConverter: java.lang.Object convert(java.lang.Object,org.springframework.core.convert.TypeDescriptor,org.springframework.core.convert.TypeDescriptor)>: base -> result(org.springframework.core.convert.support.StringToCurrencyConverter[]) }
InferredTransfer{ <org.springframework.core.convert.support.GenericConversionService: org.springframework.core.convert.converter.GenericConverter getConverter(org.springframework.core.convert.TypeDescriptor,org.springframework.core.convert.TypeDescriptor)>: 0 -> result(org.springframework.core.convert.support.CollectionToArrayConverter) }
InferredTransfer{ <org.springframework.core.convert.support.CollectionToObjectConverter: java.lang.Object convert(java.lang.Object,org.springframework.core.convert.TypeDescriptor,org.springframework.core.convert.TypeDescriptor)>: 2 -> result(java.lang.Boolean) }
InferredTransfer{ <java.lang.StringBuilder: java.lang.StringBuilder append(java.lang.CharSequence)>: 0 -> base(java.lang.StringBuilder) }
InferredTransfer{ <org.springframework.core.convert.support.StreamConverter: java.lang.Object convertFromStream(java.util.stream.Stream,org.springframework.core.convert.TypeDescriptor,org.springframework.core.convert.TypeDescriptor)>: 2 -> result(org.springframework.core.convert.support.EnumToStringConverter[]) }
InferredTransfer{ <org.springframework.core.convert.support.GenericConversionService: java.lang.Object convert(java.lang.Object,org.springframework.core.convert.TypeDescriptor,org.springframework.core.convert.TypeDescriptor)>: 0 -> result(java.lang.Integer) }
InferredTransfer{ <org.springframework.core.convert.support.GenericConversionService: org.springframework.core.convert.converter.GenericConverter getConverter(org.springframework.core.convert.TypeDescriptor,org.springframework.core.convert.TypeDescriptor)>: base -> result(org.springframework.core.convert.support.CollectionToArrayConverter) }
InferredTransfer{ <org.springframework.core.convert.support.StreamConverter: java.lang.Object convertFromStream(java.util.stream.Stream,org.springframework.core.convert.TypeDescriptor,org.springframework.core.convert.TypeDescriptor)>: 1 -> result(org.springframework.core.convert.support.EnumToStringConverter[]) }
InferredTransfer{ <org.springframework.core.convert.support.CollectionToObjectConverter: java.lang.Object convert(java.lang.Object,org.springframework.core.convert.TypeDescriptor,org.springframework.core.convert.TypeDescriptor)>: 0 -> result(java.lang.Boolean) }
InferredTransfer{ <org.springframework.core.ResolvableType: org.springframework.core.ResolvableType as(java.lang.Class)>: 0 -> base(org.springframework.core.ResolvableType) }
InferredTransfer{ <org.springframework.core.convert.support.ByteBufferConverter: java.lang.Object convert(java.lang.Object,org.springframework.core.convert.TypeDescriptor,org.springframework.core.convert.TypeDescriptor)>: 2 -> result(java.lang.Double) }
InferredTransfer{ <org.springframework.core.convert.support.CollectionToObjectConverter: java.lang.Object convert(java.lang.Object,org.springframework.core.convert.TypeDescriptor,org.springframework.core.convert.TypeDescriptor)>: base -> result(java.lang.Boolean) }
InferredTransfer{ <org.springframework.core.convert.support.StreamConverter: java.lang.Object convertFromStream(java.util.stream.Stream,org.springframework.core.convert.TypeDescriptor,org.springframework.core.convert.TypeDescriptor)>: base -> result(org.springframework.core.convert.support.EnumToStringConverter[]) }
InferredTransfer{ <org.springframework.core.convert.support.StringToArrayConverter: java.lang.Object convert(java.lang.Object,org.springframework.core.convert.TypeDescriptor,org.springframework.core.convert.TypeDescriptor)>: 2 -> result(sun.security.jca.ProviderConfig[]) }
InferredTransfer{ <org.springframework.core.convert.support.ByteBufferConverter: java.lang.Object convert(java.lang.Object,org.springframework.core.convert.TypeDescriptor,org.springframework.core.convert.TypeDescriptor)>: 1 -> result(java.lang.Double) }
InferredTransfer{ <org.springframework.core.convert.support.CollectionToObjectConverter: java.lang.Object convert(java.lang.Object,org.springframework.core.convert.TypeDescriptor,org.springframework.core.convert.TypeDescriptor)>: 0 -> result(java.lang.Short[]) }
InferredTransfer{ <org.springframework.core.convert.support.ArrayToObjectConverter: java.lang.Object convert(java.lang.Object,org.springframework.core.convert.TypeDescriptor,org.springframework.core.convert.TypeDescriptor)>: 0 -> result(java.util.Collection[]) }
InferredTransfer{ <org.springframework.core.convert.support.StringToArrayConverter: java.lang.Object convert(java.lang.Object,org.springframework.core.convert.TypeDescriptor,org.springframework.core.convert.TypeDescriptor)>: 1 -> result(sun.security.jca.ProviderConfig[]) }
InferredTransfer{ <org.springframework.core.convert.support.ByteBufferConverter: java.lang.Object convert(java.lang.Object,org.springframework.core.convert.TypeDescriptor,org.springframework.core.convert.TypeDescriptor)>: 0 -> result(java.lang.Double) }
InferredTransfer{ <org.springframework.core.convert.support.ByteBufferConverter: java.lang.Object convert(java.lang.Object,org.springframework.core.convert.TypeDescriptor,org.springframework.core.convert.TypeDescriptor)>: 0 -> result(java.lang.Character[]) }
InferredTransfer{ <org.springframework.core.convert.support.StringToArrayConverter: java.lang.Object convert(java.lang.Object,org.springframework.core.convert.TypeDescriptor,org.springframework.core.convert.TypeDescriptor)>: 0 -> result(java.lang.String[]) }
InferredTransfer{ <org.springframework.core.convert.support.StringToArrayConverter: java.lang.Object convert(java.lang.Object,org.springframework.core.convert.TypeDescriptor,org.springframework.core.convert.TypeDescriptor)>: 0 -> result(sun.security.jca.ProviderConfig[]) }
InferredTransfer{ <org.springframework.core.convert.support.ByteBufferConverter: java.lang.Object convert(java.lang.Object,org.springframework.core.convert.TypeDescriptor,org.springframework.core.convert.TypeDescriptor)>: base -> result(java.lang.Double) }
InferredTransfer{ <org.springframework.core.convert.support.FallbackObjectToStringConverter: java.lang.Object convert(java.lang.Object,org.springframework.core.convert.TypeDescriptor,org.springframework.core.convert.TypeDescriptor)>: 2 -> result(java.lang.String) }
InferredTransfer{ <java.lang.StringBuilder: java.lang.CharSequence subSequence(int,int)>: base -> result(java.lang.CharSequence) }
InferredTransfer{ <org.springframework.core.convert.support.StringToArrayConverter: java.lang.Object convert(java.lang.Object,org.springframework.core.convert.TypeDescriptor,org.springframework.core.convert.TypeDescriptor)>: base -> result(sun.security.jca.ProviderConfig[]) }
InferredTransfer{ <org.springframework.core.convert.support.FallbackObjectToStringConverter: java.lang.Object convert(java.lang.Object,org.springframework.core.convert.TypeDescriptor,org.springframework.core.convert.TypeDescriptor)>: 1 -> result(java.lang.String) }
InferredTransfer{ <org.springframework.core.convert.support.ObjectToArrayConverter: java.lang.Object convert(java.lang.Object,org.springframework.core.convert.TypeDescriptor,org.springframework.core.convert.TypeDescriptor)>: 0 -> result(java.lang.Class[]) }
InferredTransfer{ <org.springframework.core.convert.support.ByteBufferConverter: java.lang.Object convertFromByteBuffer(java.nio.ByteBuffer,org.springframework.core.convert.TypeDescriptor)>: 1 -> result(java.util.UUID[]) }
InferredTransfer{ <org.springframework.core.convert.support.CollectionToObjectConverter: java.lang.Object convert(java.lang.Object,org.springframework.core.convert.TypeDescriptor,org.springframework.core.convert.TypeDescriptor)>: 0 -> result(java.util.Collection[]) }
InferredTransfer{ <org.springframework.core.convert.support.FallbackObjectToStringConverter: java.lang.Object convert(java.lang.Object,org.springframework.core.convert.TypeDescriptor,org.springframework.core.convert.TypeDescriptor)>: 0 -> result(java.lang.String) }
InferredTransfer{ <org.springframework.core.convert.support.GenericConversionService: java.lang.Object convert(java.lang.Object,org.springframework.core.convert.TypeDescriptor,org.springframework.core.convert.TypeDescriptor)>: 2 -> result(org.springframework.core.convert.support.StringToUUIDConverter[]) }
InferredTransfer{ <org.springframework.core.convert.support.FallbackObjectToStringConverter: java.lang.Object convert(java.lang.Object,org.springframework.core.convert.TypeDescriptor,org.springframework.core.convert.TypeDescriptor)>: base -> result(java.lang.String) }
InferredTransfer{ <org.springframework.core.convert.support.ByteBufferConverter: java.lang.Object convertFromByteBuffer(java.nio.ByteBuffer,org.springframework.core.convert.TypeDescriptor)>: base -> result(java.util.UUID[]) }
InferredTransfer{ <org.springframework.core.convert.support.ConversionUtils: java.lang.Object invokeConverter(org.springframework.core.convert.converter.GenericConverter,java.lang.Object,org.springframework.core.convert.TypeDescriptor,org.springframework.core.convert.TypeDescriptor)>: 3 -> result(java.math.BigDecimal) }
InferredTransfer{ <org.springframework.core.convert.support.GenericConversionService: java.lang.Object convert(java.lang.Object,org.springframework.core.convert.TypeDescriptor,org.springframework.core.convert.TypeDescriptor)>: 1 -> result(org.springframework.core.convert.support.StringToUUIDConverter[]) }
InferredTransfer{ <org.springframework.core.convert.support.GenericConversionService: java.lang.Object convert(java.lang.Object,org.springframework.core.convert.TypeDescriptor,org.springframework.core.convert.TypeDescriptor)>: 0 -> result(byte[][]) }
InferredTransfer{ <org.springframework.core.ResolvableType: java.lang.reflect.Type resolveBounds(java.lang.reflect.Type[])>: base -> result(sun.reflect.generics.reflectiveObjects.ParameterizedTypeImpl) }
InferredTransfer{ <org.springframework.core.convert.support.GenericConversionService: java.lang.Object convert(java.lang.Object,org.springframework.core.convert.TypeDescriptor,org.springframework.core.convert.TypeDescriptor)>: 0 -> result(org.springframework.core.convert.support.StringToUUIDConverter[]) }
InferredTransfer{ <org.springframework.core.convert.support.ConversionUtils: java.lang.Object invokeConverter(org.springframework.core.convert.converter.GenericConverter,java.lang.Object,org.springframework.core.convert.TypeDescriptor,org.springframework.core.convert.TypeDescriptor)>: 1 -> result(java.math.BigDecimal) }
InferredTransfer{ <org.springframework.core.convert.support.ByteBufferConverter: java.lang.Object convertFromByteBuffer(java.nio.ByteBuffer,org.springframework.core.convert.TypeDescriptor)>: 1 -> result(java.lang.String) }
InferredTransfer{ <org.springframework.core.convert.support.GenericConversionService: java.lang.Object convert(java.lang.Object,org.springframework.core.convert.TypeDescriptor,org.springframework.core.convert.TypeDescriptor)>: base -> result(org.springframework.core.convert.support.StringToUUIDConverter[]) }
InferredTransfer{ <org.springframework.core.convert.support.ObjectToArrayConverter: java.lang.Object convert(java.lang.Object,org.springframework.core.convert.TypeDescriptor,org.springframework.core.convert.TypeDescriptor)>: 2 -> base(org.springframework.core.convert.support.ObjectToArrayConverter) }
InferredTransfer{ <org.springframework.core.convert.support.ConversionUtils: java.lang.Object invokeConverter(org.springframework.core.convert.converter.GenericConverter,java.lang.Object,org.springframework.core.convert.TypeDescriptor,org.springframework.core.convert.TypeDescriptor)>: 0 -> result(java.math.BigDecimal) }
InferredTransfer{ <org.springframework.core.convert.support.ArrayToObjectConverter: java.lang.Object convert(java.lang.Object,org.springframework.core.convert.TypeDescriptor,org.springframework.core.convert.TypeDescriptor)>: 0 -> result(java.lang.Comparable[]) }
InferredTransfer{ <org.springframework.core.convert.support.ObjectToArrayConverter: java.lang.Object convert(java.lang.Object,org.springframework.core.convert.TypeDescriptor,org.springframework.core.convert.TypeDescriptor)>: 1 -> base(org.springframework.core.convert.support.ObjectToArrayConverter) }
InferredTransfer{ <org.springframework.core.convert.support.ByteBufferConverter: java.lang.Object convertFromByteBuffer(java.nio.ByteBuffer,org.springframework.core.convert.TypeDescriptor)>: base -> result(java.lang.String) }
InferredTransfer{ <org.springframework.core.convert.support.ObjectToArrayConverter: java.lang.Object convert(java.lang.Object,org.springframework.core.convert.TypeDescriptor,org.springframework.core.convert.TypeDescriptor)>: 0 -> base(org.springframework.core.convert.support.ObjectToArrayConverter) }
InferredTransfer{ <org.springframework.core.convert.support.MapToMapConverter: java.lang.Object convertValue(java.lang.Object,org.springframework.core.convert.TypeDescriptor,org.springframework.core.convert.TypeDescriptor)>: 2 -> result(org.springframework.core.convert.support.StringToCharsetConverter[]) }
InferredTransfer{ <org.springframework.core.convert.support.ByteBufferConverter: java.lang.Object convertFromByteBuffer(java.nio.ByteBuffer,org.springframework.core.convert.TypeDescriptor)>: 1 -> result(org.springframework.core.convert.support.CharacterToNumberFactory[]) }
InferredTransfer{ <org.springframework.core.convert.support.ZonedDateTimeToCalendarConverter: java.lang.Object convert(java.lang.Object)>: 0 -> result(java.util.GregorianCalendar) }
InferredTransfer{ <org.springframework.core.convert.support.MapToMapConverter: java.lang.Object convertValue(java.lang.Object,org.springframework.core.convert.TypeDescriptor,org.springframework.core.convert.TypeDescriptor)>: 1 -> result(org.springframework.core.convert.support.StringToCharsetConverter[]) }
InferredTransfer{ <org.springframework.core.convert.support.ZonedDateTimeToCalendarConverter: java.lang.Object convert(java.lang.Object)>: base -> result(java.util.GregorianCalendar) }
InferredTransfer{ <java.util.Currency: java.util.Currency getInstance(java.lang.String)>: 0 -> result(java.util.Currency) }
InferredTransfer{ <org.springframework.core.convert.support.ByteBufferConverter: java.lang.Object convertFromByteBuffer(java.nio.ByteBuffer,org.springframework.core.convert.TypeDescriptor)>: base -> result(org.springframework.core.convert.support.CharacterToNumberFactory[]) }
InferredTransfer{ <org.springframework.core.convert.support.MapToMapConverter: java.lang.Object convertValue(java.lang.Object,org.springframework.core.convert.TypeDescriptor,org.springframework.core.convert.TypeDescriptor)>: base -> result(org.springframework.core.convert.support.StringToCharsetConverter[]) }
InferredTransfer{ <org.springframework.core.convert.support.ConversionUtils: java.lang.Object invokeConverter(org.springframework.core.convert.converter.GenericConverter,java.lang.Object,org.springframework.core.convert.TypeDescriptor,org.springframework.core.convert.TypeDescriptor)>: 1 -> result(java.io.Externalizable[]) }
InferredTransfer{ <org.springframework.core.convert.support.ConversionUtils: java.lang.Object invokeConverter(org.springframework.core.convert.converter.GenericConverter,java.lang.Object,org.springframework.core.convert.TypeDescriptor,org.springframework.core.convert.TypeDescriptor)>: 1 -> result(java.util.Currency[]) }
InferredTransfer{ <org.springframework.core.convert.support.CollectionToObjectConverter: java.lang.Object convert(java.lang.Object,org.springframework.core.convert.TypeDescriptor,org.springframework.core.convert.TypeDescriptor)>: 0 -> result(byte[]) }
InferredTransfer{ <org.springframework.core.ResolvableType: org.springframework.core.ResolvableType resolveVariable(java.lang.reflect.TypeVariable)>: 0 -> result(org.springframework.core.ResolvableType) }
InferredTransfer{ <org.springframework.core.convert.support.EnumToStringConverter: java.lang.Object convert(java.lang.Object)>: 0 -> base(org.springframework.core.convert.support.EnumToStringConverter) }
InferredTransfer{ <org.springframework.util.ClassUtils: java.lang.String getShortName(java.lang.Class)>: 0 -> result(java.lang.String) }
InferredTransfer{ <org.springframework.core.ResolvableType: org.springframework.core.ResolvableType resolveVariable(java.lang.reflect.TypeVariable)>: base -> result(org.springframework.core.ResolvableType) }
InferredTransfer{ <org.springframework.core.convert.support.StreamConverter: java.lang.Object convert(java.lang.Object,org.springframework.core.convert.TypeDescriptor,org.springframework.core.convert.TypeDescriptor)>: 2 -> result(java.util.LinkedHashSet[]) }
InferredTransfer{ <org.springframework.core.convert.support.StreamConverter: java.lang.Object convert(java.lang.Object,org.springframework.core.convert.TypeDescriptor,org.springframework.core.convert.TypeDescriptor)>: 1 -> result(java.util.LinkedHashSet[]) }
InferredTransfer{ <org.springframework.core.convert.support.CollectionToObjectConverter: java.lang.Object convert(java.lang.Object,org.springframework.core.convert.TypeDescriptor,org.springframework.core.convert.TypeDescriptor)>: 2 -> result(org.springframework.core.convert.support.EnumToStringConverter[]) }
InferredTransfer{ <org.springframework.core.convert.support.ObjectToArrayConverter: java.lang.Object convert(java.lang.Object,org.springframework.core.convert.TypeDescriptor,org.springframework.core.convert.TypeDescriptor)>: 2 -> result(java.util.UUID[]) }
InferredTransfer{ <org.springframework.core.convert.support.StreamConverter: java.lang.Object convert(java.lang.Object,org.springframework.core.convert.TypeDescriptor,org.springframework.core.convert.TypeDescriptor)>: 0 -> result(java.util.LinkedHashSet[]) }
InferredTransfer{ <org.springframework.core.convert.support.GenericConversionService: org.springframework.core.convert.converter.GenericConverter getConverter(org.springframework.core.convert.TypeDescriptor,org.springframework.core.convert.TypeDescriptor)>: 1 -> result(org.springframework.core.convert.support.ObjectToOptionalConverter) }
InferredTransfer{ <org.springframework.core.convert.support.StreamConverter: java.lang.Object convertFromStream(java.util.stream.Stream,org.springframework.core.convert.TypeDescriptor,org.springframework.core.convert.TypeDescriptor)>: 2 -> result(java.util.UUID) }
InferredTransfer{ <org.springframework.core.convert.support.CollectionToObjectConverter: java.lang.Object convert(java.lang.Object,org.springframework.core.convert.TypeDescriptor,org.springframework.core.convert.TypeDescriptor)>: 1 -> result(org.springframework.core.convert.support.EnumToStringConverter[]) }
InferredTransfer{ <org.springframework.core.convert.support.ObjectToArrayConverter: java.lang.Object convert(java.lang.Object,org.springframework.core.convert.TypeDescriptor,org.springframework.core.convert.TypeDescriptor)>: 1 -> result(java.util.UUID[]) }
InferredTransfer{ <org.springframework.core.convert.support.StreamConverter: java.lang.Object convert(java.lang.Object,org.springframework.core.convert.TypeDescriptor,org.springframework.core.convert.TypeDescriptor)>: base -> result(java.util.LinkedHashSet[]) }
InferredTransfer{ <org.springframework.core.convert.support.GenericConversionService: java.lang.Object convert(java.lang.Object,org.springframework.core.convert.TypeDescriptor,org.springframework.core.convert.TypeDescriptor)>: 0 -> result(java.nio.charset.Charset[]) }
InferredTransfer{ <org.springframework.core.convert.support.StreamConverter: java.lang.Object convertFromStream(java.util.stream.Stream,org.springframework.core.convert.TypeDescriptor,org.springframework.core.convert.TypeDescriptor)>: 1 -> result(java.util.UUID) }
InferredTransfer{ <org.springframework.core.convert.support.GenericConversionService: org.springframework.core.convert.converter.GenericConverter getConverter(org.springframework.core.convert.TypeDescriptor,org.springframework.core.convert.TypeDescriptor)>: 0 -> result(org.springframework.core.convert.support.ObjectToOptionalConverter) }
InferredTransfer{ <org.springframework.core.convert.support.ObjectToArrayConverter: java.lang.Object convert(java.lang.Object,org.springframework.core.convert.TypeDescriptor,org.springframework.core.convert.TypeDescriptor)>: 0 -> result(java.util.UUID[]) }
InferredTransfer{ <org.springframework.core.convert.support.CollectionToObjectConverter: java.lang.Object convert(java.lang.Object,org.springframework.core.convert.TypeDescriptor,org.springframework.core.convert.TypeDescriptor)>: 0 -> result(org.springframework.core.convert.support.EnumToStringConverter[]) }
InferredTransfer{ <org.springframework.core.convert.support.GenericConversionService: java.lang.Object convert(java.lang.Object,org.springframework.core.convert.TypeDescriptor,org.springframework.core.convert.TypeDescriptor)>: 0 -> result(java.util.Set[]) }
InferredTransfer{ <org.springframework.core.convert.support.GenericConversionService: org.springframework.core.convert.converter.GenericConverter getConverter(org.springframework.core.convert.TypeDescriptor,org.springframework.core.convert.TypeDescriptor)>: base -> result(org.springframework.core.convert.support.ObjectToOptionalConverter) }
InferredTransfer{ <org.springframework.core.convert.support.CollectionToObjectConverter: java.lang.Object convert(java.lang.Object,org.springframework.core.convert.TypeDescriptor,org.springframework.core.convert.TypeDescriptor)>: base -> result(org.springframework.core.convert.support.EnumToStringConverter[]) }
InferredTransfer{ <org.springframework.core.convert.support.ObjectToArrayConverter: java.lang.Object convert(java.lang.Object,org.springframework.core.convert.TypeDescriptor,org.springframework.core.convert.TypeDescriptor)>: base -> result(java.util.UUID[]) }
InferredTransfer{ <org.springframework.core.convert.support.ArrayToArrayConverter: java.lang.Object convert(java.lang.Object,org.springframework.core.convert.TypeDescriptor,org.springframework.core.convert.TypeDescriptor)>: 0 -> result(java.lang.Integer[]) }
InferredTransfer{ <org.springframework.core.convert.support.StreamConverter: java.lang.Object convertFromStream(java.util.stream.Stream,org.springframework.core.convert.TypeDescriptor,org.springframework.core.convert.TypeDescriptor)>: base -> result(java.util.UUID) }
InferredTransfer{ <org.springframework.core.convert.support.StringToArrayConverter: java.lang.Object convert(java.lang.Object,org.springframework.core.convert.TypeDescriptor,org.springframework.core.convert.TypeDescriptor)>: 0 -> result(java.util.Map[]) }
InferredTransfer{ <org.springframework.core.convert.support.ObjectToArrayConverter: java.lang.Object convert(java.lang.Object,org.springframework.core.convert.TypeDescriptor,org.springframework.core.convert.TypeDescriptor)>: 2 -> result(org.springframework.core.convert.support.ZonedDateTimeToCalendarConverter[]) }
InferredTransfer{ <org.springframework.core.convert.support.ArrayToObjectConverter: java.lang.Object convert(java.lang.Object,org.springframework.core.convert.TypeDescriptor,org.springframework.core.convert.TypeDescriptor)>: 2 -> result(java.util.LinkedHashMap[]) }
InferredTransfer{ <org.springframework.core.convert.support.ObjectToArrayConverter: java.lang.Object convert(java.lang.Object,org.springframework.core.convert.TypeDescriptor,org.springframework.core.convert.TypeDescriptor)>: 2 -> result(org.springframework.core.convert.support.CharacterToNumberFactory[]) }
InferredTransfer{ <org.springframework.core.convert.support.ObjectToArrayConverter: java.lang.Object convert(java.lang.Object,org.springframework.core.convert.TypeDescriptor,org.springframework.core.convert.TypeDescriptor)>: 1 -> result(org.springframework.core.convert.support.ZonedDateTimeToCalendarConverter[]) }
InferredTransfer{ <org.springframework.core.convert.support.ArrayToObjectConverter: java.lang.Object convert(java.lang.Object,org.springframework.core.convert.TypeDescriptor,org.springframework.core.convert.TypeDescriptor)>: 1 -> result(java.util.LinkedHashMap[]) }
InferredTransfer{ <org.springframework.core.convert.support.ObjectToArrayConverter: java.lang.Object convert(java.lang.Object,org.springframework.core.convert.TypeDescriptor,org.springframework.core.convert.TypeDescriptor)>: 1 -> result(org.springframework.core.convert.support.CharacterToNumberFactory[]) }
InferredTransfer{ <org.springframework.core.convert.support.ObjectToArrayConverter: java.lang.Object convert(java.lang.Object,org.springframework.core.convert.TypeDescriptor,org.springframework.core.convert.TypeDescriptor)>: 0 -> result(org.springframework.core.convert.support.ZonedDateTimeToCalendarConverter[]) }
InferredTransfer{ <org.springframework.core.convert.support.ArrayToObjectConverter: java.lang.Object convert(java.lang.Object,org.springframework.core.convert.TypeDescriptor,org.springframework.core.convert.TypeDescriptor)>: 0 -> result(java.util.LinkedHashMap[]) }
InferredTransfer{ <org.springframework.core.convert.support.ObjectToArrayConverter: java.lang.Object convert(java.lang.Object,org.springframework.core.convert.TypeDescriptor,org.springframework.core.convert.TypeDescriptor)>: 0 -> result(org.springframework.core.convert.support.CharacterToNumberFactory[]) }
InferredTransfer{ <org.springframework.core.convert.support.ObjectToArrayConverter: java.lang.Object convert(java.lang.Object,org.springframework.core.convert.TypeDescriptor,org.springframework.core.convert.TypeDescriptor)>: base -> result(org.springframework.core.convert.support.ZonedDateTimeToCalendarConverter[]) }
InferredTransfer{ <org.springframework.core.convert.support.StringToArrayConverter: java.lang.Object convert(java.lang.Object,org.springframework.core.convert.TypeDescriptor,org.springframework.core.convert.TypeDescriptor)>: 2 -> result(org.springframework.core.convert.support.PropertiesToStringConverter[]) }
InferredTransfer{ <org.springframework.core.convert.support.ArrayToArrayConverter: java.lang.Object convert(java.lang.Object,org.springframework.core.convert.TypeDescriptor,org.springframework.core.convert.TypeDescriptor)>: 2 -> result(org.springframework.core.convert.support.StringToLocaleConverter[]) }
InferredTransfer{ <org.springframework.core.convert.support.GenericConversionService: java.lang.Object convert(java.lang.Object,org.springframework.core.convert.TypeDescriptor,org.springframework.core.convert.TypeDescriptor)>: 0 -> result(org.springframework.core.convert.support.EnumToIntegerConverter[]) }
InferredTransfer{ <org.springframework.core.convert.support.ArrayToObjectConverter: java.lang.Object convert(java.lang.Object,org.springframework.core.convert.TypeDescriptor,org.springframework.core.convert.TypeDescriptor)>: base -> result(java.util.LinkedHashMap[]) }
InferredTransfer{ <org.springframework.core.convert.support.ObjectToArrayConverter: java.lang.Object convert(java.lang.Object,org.springframework.core.convert.TypeDescriptor,org.springframework.core.convert.TypeDescriptor)>: base -> result(org.springframework.core.convert.support.CharacterToNumberFactory[]) }
InferredTransfer{ <org.springframework.core.convert.TypeDescriptor: org.springframework.core.convert.TypeDescriptor narrow(java.lang.Object,org.springframework.core.convert.TypeDescriptor)>: 1 -> result(org.springframework.core.convert.TypeDescriptor) }
InferredTransfer{ <org.springframework.core.convert.support.ArrayToArrayConverter: java.lang.Object convert(java.lang.Object,org.springframework.core.convert.TypeDescriptor,org.springframework.core.convert.TypeDescriptor)>: 1 -> result(org.springframework.core.convert.support.StringToLocaleConverter[]) }
InferredTransfer{ <org.springframework.core.convert.support.StringToArrayConverter: java.lang.Object convert(java.lang.Object,org.springframework.core.convert.TypeDescriptor,org.springframework.core.convert.TypeDescriptor)>: 1 -> result(org.springframework.core.convert.support.PropertiesToStringConverter[]) }
InferredTransfer{ <org.springframework.core.convert.support.ArrayToArrayConverter: java.lang.Object convert(java.lang.Object,org.springframework.core.convert.TypeDescriptor,org.springframework.core.convert.TypeDescriptor)>: 0 -> result(org.springframework.core.convert.support.StringToLocaleConverter[]) }
InferredTransfer{ <org.springframework.core.convert.TypeDescriptor: org.springframework.core.convert.TypeDescriptor narrow(java.lang.Object,org.springframework.core.convert.TypeDescriptor)>: 0 -> result(org.springframework.core.convert.TypeDescriptor) }
InferredTransfer{ <org.springframework.core.convert.support.StreamConverter: java.lang.Object convert(java.lang.Object,org.springframework.core.convert.TypeDescriptor,org.springframework.core.convert.TypeDescriptor)>: 2 -> result(sun.security.jca.ServiceId[]) }
InferredTransfer{ <org.springframework.core.convert.support.StringToArrayConverter: java.lang.Object convert(java.lang.Object,org.springframework.core.convert.TypeDescriptor,org.springframework.core.convert.TypeDescriptor)>: 0 -> result(org.springframework.core.convert.support.PropertiesToStringConverter[]) }

<Server: void main(java.lang.String[])>/temp$5 -> <org.springframework.cloud.config.server.resource.ResourceController: java.lang.String retrieve(java.lang.String,java.lang.String,java.lang.String,java.lang.String,boolean)>/path:

Inferred transfers:
 - { method: "<org.springframework.web.util.UrlPathHelper: java.lang.String getPathWithinApplication(javax.servlet.http.HttpServletRequest)>", from: 0, to: result, type: java.lang.String }
 - { method: "<java.lang.String: java.lang.String substring(int)>", from: base, to: result, type: java.lang.String }

Shortest taint path:
[PARAMETER_PASSING][]:<Server: void main(java.lang.String[])>/temp$5 -> [Server]:<org.springframework.cloud.config.server.resource.ResourceController: java.lang.String retrieve(java.lang.String,java.lang.String,java.lang.String,javax.servlet.http.HttpServletRequest,boolean)>/request
[PARAMETER_PASSING][Server]:<org.springframework.cloud.config.server.resource.ResourceController: java.lang.String retrieve(java.lang.String,java.lang.String,java.lang.String,javax.servlet.http.HttpServletRequest,boolean)>/request -> [Server]:<org.springframework.cloud.config.server.resource.ResourceController: java.lang.String getFilePath(javax.servlet.http.HttpServletRequest,java.lang.String,java.lang.String,java.lang.String)>/request
[OTHER][Server]:<org.springframework.cloud.config.server.resource.ResourceController: java.lang.String getFilePath(javax.servlet.http.HttpServletRequest,java.lang.String,java.lang.String,java.lang.String)>/request -> [Server]:<org.springframework.cloud.config.server.resource.ResourceController: java.lang.String getFilePath(javax.servlet.http.HttpServletRequest,java.lang.String,java.lang.String,java.lang.String)>/$r7
[OTHER][Server]:<org.springframework.cloud.config.server.resource.ResourceController: java.lang.String getFilePath(javax.servlet.http.HttpServletRequest,java.lang.String,java.lang.String,java.lang.String)>/$r7 -> [Server]:<org.springframework.cloud.config.server.resource.ResourceController: java.lang.String getFilePath(javax.servlet.http.HttpServletRequest,java.lang.String,java.lang.String,java.lang.String)>/$r8
[RETURN][Server]:<org.springframework.cloud.config.server.resource.ResourceController: java.lang.String getFilePath(javax.servlet.http.HttpServletRequest,java.lang.String,java.lang.String,java.lang.String)>/$r8 -> [Server]:<org.springframework.cloud.config.server.resource.ResourceController: java.lang.String retrieve(java.lang.String,java.lang.String,java.lang.String,javax.servlet.http.HttpServletRequest,boolean)>/$r5
[PARAMETER_PASSING][Server]:<org.springframework.cloud.config.server.resource.ResourceController: java.lang.String retrieve(java.lang.String,java.lang.String,java.lang.String,javax.servlet.http.HttpServletRequest,boolean)>/$r5 -> [Server]:<org.springframework.cloud.config.server.resource.ResourceController: java.lang.String retrieve(java.lang.String,java.lang.String,java.lang.String,java.lang.String,boolean)>/path

Needed transfers:
 - { method: "<org.springframework.web.util.UrlPathHelper: java.lang.String getPathWithinApplication(javax.servlet.http.HttpServletRequest)>", from: 0, to: result, type: java.lang.String }
 - { method: "<java.lang.String: java.lang.String substring(int)>", from: base, to: result, type: java.lang.String }

Minimum cut edges:
 - { method: "<org.springframework.web.util.UrlPathHelper: java.lang.String getContextPath(javax.servlet.http.HttpServletRequest)>", from: 0, to: base, type: org.springframework.web.util.UrlPathHelper }
 - { method: "<org.springframework.web.util.UrlPathHelper: java.lang.String getRequestUri(javax.servlet.http.HttpServletRequest)>", from: 0, to: base, type: org.springframework.web.util.UrlPathHelper }
 - { method: "<org.springframework.web.util.UrlPathHelper: java.lang.String decodeInternal(javax.servlet.http.HttpServletRequest,java.lang.String)>", from: base, to: result, type: java.lang.String }
 - { method: "<org.springframework.web.util.UrlPathHelper: java.lang.String decodeRequestString(javax.servlet.http.HttpServletRequest,java.lang.String)>", from: 0, to: result, type: java.lang.String }
 - { method: "<org.springframework.web.util.UrlPathHelper: java.lang.String determineEncoding(javax.servlet.http.HttpServletRequest)>", from: base, to: result, type: java.lang.String }
 - { method: "<org.springframework.web.util.UrlPathHelper: java.lang.String decodeInternal(javax.servlet.http.HttpServletRequest,java.lang.String)>", from: 0, to: result, type: java.lang.String }
 - { method: "<org.springframework.web.util.UrlPathHelper: java.lang.String determineEncoding(javax.servlet.http.HttpServletRequest)>", from: 0, to: result, type: java.lang.String }
 - { method: "<org.springframework.web.util.UrlPathHelper: java.lang.String decodeInternal(javax.servlet.http.HttpServletRequest,java.lang.String)>", from: 0, to: base, type: org.springframework.web.util.UrlPathHelper }
 - { method: "<org.springframework.web.util.UrlPathHelper: java.lang.String decodeAndCleanUriString(javax.servlet.http.HttpServletRequest,java.lang.String)>", from: 0, to: result, type: java.lang.String }
 - { method: "<org.springframework.web.util.UrlPathHelper: java.lang.String decodeRequestString(javax.servlet.http.HttpServletRequest,java.lang.String)>", from: 0, to: base, type: org.springframework.web.util.UrlPathHelper }
 - { method: "<org.springframework.web.util.UrlPathHelper: java.lang.String getRequestUri(javax.servlet.http.HttpServletRequest)>", from: 0, to: result, type: java.lang.String }
 - { method: "<org.springframework.web.util.UrlPathHelper: java.lang.String decodeAndCleanUriString(javax.servlet.http.HttpServletRequest,java.lang.String)>", from: 0, to: base, type: org.springframework.web.util.UrlPathHelper }
 - { method: "<org.springframework.web.util.UrlPathHelper: java.lang.String getRemainingPath(java.lang.String,java.lang.String,boolean)>", from: 1, to: result, type: java.lang.String }
 - { method: "<org.springframework.web.util.UrlPathHelper: java.lang.String getRemainingPath(java.lang.String,java.lang.String,boolean)>", from: 1, to: base, type: org.springframework.web.util.UrlPathHelper }
 - { method: "<org.springframework.web.util.UrlPathHelper: java.lang.String getContextPath(javax.servlet.http.HttpServletRequest)>", from: 0, to: result, type: java.lang.String }
 - { method: "<org.springframework.mock.web.MockHttpServletRequest: java.lang.String getRequestURI()>", from: base, to: result, type: java.lang.String }
 - { method: "<org.springframework.mock.web.MockHttpServletRequest: java.lang.String getContextPath()>", from: base, to: result, type: java.lang.String }
 - { method: "<org.springframework.web.util.UrlPathHelper: java.lang.String getPathWithinApplication(javax.servlet.http.HttpServletRequest)>", from: 0, to: base, type: org.springframework.web.util.UrlPathHelper }
 - { method: "<org.springframework.web.util.UrlPathHelper: java.lang.String determineEncoding(javax.servlet.http.HttpServletRequest)>", from: 0, to: base, type: org.springframework.web.util.UrlPathHelper }
 - { method: "<org.springframework.web.util.UrlPathHelper: java.lang.String getPathWithinApplication(javax.servlet.http.HttpServletRequest)>", from: 0, to: result, type: java.lang.String }
